part,database,entity,agreement,by_L1,glottocode,family,group,macroarea,l1,n_shared
calibration,grambank,INTERLANG,0.6929,0.7177,,,,,,
calibration,grambank,all-zero (a language with none of these features),0.6653,0.6433,,,,,,
calibration,grambank,"all-mode (the majority value of every feature, by LANGUAGE)",0.7424,0.7187,,,,,,
calibration,grambank,all-mode by L1 (the population-OPTIMAL fixed vector = ceiling),0.7019,0.761,,,,,,
calibration,grambank,random real language pair (n=35067),0.6574,,,,,,,
language,grambank,Abadi,0.7043,,abad1241,Austronesian,Austronesian,Papunesia,4300.0,115.0
language,grambank,Mungbam,0.6977,,abar1238,Atlantic-Congo,Atlantic-Congo,Africa,0.0,172.0
language,grambank,Abau,0.6548,,abau1245,Sepik,Sepik,Papunesia,7270.0,84.0
language,grambank,Abé,0.8175,,abee1242,Atlantic-Congo,Atlantic-Congo,Africa,0.0,137.0
language,grambank,Abenlen Ayta,0.6705,,aben1249,Austronesian,Austronesian,Papunesia,3000.0,88.0
language,grambank,Abipon,0.5935,,abip1241,Guaicuruan,Guaicuruan,South America,0.0,123.0
language,grambank,Abkhaz,0.6111,,abkh1244,Abkhaz-Adyge,Abkhaz-Adyge,Eurasia,190110.0,180.0
language,grambank,Abu' Arapesh,0.7222,,abua1245,Nuclear Torricelli,Nuclear Torricelli,Papunesia,2560.0,162.0
language,grambank,Abui,0.6875,,abui1241,Timor-Alor-Pantar,Timor-Alor-Pantar,Papunesia,0.0,96.0
language,grambank,Abun,0.7914,,abun1252,,(isolate),Papunesia,3000.0,187.0
language,grambank,Longchuan Achang,0.8207,,acha1249,Sino-Tibetan,Sino-Tibetan,Eurasia,0.0,184.0
language,grambank,Achagua,0.6387,,acha1250,Arawakan,Arawakan,South America,514.0,119.0
language,grambank,Acheron,0.6752,,ache1245,Narrow Talodi,Narrow Talodi,Africa,0.0,117.0
language,grambank,Aché,0.6234,,ache1246,Tupian,Tupian,South America,0.0,77.0
language,grambank,Achi,0.6943,,achi1256,Mayan,Mayan,North America,0.0,157.0
language,grambank,Acehnese,0.7989,,achi1257,Austronesian,Austronesian,Papunesia,3500032.0,184.0
language,grambank,Achumawi,0.6214,,achu1247,Palaihnihan,Palaihnihan,North America,0.0,103.0
language,grambank,Achuar-Shiwiar,0.6743,,achu1248,Chicham,Chicham,South America,0.0,175.0
language,grambank,Acoli,0.7018,,acol1236,Nilotic,Nilotic,Africa,1200000.0,171.0
language,grambank,Adang,0.6893,,adan1251,Timor-Alor-Pantar,Timor-Alor-Pantar,Papunesia,3000.0,177.0
language,grambank,Adnyamathanha,0.7177,,adny1235,Pama-Nyungan,Pama-Nyungan,Australia,0.0,124.0
language,grambank,Adonara,0.8165,,adon1237,Austronesian,Austronesian,Papunesia,98000.0,158.0
language,grambank,Adzera,0.7697,,adze1240,Austronesian,Austronesian,Papunesia,30000.0,152.0
language,grambank,Aekyom,0.661,,aeky1238,Kamula-Elevala,Kamula-Elevala,Papunesia,0.0,118.0
language,grambank,Afade,0.6557,,afad1236,Afro-Asiatic,Afro-Asiatic,Africa,0.0,61.0
language,grambank,Afar,0.663,,afar1241,Afro-Asiatic,Afro-Asiatic,Africa,1600000.0,181.0
language,grambank,Aghem,0.7399,,aghe1239,Atlantic-Congo,Atlantic-Congo,Africa,0.0,173.0
language,grambank,Aghu Tharnggalu,0.7101,,aghu1254,Pama-Nyungan,Pama-Nyungan,Australia,0.0,69.0
language,grambank,Aghu,0.6707,,aghu1255,Nuclear Trans New Guinea,Nuclear Trans New Guinea,Papunesia,3000.0,167.0
language,grambank,Aghwan,0.6475,,aghw1237,Nakh-Daghestanian,Nakh-Daghestanian,Eurasia,0.0,139.0
language,grambank,Agob-Ende-Kawam,0.5968,,agob1244,Pahoturi,Pahoturi,Papunesia,0.0,186.0
language,grambank,Aguaruna,0.6402,,agua1253,Chicham,Chicham,South America,56584.0,164.0
language,grambank,Agusan Manobo,0.703,,agus1235,Austronesian,Austronesian,Papunesia,0.0,101.0
language,grambank,Agutaynen,0.7059,,agut1237,Austronesian,Austronesian,Papunesia,0.0,153.0
language,grambank,Thavung,0.875,,aheu1239,Austroasiatic,Austroasiatic,Eurasia,0.0,184.0
language,grambank,Ahin-Kayapa Kalanguya,0.5859,,ahin1234,Austronesian,Austronesian,Papunesia,0.0,99.0
language,grambank,Ahom,0.8538,,ahom1240,Tai-Kadai,Tai-Kadai,Eurasia,0.0,171.0
language,grambank,Aikanã,0.6404,,aika1237,,(isolate),South America,200.0,89.0
language,grambank,Aimele,0.6235,,aime1238,Bosavi,Bosavi,Papunesia,0.0,170.0
language,grambank,Hokkaido Ainu,0.6369,,ainu1240,Ainu,Ainu,Eurasia,10.0,168.0
language,grambank,Aiton,0.8163,,aito1238,Tai-Kadai,Tai-Kadai,Eurasia,0.0,98.0
language,grambank,Aja (Benin),0.8061,,ajab1235,Atlantic-Congo,Atlantic-Congo,Africa,1133000.0,165.0
language,grambank,Aja (South Sudan),0.752,,ajas1235,Kresh-Aja,Kresh-Aja,Africa,0.0,125.0
language,grambank,Ajië,0.7676,,ajie1238,Austronesian,Austronesian,Papunesia,5400.0,142.0
language,grambank,Ajyíninka Apurucayali,0.6269,,ajyi1238,Arawakan,Arawakan,South America,4000.0,67.0
language,grambank,Akabea,0.6739,,akab1249,Great Andamanese,Great Andamanese,Eurasia,0.0,184.0
language,grambank,Akajeru,0.6632,,akaj1239,Great Andamanese,Great Andamanese,Eurasia,0.0,95.0
language,grambank,Akei,0.7881,,akei1237,Austronesian,Austronesian,Papunesia,0.0,118.0
language,grambank,Akha,0.7778,,akha1245,Sino-Tibetan,Sino-Tibetan,Eurasia,600000.0,153.0
language,grambank,Akkadian,0.6188,,akka1240,Afro-Asiatic,Afro-Asiatic,Eurasia,0.0,160.0
language,grambank,Akoose,0.6893,,akoo1248,Atlantic-Congo,Atlantic-Congo,Africa,0.0,177.0
language,grambank,Akuntsu,0.7365,,akun1241,Tupian,Tupian,South America,0.0,167.0
language,grambank,Alabama,0.6235,,alab1237,Muskogean,Muskogean,North America,100.0,170.0
language,grambank,Alaba-K'abeena,0.6486,,alab1254,Afro-Asiatic,Afro-Asiatic,Africa,287000.0,185.0
language,grambank,Alacatlatzala Mixtec,0.6309,,alac1244,Otomanguean,Otomanguean,North America,0.0,149.0
language,grambank,Alagwa,0.6971,,alag1248,Afro-Asiatic,Afro-Asiatic,Africa,53000.0,175.0
language,grambank,Alamblak,0.5532,,alam1246,Sepik,Sepik,Papunesia,1500.0,94.0
language,grambank,Inland-Buhi-Daraga Bikol,0.7177,,alba1269,Austronesian,Austronesian,Papunesia,0.0,124.0
language,grambank,Aleut,0.5924,,aleu1260,Eskimo-Aleut,Eskimo-Aleut,North America,200.0,184.0
language,grambank,Alorese,0.8509,,alor1247,Austronesian,Austronesian,Papunesia,25000.0,161.0
language,grambank,Alsea-Yaquina,0.6345,,alse1251,,(isolate),North America,0.0,145.0
language,grambank,Alu Kurumba,0.6768,,aluk1238,Dravidian,Dravidian,Eurasia,0.0,164.0
language,grambank,Alyawarr,0.6515,,alya1239,Pama-Nyungan,Pama-Nyungan,Australia,0.0,66.0
language,grambank,Amahuaca,0.6622,,amah1246,Pano-Tacanan,Pano-Tacanan,South America,310.0,148.0
language,grambank,Amam,0.6726,,amam1246,Goilalan,Goilalan,Papunesia,0.0,168.0
language,grambank,Ama (Papua New Guinea),0.6474,,amap1240,Left May,Left May,Papunesia,0.0,156.0
language,grambank,Amara,0.7708,,amar1272,Austronesian,Austronesian,Papunesia,0.0,144.0
language,grambank,Amarakaeri,0.6939,,amar1274,Harakmbut,Harakmbut,South America,500.0,147.0
language,grambank,Ama (Sudan),0.7375,,amas1236,Nyimang,Nyimang,Africa,0.0,160.0
language,grambank,Ambonese Malay,0.8539,,ambo1250,Austronesian,contact language,Papunesia,0.0,178.0
language,grambank,Ambulas,0.6782,,ambu1247,Ndu,Ndu,Papunesia,0.0,87.0
language,grambank,Amdo Tibetan,0.7041,,amdo1237,Sino-Tibetan,Sino-Tibetan,Eurasia,810000.0,169.0
language,grambank,Amharic,0.53,,amha1245,Afro-Asiatic,Afro-Asiatic,Africa,21900000.0,100.0
language,grambank,Ami,0.5783,,amii1238,Western Daly,Western Daly,Australia,30.0,166.0
language,grambank,Amis,0.7241,,amis1246,Austronesian,Austronesian,Papunesia,215000.0,145.0
language,grambank,Amri Karbi,0.7343,,amri1238,Sino-Tibetan,Sino-Tibetan,Eurasia,0.0,143.0
language,grambank,Ancient Greek,0.586,,anci1242,Indo-European,Indo-European,Eurasia,0.0,186.0
language,grambank,Ancient Hebrew,0.6667,,anci1244,Afro-Asiatic,Afro-Asiatic,Eurasia,0.0,174.0
language,grambank,Aneityum,0.6994,,anei1239,Austronesian,Austronesian,Papunesia,0.0,173.0
language,grambank,Anem,0.6818,,anem1249,,(isolate),Papunesia,800.0,88.0
language,grambank,Anfillo,0.7692,,anfi1235,Ta-Ne-Omotic,Ta-Ne-Omotic,Africa,0.0,104.0
language,grambank,Angami Naga,0.6628,,anga1288,Sino-Tibetan,Sino-Tibetan,Eurasia,0.0,172.0
language,grambank,Angaataha,0.6905,,anga1290,Angan,Angan,Papunesia,0.0,126.0
language,grambank,Angosturas Tunebo,0.6992,,ango1257,Chibchan,Chibchan,South America,0.0,133.0
language,grambank,Anindilyakwa,0.5102,,anin1240,Gunwinyguan,Gunwinyguan,Australia,1283.0,98.0
language,grambank,Antankarana Malagasy,0.5918,,anta1255,Austronesian,Austronesian,Africa,0.0,98.0
language,grambank,Anuak,0.5,,anua1242,Nilotic,Nilotic,Africa,140000.0,70.0
language,grambank,Anufo,0.7987,,anuf1239,Atlantic-Congo,Atlantic-Congo,Africa,0.0,154.0
language,grambank,Anuta,0.75,,anut1237,Austronesian,Austronesian,Papunesia,0.0,148.0
language,grambank,Anu-Hkongso,0.7582,,anuu1241,Sino-Tibetan,Sino-Tibetan,Eurasia,0.0,182.0
language,grambank,Ao Naga,0.6667,,aona1235,Sino-Tibetan,Sino-Tibetan,Eurasia,261000.0,177.0
language,grambank,A'ou,0.8508,,aoua1234,Tai-Kadai,Tai-Kadai,Eurasia,0.0,181.0
language,grambank,Apatani,0.75,,apat1240,Sino-Tibetan,Sino-Tibetan,Eurasia,0.0,164.0
language,grambank,Apinayé,0.6897,,apin1244,Nuclear-Macro-Je,Nuclear-Macro-Je,South America,0.0,174.0
language,grambank,Apma,0.7957,,apma1240,Austronesian,Austronesian,Papunesia,7800.0,186.0
language,grambank,Ap Ma,0.7398,,apma1241,Keram,Keram,Papunesia,0.0,123.0
language,grambank,Apurinã,0.6395,,apur1254,Arawakan,Arawakan,South America,0.0,147.0
language,grambank,Arabana,0.6667,,arab1267,Pama-Nyungan,Pama-Nyungan,Australia,0.0,60.0
language,grambank,Araki,0.7742,,arak1252,Austronesian,Austronesian,Papunesia,0.0,186.0
language,grambank,Arammba,0.5909,,aram1253,Yam,Yam,Papunesia,0.0,88.0
language,grambank,Araona,0.586,,arao1248,Pano-Tacanan,Pano-Tacanan,South America,81.0,186.0
language,grambank,Arapaho,0.6778,,arap1274,Algic,Algic,North America,1000.0,180.0
language,grambank,Araweté,0.6643,,araw1273,Tupian,Tupian,South America,0.0,143.0
language,grambank,Lokono,0.6515,,araw1276,Arawakan,Arawakan,South America,2500.0,132.0
language,grambank,Arbore,0.6667,,arbo1245,Afro-Asiatic,Afro-Asiatic,Africa,7210.0,162.0
language,grambank,Archi,0.6154,,arch1244,Nakh-Daghestanian,Nakh-Daghestanian,Eurasia,970.0,143.0
language,grambank,'Are'are,0.7754,,area1240,Austronesian,Austronesian,Papunesia,18000.0,187.0
language,grambank,Are,0.76,,aree1239,Austronesian,Austronesian,Papunesia,1200.0,150.0
language,grambank,Argobba,0.6554,,argo1244,Afro-Asiatic,Afro-Asiatic,Africa,43700.0,177.0
language,grambank,Arhuaco,0.5878,,arhu1242,Chibchan,Chibchan,South America,0.0,148.0
language,grambank,Aribwatsa,0.7414,,arib1241,Austronesian,Austronesian,Papunesia,0.0,116.0
language,grambank,Arigidi,0.8088,,arig1246,Atlantic-Congo,Atlantic-Congo,Africa,0.0,136.0
language,grambank,Arikapú,0.6667,,arik1265,Nuclear-Macro-Je,Nuclear-Macro-Je,South America,0.0,78.0
language,grambank,Aromanian,0.6188,,arom1237,Indo-European,Indo-European,Eurasia,112960.0,160.0
language,grambank,Arop-Sissano,0.7452,,arop1242,Austronesian,Austronesian,Papunesia,0.0,157.0
language,grambank,Arop-Lokep,0.7436,,arop1243,Austronesian,Austronesian,Papunesia,0.0,156.0
language,grambank,Arosi,0.7926,,aros1241,Austronesian,Austronesian,Papunesia,0.0,135.0
language,grambank,Arta,0.6989,,arta1239,Austronesian,Austronesian,Papunesia,0.0,176.0
language,grambank,Asháninka,0.5057,,asha1243,Arawakan,Arawakan,South America,73567.0,87.0
language,grambank,Ashéninka Perené,0.6378,,ashe1272,Arawakan,Arawakan,South America,0.0,185.0
language,grambank,Asoa,0.8172,,asoa1238,Central Sudanic,Central Sudanic,Africa,0.0,93.0
language,grambank,Assiniboine,0.6348,,assi1247,Siouan,Siouan,North America,0.0,178.0
language,grambank,Asuri,0.7292,,asur1254,Austroasiatic,Austroasiatic,Eurasia,0.0,144.0
language,grambank,Asu (Tanzania),0.7463,,asut1235,Atlantic-Congo,Atlantic-Congo,Africa,500000.0,134.0
language,grambank,Atakapa,0.6483,,atak1252,,(isolate),North America,0.0,145.0
language,grambank,Atampaya,0.6786,,atam1239,Pama-Nyungan,Pama-Nyungan,Australia,0.0,84.0
language,grambank,Ata Manobo,0.7226,,atam1240,Austronesian,Austronesian,Papunesia,0.0,155.0
language,grambank,Atayal,0.6613,,atay1247,Austronesian,Austronesian,Papunesia,80000.0,124.0
language,grambank,Athpariya,0.6437,,athp1241,Sino-Tibetan,Sino-Tibetan,Eurasia,0.0,174.0
language,grambank,Ati,0.7706,,atii1237,Austronesian,Austronesian,Papunesia,0.0,109.0
language,grambank,Atong (India),0.6667,,aton1241,Sino-Tibetan,Sino-Tibetan,Eurasia,0.0,186.0
language,grambank,Aulua,0.7355,,aulu1238,Austronesian,Austronesian,Papunesia,0.0,155.0
language,grambank,Au,0.7566,,auuu1241,Nuclear Torricelli,Nuclear Torricelli,Papunesia,0.0,152.0
language,grambank,Auye,0.6257,,auye1238,Nuclear Trans New Guinea,Nuclear Trans New Guinea,Papunesia,0.0,171.0
language,grambank,Avá-Canoeiro,0.7347,,avac1239,Tupian,Tupian,South America,0.0,147.0
language,grambank,Avatime,0.672,,avat1244,Atlantic-Congo,Atlantic-Congo,Africa,0.0,125.0
language,grambank,Avokaya,0.7479,,avok1242,Central Sudanic,Central Sudanic,Africa,0.0,119.0
language,grambank,Awabakal,0.697,,awab1243,Pama-Nyungan,Pama-Nyungan,Australia,0.0,66.0
language,grambank,Awa-Cuaiquer,0.7152,,awac1239,Barbacoan,Barbacoan,South America,12055.0,151.0
language,grambank,Awadhi,0.7048,,awad1243,Indo-European,Indo-European,Eurasia,22000000.0,166.0
language,grambank,Awad Bing,0.6369,,awad1244,Austronesian,Austronesian,Papunesia,0.0,157.0
language,grambank,Awa (Papua New Guinea),0.6846,,awap1236,Nuclear Trans New Guinea,Nuclear Trans New Guinea,Papunesia,0.0,130.0
language,grambank,Awara,0.6212,,awar1248,Nuclear Trans New Guinea,Nuclear Trans New Guinea,Papunesia,0.0,132.0
language,grambank,Awar,0.7468,,awar1249,Lower Sepik-Ramu,Lower Sepik-Ramu,Papunesia,0.0,158.0
language,grambank,Awetí,0.6078,,awet1244,Tupian,Tupian,South America,170.0,153.0
language,grambank,Awjilah,0.6241,,awji1241,Afro-Asiatic,Afro-Asiatic,Africa,3000.0,141.0
language,grambank,Awtuw,0.5896,,awtu1239,Sepik,Sepik,Papunesia,0.0,134.0
language,grambank,Axamb,0.6791,,axam1237,Austronesian,Austronesian,Papunesia,0.0,187.0
language,grambank,Axi Yi,0.8187,,axiy1235,Sino-Tibetan,Sino-Tibetan,Eurasia,0.0,160.0
language,grambank,Ayacucho Quechua,0.6415,,ayac1239,Quechuan,Quechuan,South America,918200.0,159.0
language,grambank,Äiwoo,0.6446,,ayiw1239,Austronesian,Austronesian,Papunesia,8400.0,166.0
language,grambank,Azha,0.8345,,azha1235,Sino-Tibetan,Sino-Tibetan,Eurasia,0.0,145.0
language,grambank,Baba,0.6857,,baba1264,Atlantic-Congo,Atlantic-Congo,Africa,0.0,140.0
language,grambank,Babanki,0.6863,,baba1266,Atlantic-Congo,Atlantic-Congo,Africa,0.0,153.0
language,grambank,Baba Malay,0.8579,,baba1267,Austronesian,contact language,Eurasia,12000.0,183.0
language,grambank,Babatana,0.7612,,baba1268,Austronesian,Austronesian,Papunesia,7070.0,134.0
language,grambank,Witsuwit'en-Babine,0.6871,,babi1235,Athabaskan-Eyak-Tlingit,Athabaskan-Eyak-Tlingit,North America,175.0,163.0
language,grambank,Badaga,0.7273,,bada1257,Dravidian,Dravidian,Eurasia,134000.0,121.0
language,grambank,Bafaw-Balong,0.629,,bafa1247,Atlantic-Congo,Atlantic-Congo,Africa,0.0,124.0
language,grambank,Bafia,0.6545,,bafi1243,Atlantic-Congo,Atlantic-Congo,Africa,60000.0,165.0
language,grambank,Bafut,0.7253,,bafu1246,Atlantic-Congo,Atlantic-Congo,Africa,0.0,182.0
language,grambank,Baga Sitemu,0.6815,,baga1272,Atlantic-Congo,Atlantic-Congo,Africa,0.0,135.0
language,grambank,Baga Koga,0.6768,,baga1273,Atlantic-Congo,Atlantic-Congo,Africa,0.0,99.0
language,grambank,Bagirmi,0.7421,,bagi1246,Central Sudanic,Central Sudanic,Africa,44800.0,159.0
language,grambank,Bagvalal,0.6173,,bagv1239,Nakh-Daghestanian,Nakh-Daghestanian,Eurasia,1450.0,162.0
language,grambank,Baharna Arabic,0.6383,,baha1259,Afro-Asiatic,Afro-Asiatic,Eurasia,0.0,141.0
language,grambank,Bahamas Creole English,0.8317,,baha1260,Indo-European,contact language,North America,0.0,101.0
language,grambank,Bahing,0.7032,,bahi1252,Sino-Tibetan,Sino-Tibetan,Eurasia,0.0,155.0
language,grambank,Bahnar,0.823,,bahn1262,Austroasiatic,Austroasiatic,Eurasia,160000.0,113.0
language,grambank,Baikeno,0.6863,,baik1238,Austronesian,Austronesian,Papunesia,0.0,102.0
language,grambank,Baima,0.7622,,baim1244,Sino-Tibetan,Sino-Tibetan,Eurasia,0.0,185.0
language,grambank,Baka (Cameroon),0.7535,,baka1272,Atlantic-Congo,Atlantic-Congo,Africa,0.0,142.0
language,grambank,Baka (South Sudan),0.697,,baka1274,Central Sudanic,Central Sudanic,Africa,0.0,132.0
language,grambank,Baki,0.7534,,baki1244,Austronesian,Austronesian,Papunesia,0.0,146.0
language,grambank,Balangingi,0.7415,,bala1311,Austronesian,Austronesian,Papunesia,0.0,147.0
language,grambank,Balantak,0.7018,,bala1315,Austronesian,Austronesian,Papunesia,30000.0,171.0
language,grambank,Balade,0.6233,,bala1316,Austronesian,Austronesian,Papunesia,0.0,146.0
language,grambank,Balinese,0.6855,,bali1278,Austronesian,Austronesian,Papunesia,3300000.0,159.0
language,grambank,Loi-Likila,0.6522,,balo1261,Atlantic-Congo,Atlantic-Congo,Africa,0.0,115.0
language,grambank,Paluai,0.7135,,balu1257,Austronesian,Austronesian,Papunesia,0.0,185.0
language,grambank,Bambassi,0.4948,,bamb1262,Blue Nile Mao,Blue Nile Mao,Africa,0.0,97.0
language,grambank,Bambara,0.7273,,bamb1269,Mande,Mande,Africa,4200000.0,99.0
language,grambank,Bambam,0.6512,,bamb1270,Austronesian,Austronesian,Papunesia,0.0,129.0
language,grambank,Bamun,0.7124,,bamu1253,Atlantic-Congo,Atlantic-Congo,Africa,0.0,153.0
language,grambank,Bamwe,0.62,,bamw1238,Atlantic-Congo,Atlantic-Congo,Africa,0.0,100.0
language,grambank,Bandial,0.5181,,band1340,Atlantic-Congo,Atlantic-Congo,Africa,0.0,83.0
language,grambank,Banda-Bambari,0.7353,,band1344,Atlantic-Congo,Atlantic-Congo,Africa,0.0,170.0
language,grambank,Bobangi,0.6345,,bang1354,Atlantic-Congo,Atlantic-Congo,Africa,0.0,145.0
language,grambank,Bangime,0.7603,,bang1363,,(isolate),Africa,3500.0,121.0
language,grambank,Bangru,0.8333,,bang1369,Sino-Tibetan,Sino-Tibetan,Eurasia,0.0,144.0
language,grambank,Baniwa do Icana,0.5185,,bani1255,Arawakan,Arawakan,South America,0.0,81.0
language,grambank,Bankon,0.6438,,bank1256,Atlantic-Congo,Atlantic-Congo,Africa,0.0,73.0
language,grambank,Bannoni,0.7536,,bann1247,Austronesian,Austronesian,Papunesia,0.0,69.0
language,grambank,Bantawa,0.6416,,bant1281,Sino-Tibetan,Sino-Tibetan,Eurasia,0.0,173.0
language,grambank,Bantoanon,0.8333,,bant1288,Austronesian,Austronesian,Papunesia,150000.0,120.0
language,grambank,Baraamu,0.7423,,bara1357,Sino-Tibetan,Sino-Tibetan,Eurasia,50.0,163.0
language,grambank,Barambu,0.6341,,bara1361,Atlantic-Congo,Atlantic-Congo,Africa,0.0,123.0
language,grambank,Bara Malagasy,0.6721,,bara1369,Austronesian,Austronesian,Africa,0.0,122.0
language,grambank,Baram Kayan,0.8321,,bara1370,Austronesian,Austronesian,Papunesia,0.0,137.0
language,grambank,Barasana-Eduria,0.5968,,bara1380,Tucanoan,Tucanoan,South America,1900.0,62.0
language,grambank,Bardi,0.5889,,bard1255,Nyulnyulan,Nyulnyulan,Australia,0.0,90.0
language,grambank,Baré,0.6283,,bare1276,Arawakan,Arawakan,South America,240.0,113.0
language,grambank,Barain,0.7049,,bare1279,Afro-Asiatic,Afro-Asiatic,Africa,0.0,122.0
language,grambank,Bargam,0.6419,,barg1252,Nuclear Trans New Guinea,Nuclear Trans New Guinea,Papunesia,0.0,148.0
language,grambank,Bariai,0.7202,,bari1286,Austronesian,Austronesian,Papunesia,0.0,168.0
language,grambank,Barok,0.6899,,baro1253,Austronesian,Austronesian,Papunesia,0.0,158.0
language,grambank,Basa (Nigeria),0.7232,,basa1282,Atlantic-Congo,Atlantic-Congo,Africa,0.0,112.0
language,grambank,Basay,0.7157,,basa1287,Austronesian,Austronesian,Papunesia,0.0,102.0
language,grambank,Bashkir,0.6581,,bash1264,Turkic,Turkic,Eurasia,1200000.0,155.0
language,grambank,Basque,0.6685,,basq1248,,(isolate),Eurasia,750000.0,181.0
language,grambank,Batanga,0.6697,,bata1285,Atlantic-Congo,Atlantic-Congo,Africa,0.0,109.0
language,grambank,Batak Toba,0.7301,,bata1289,Austronesian,Austronesian,Papunesia,2000000.0,163.0
language,grambank,Batak Karo,0.6061,,bata1293,Austronesian,Austronesian,Papunesia,600000.0,99.0
language,grambank,Bats,0.6596,,bats1242,Nakh-Daghestanian,Nakh-Daghestanian,Eurasia,3420.0,141.0
language,grambank,Baure,0.6149,,baur1253,Arawakan,Arawakan,South America,0.0,161.0
language,grambank,Bauzi,0.6404,,bauz1241,Geelvink Bay,Geelvink Bay,Papunesia,0.0,89.0
language,grambank,Bawm Chin,0.7613,,bawm1236,Sino-Tibetan,Sino-Tibetan,Eurasia,0.0,155.0
language,grambank,Baybayanon,0.6897,,bayb1234,Austronesian,Austronesian,Papunesia,0.0,145.0
language,grambank,Bebele,0.7175,,bebe1248,Atlantic-Congo,Atlantic-Congo,Africa,0.0,177.0
language,grambank,Beembe,0.6159,,beem1239,Atlantic-Congo,Atlantic-Congo,Africa,0.0,138.0
language,grambank,Beja,0.4655,,beja1238,Afro-Asiatic,Afro-Asiatic,Africa,1178000.0,116.0
language,grambank,Riuk Bekati',0.75,,beka1241,Austronesian,Austronesian,Papunesia,0.0,172.0
language,grambank,Bekwarra,0.7829,,bekw1241,Atlantic-Congo,Atlantic-Congo,Africa,0.0,152.0
language,grambank,Bekwil,0.7263,,bekw1242,Atlantic-Congo,Atlantic-Congo,Africa,0.0,95.0
language,grambank,Belarusian,0.6393,,bela1254,Indo-European,Indo-European,Eurasia,7600000.0,183.0
language,grambank,Belanda Bor,0.6438,,bela1256,Nilotic,Nilotic,Africa,0.0,73.0
language,grambank,Lemeting,0.7159,,bela1260,Austronesian,Austronesian,Papunesia,0.0,88.0
language,grambank,Belhariya,0.673,,belh1239,Sino-Tibetan,Sino-Tibetan,Eurasia,0.0,159.0
language,grambank,Beli (South Sudan),0.8016,,beli1257,Central Sudanic,Central Sudanic,Africa,0.0,126.0
language,grambank,Belize Kriol English,0.9032,,beli1260,Indo-European,contact language,North America,110000.0,124.0
language,grambank,Bella Coola,0.623,,bell1243,Salishan,Salishan,North America,0.0,183.0
language,grambank,Belueli,0.6957,,belu1239,Atlantic-Congo,Atlantic-Congo,Africa,0.0,69.0
language,grambank,Bemba (Zambia),0.5943,,bemb1257,Atlantic-Congo,Atlantic-Congo,Africa,3600000.0,175.0
language,grambank,Bena (Tanzania),0.6111,,bena1262,Atlantic-Congo,Atlantic-Congo,Africa,0.0,90.0
language,grambank,Bench,0.6456,,benc1235,Ta-Ne-Omotic,Ta-Ne-Omotic,Africa,347000.0,79.0
language,grambank,Benga,0.6825,,beng1282,Atlantic-Congo,Atlantic-Congo,Africa,0.0,126.0
language,grambank,Ben Tey Dogon,0.6667,,bent1238,Dogon,Dogon,Africa,0.0,162.0
language,grambank,Berbice Creole Dutch,0.8528,,berb1259,Indo-European,contact language,South America,0.0,163.0
language,grambank,Berta,0.7043,,bert1248,,(isolate),Africa,367000.0,115.0
language,grambank,Betawi,0.7716,,beta1252,Austronesian,Austronesian,Papunesia,5000000.0,162.0
language,grambank,Betoi-Jirara,0.592,,beto1236,,(isolate),South America,0.0,125.0
language,grambank,Bezhta,0.6842,,bezh1248,Nakh-Daghestanian,Nakh-Daghestanian,Eurasia,6000.0,152.0
language,grambank,Bhojpuri,0.7758,,bhoj1244,Indo-European,Indo-European,Eurasia,52200000.0,165.0
language,grambank,Biafada,0.6975,,biaf1240,Atlantic-Congo,Atlantic-Congo,Africa,0.0,119.0
language,grambank,Biak,0.6771,,biak1248,Austronesian,Austronesian,Papunesia,0.0,96.0
language,grambank,Biangai,0.6933,,bian1252,Goilalan,Goilalan,Papunesia,0.0,150.0
language,grambank,Shidong Biao,0.8462,,biao1253,Tai-Kadai,Tai-Kadai,Eurasia,80000.0,169.0
language,grambank,Biao-Jiao Mien,0.847,,biao1254,Hmong-Mien,Hmong-Mien,Eurasia,0.0,183.0
language,grambank,Biao Mon,0.8516,,biao1256,Hmong-Mien,Hmong-Mien,Eurasia,0.0,182.0
language,grambank,Biatah Bidayuh,0.8321,,biat1246,Austronesian,Austronesian,Papunesia,0.0,131.0
language,grambank,Kanyaki-Kagbaaga-Kajoko Bidyogo,0.6119,,bidy1244,Atlantic-Congo,Atlantic-Congo,Africa,0.0,134.0
language,grambank,Bierebo,0.6704,,bier1244,Austronesian,Austronesian,Papunesia,0.0,179.0
language,grambank,Big Nambas,0.763,,bign1238,Austronesian,Austronesian,Papunesia,0.0,173.0
language,grambank,Bih,0.8908,,biha1246,Austronesian,Austronesian,Eurasia,0.0,174.0
language,grambank,Bila,0.6512,,bila1255,Atlantic-Congo,Atlantic-Congo,Africa,0.0,129.0
language,grambank,Bilibil,0.6934,,bilb1241,Austronesian,Austronesian,Papunesia,0.0,137.0
language,grambank,Bilin,0.596,,bili1260,Afro-Asiatic,Afro-Asiatic,Africa,70000.0,151.0
language,grambank,Bilua,0.6122,,bilu1245,,(isolate),Papunesia,0.0,98.0
language,grambank,Bimin,0.628,,bimi1240,Nuclear Trans New Guinea,Nuclear Trans New Guinea,Papunesia,0.0,164.0
language,grambank,Binandere,0.6759,,bina1277,Nuclear Trans New Guinea,Nuclear Trans New Guinea,Papunesia,0.0,145.0
language,grambank,Bine,0.5833,,bine1240,Eastern Trans-Fly,Eastern Trans-Fly,Papunesia,0.0,84.0
language,grambank,Bini,0.8343,,bini1246,Atlantic-Congo,Atlantic-Congo,Africa,1600000.0,169.0
language,grambank,Talaandig-Binukid,0.6923,,binu1244,Austronesian,Austronesian,Papunesia,168234.0,104.0
language,grambank,Ongota,0.6688,,bira1253,,(isolate),Africa,12.0,157.0
language,grambank,Biri,0.7447,,biri1256,Pama-Nyungan,Pama-Nyungan,Australia,0.0,141.0
language,grambank,Birri,0.693,,birr1240,Central Sudanic,Central Sudanic,Africa,0.0,114.0
language,grambank,Bislama,0.809,,bisl1239,Indo-European,contact language,Papunesia,10000.0,178.0
language,grambank,Bisu,0.7877,,bisu1244,Sino-Tibetan,Sino-Tibetan,Eurasia,0.0,179.0
language,grambank,Bit,0.8176,,bitt1240,Austroasiatic,Austroasiatic,Eurasia,0.0,148.0
language,grambank,Biwat,0.7534,,biwa1243,Yuat,Yuat,Papunesia,0.0,146.0
language,grambank,Blablanga,0.6994,,blab1237,Austronesian,Austronesian,Papunesia,0.0,163.0
language,grambank,Blang,0.8092,,blan1242,Austroasiatic,Austroasiatic,Eurasia,0.0,152.0
language,grambank,Bobongko,0.7286,,bobo1255,Austronesian,Austronesian,Papunesia,0.0,70.0
language,grambank,Bodo Gadaba,0.7313,,bodo1267,Austroasiatic,Austroasiatic,Eurasia,0.0,134.0
language,grambank,Bodo-Mech,0.6937,,bodo1269,Sino-Tibetan,Sino-Tibetan,Eurasia,1482929.0,160.0
language,grambank,Gardabani Bohtan Neo-Aramaic,0.6687,,boht1238,Afro-Asiatic,Afro-Asiatic,Eurasia,0.0,160.0
language,grambank,Bokar-Ramo,0.7891,,boka1249,Sino-Tibetan,Sino-Tibetan,Eurasia,0.0,147.0
language,grambank,Bola,0.7351,,bola1250,Austronesian,Austronesian,Papunesia,0.0,185.0
language,grambank,Bolgo,0.8205,,bolg1251,Atlantic-Congo,Atlantic-Congo,Africa,0.0,78.0
language,grambank,Boloki,0.5985,,bolo1262,Atlantic-Congo,Atlantic-Congo,Africa,0.0,137.0
language,grambank,Bolyu,0.8365,,boly1239,Austroasiatic,Austroasiatic,Eurasia,0.0,159.0
language,grambank,Bomboma,0.6325,,bomb1262,Atlantic-Congo,Atlantic-Congo,Africa,0.0,117.0
language,grambank,Bom-Kim,0.6815,,bomk1234,Atlantic-Congo,Atlantic-Congo,Africa,0.0,135.0
language,grambank,Bonan,0.6687,,bona1250,Mongolic-Khitan,Mongolic-Khitan,Eurasia,10000.0,166.0
language,grambank,Bondo,0.6621,,bond1245,Austroasiatic,Austroasiatic,Eurasia,9000.0,145.0
language,grambank,Bondei,0.6319,,bond1247,Atlantic-Congo,Atlantic-Congo,Africa,0.0,144.0
language,grambank,Bongili,0.6061,,bong1284,Atlantic-Congo,Atlantic-Congo,Africa,0.0,99.0
language,grambank,Bongo,0.7305,,bong1285,Central Sudanic,Central Sudanic,Africa,0.0,141.0
language,grambank,Bonggi,0.7431,,bong1289,Austronesian,Austronesian,Papunesia,0.0,144.0
language,grambank,Bora,0.5241,,bora1263,Boran,Boran,South America,2400.0,166.0
language,grambank,Borana-Arsi-Guji Oromo,0.5333,,bora1271,Afro-Asiatic,Afro-Asiatic,Africa,0.0,75.0
language,grambank,Border Kuna,0.6948,,bord1248,Chibchan,Chibchan,South America,0.0,154.0
language,grambank,Bori-Karko,0.6828,,bori1243,Sino-Tibetan,Sino-Tibetan,Eurasia,0.0,145.0
language,grambank,Boro (Ethiopia),0.6429,,boro1277,Ta-Ne-Omotic,Ta-Ne-Omotic,Africa,0.0,168.0
language,grambank,Bororo,0.7216,,boro1282,Bororoan,Bororoan,South America,1400.0,176.0
language,grambank,Boruca,0.7589,,boru1252,Chibchan,Chibchan,North America,0.0,112.0
language,grambank,Botolan Sambal,0.7692,,boto1242,Austronesian,Austronesian,Papunesia,0.0,169.0
language,grambank,Bouna Kulango,0.7661,,boun1243,Atlantic-Congo,Atlantic-Congo,Africa,0.0,171.0
language,grambank,Bo-Ung,0.6738,,boun1245,Nuclear Trans New Guinea,Nuclear Trans New Guinea,Papunesia,0.0,141.0
language,grambank,Bouyei,0.8352,,bouy1240,Tai-Kadai,Tai-Kadai,Eurasia,2000000.0,91.0
language,grambank,Brahui,0.6803,,brah1256,Dravidian,Dravidian,Eurasia,1800000.0,147.0
language,grambank,Breton,0.6648,,bret1244,Indo-European,Indo-European,Eurasia,107000.0,182.0
language,grambank,Bribri,0.6387,,brib1243,Chibchan,Chibchan,North America,0.0,155.0
language,grambank,Bube,0.7615,,bube1242,Atlantic-Congo,Atlantic-Congo,Africa,20000.0,130.0
language,grambank,Bubi,0.6159,,bubi1250,Atlantic-Congo,Atlantic-Congo,Africa,0.0,138.0
language,grambank,Budukh,0.6948,,budu1248,Nakh-Daghestanian,Nakh-Daghestanian,Eurasia,200.0,154.0
language,grambank,Buduma,0.6716,,budu1265,Afro-Asiatic,Afro-Asiatic,Africa,0.0,134.0
language,grambank,Budza,0.6772,,budz1238,Atlantic-Congo,Atlantic-Congo,Africa,0.0,158.0
language,grambank,Bugan,0.8516,,buga1247,Austroasiatic,Austroasiatic,Eurasia,0.0,182.0
language,grambank,Bugawac,0.7609,,buga1250,Austronesian,Austronesian,Papunesia,0.0,184.0
language,grambank,Bughotu,0.6929,,bugh1239,Austronesian,Austronesian,Papunesia,0.0,127.0
language,grambank,Buginese,0.7386,,bugi1244,Austronesian,Austronesian,Papunesia,5017800.0,176.0
language,grambank,Buglere,0.7086,,bugl1243,Chibchan,Chibchan,North America,0.0,151.0
language,grambank,Bugun,0.7526,,bugu1246,Sino-Tibetan,Sino-Tibetan,Eurasia,0.0,97.0
language,grambank,Buhutu,0.7597,,buhu1237,Austronesian,Austronesian,Papunesia,0.0,129.0
language,grambank,Bujhyal,0.655,,bujh1238,Sino-Tibetan,Sino-Tibetan,Eurasia,3900.0,171.0
language,grambank,Bukar-Sadung Bidayuh,0.7717,,buka1257,Austronesian,Austronesian,Papunesia,0.0,127.0
language,grambank,Bukiyip,0.6279,,buki1249,Nuclear Torricelli,Nuclear Torricelli,Papunesia,0.0,86.0
language,grambank,Bularnu,0.6789,,bula1255,Pama-Nyungan,Pama-Nyungan,Australia,0.0,109.0
language,grambank,Bullom So,0.6624,,bull1247,Atlantic-Congo,Atlantic-Congo,Africa,0.0,157.0
language,grambank,Bulo Stieng,0.8258,,bulo1242,Austroasiatic,Austroasiatic,Eurasia,0.0,178.0
language,grambank,Bulu (Cameroon),0.7051,,bulu1251,Atlantic-Congo,Atlantic-Congo,Africa,860000.0,156.0
language,grambank,Bunama,0.7273,,buna1276,Austronesian,Austronesian,Papunesia,0.0,121.0
language,grambank,Bunak,0.6848,,buna1278,Timor-Alor-Pantar,Timor-Alor-Pantar,Papunesia,0.0,92.0
language,grambank,Bundeli,0.7083,,bund1253,Indo-European,Indo-European,Eurasia,0.0,168.0
language,grambank,Bunun,0.6857,,bunu1267,Austronesian,Austronesian,Papunesia,38000.0,70.0
language,grambank,Buol,0.6429,,buol1237,Austronesian,Austronesian,Papunesia,0.0,112.0
language,grambank,Burarra,0.5476,,bura1267,Maningrida,Maningrida,Australia,1070.0,84.0
language,grambank,Bura-Pabir,0.8085,,bura1292,Afro-Asiatic,Afro-Asiatic,Africa,0.0,141.0
language,grambank,Bure,0.6917,,bure1242,Afro-Asiatic,Afro-Asiatic,Africa,0.0,120.0
language,grambank,Burji,0.5922,,burj1242,Afro-Asiatic,Afro-Asiatic,Africa,70100.0,179.0
language,grambank,Burmeso,0.5645,,burm1264,,(isolate),Papunesia,0.0,62.0
language,grambank,Burushaski,0.5364,,buru1296,,(isolate),Eurasia,55000.0,151.0
language,grambank,Buru (Indonesia),0.6837,,buru1303,Austronesian,Austronesian,Papunesia,32980.0,98.0
language,grambank,Burunge,0.6744,,buru1320,Afro-Asiatic,Afro-Asiatic,Africa,0.0,172.0
language,grambank,Busa,0.7791,,busa1253,Mande,Mande,Africa,0.0,163.0
language,grambank,Bushoong,0.6517,,bush1247,Atlantic-Congo,Atlantic-Congo,Africa,0.0,178.0
language,grambank,Butam,0.7368,,buta1242,Taulil-Butam,Taulil-Butam,Papunesia,0.0,76.0
language,grambank,Buwal,0.7322,,buwa1243,Afro-Asiatic,Afro-Asiatic,Africa,0.0,183.0
language,grambank,Bwaidoka,0.6419,,bwai1242,Austronesian,Austronesian,Papunesia,0.0,148.0
language,grambank,Bwatoo,0.6685,,bwat1240,Austronesian,Austronesian,Papunesia,0.0,181.0
language,grambank,Byangsi,0.7126,,byan1241,Sino-Tibetan,Sino-Tibetan,Eurasia,0.0,174.0
language,grambank,Caac,0.726,,caac1237,Austronesian,Austronesian,Papunesia,0.0,146.0
language,grambank,Cabécar,0.6136,,cabe1245,Chibchan,Chibchan,North America,0.0,132.0
language,grambank,Kakua,0.6522,,cacu1241,Kakua-Nukak,Kakua-Nukak,South America,250.0,161.0
language,grambank,Cahuilla,0.6374,,cahu1264,Uto-Aztecan,Uto-Aztecan,North America,6.0,182.0
language,grambank,Cakfem-Mushere-Jibyal,0.7651,,cakf1236,Afro-Asiatic,Afro-Asiatic,Africa,0.0,166.0
language,grambank,Calderón Highland Quichua,0.6711,,cald1236,Quechuan,Quechuan,South America,0.0,149.0
language,grambank,Camling,0.6442,,caml1239,Sino-Tibetan,Sino-Tibetan,Eurasia,0.0,163.0
language,grambank,Campidanese Sardinian,0.6914,,camp1261,Indo-European,Indo-European,Eurasia,0.0,175.0
language,grambank,Camsá,0.6639,,cams1241,,(isolate),South America,4000.0,119.0
language,grambank,Canela-Krahô,0.7006,,cane1242,Nuclear-Macro-Je,Nuclear-Macro-Je,South America,0.0,167.0
language,grambank,Cao Miao,0.8343,,caom1238,Tai-Kadai,Tai-Kadai,Eurasia,0.0,175.0
language,grambank,Capanahua,0.638,,capa1241,Pano-Tacanan,Pano-Tacanan,South America,0.0,163.0
language,grambank,Caribbean Javanese,0.7368,,cari1276,Austronesian,Austronesian,South America,60000.0,95.0
language,grambank,Car Nicobarese,0.7216,,carn1240,Austroasiatic,Austroasiatic,Eurasia,37000.0,176.0
language,grambank,Carolinian,0.6757,,caro1242,Austronesian,Austronesian,Papunesia,5700.0,148.0
language,grambank,Casiguran-Nagtipunan Agta,0.7287,,casi1235,Austronesian,Austronesian,Papunesia,0.0,129.0
language,grambank,Catawba,0.75,,cata1286,Siouan,Siouan,North America,0.0,120.0
language,grambank,Cavineña,0.6573,,cavi1250,Pano-Tacanan,Pano-Tacanan,South America,0.0,143.0
language,grambank,Cayubaba,0.7008,,cayu1262,,(isolate),South America,0.0,127.0
language,grambank,Cebuano,0.7125,,cebu1242,Austronesian,Austronesian,Papunesia,15900000.0,80.0
language,grambank,Cemuhî,0.6609,,cemu1238,Austronesian,Austronesian,Papunesia,0.0,174.0
language,grambank,Central Khmer,0.8107,,cent1989,Austroasiatic,Austroasiatic,Eurasia,16600000.0,169.0
language,grambank,Central Nicobarese,0.7469,,cent1990,Austroasiatic,Austroasiatic,Eurasia,0.0,162.0
language,grambank,Central Mnong,0.8077,,cent1992,Austroasiatic,Austroasiatic,Eurasia,0.0,182.0
language,grambank,Central Bai,0.7857,,cent2004,Sino-Tibetan,Sino-Tibetan,Eurasia,0.0,154.0
language,grambank,Central Kanuri,0.7289,,cent2050,Saharan,Saharan,Africa,9270000.0,166.0
language,grambank,Central Maewo,0.7757,,cent2058,Austronesian,Austronesian,Papunesia,0.0,107.0
language,grambank,Central Cagayan Agta,0.7365,,cent2084,Austronesian,Austronesian,Papunesia,0.0,167.0
language,grambank,Coastal-Naga Bikol,0.6974,,cent2087,Austronesian,Austronesian,Papunesia,2500000.0,152.0
language,grambank,Central Tagbanwa,0.7862,,cent2090,Austronesian,Austronesian,Papunesia,0.0,159.0
language,grambank,Central Palawano,0.6628,,cent2091,Austronesian,Austronesian,Papunesia,0.0,86.0
language,grambank,Central Dusun,0.75,,cent2100,Austronesian,Austronesian,Papunesia,180000.0,132.0
language,grambank,Central Okinawan,0.7027,,cent2126,Japonic,Japonic,Eurasia,984000.0,148.0
language,grambank,Central Alaskan Yupik,0.6129,,cent2127,Eskimo-Aleut,Eskimo-Aleut,North America,16900.0,186.0
language,grambank,Central Tarahumara,0.7294,,cent2131,Uto-Aztecan,Uto-Aztecan,North America,0.0,170.0
language,grambank,Central Sierra Miwok,0.6149,,cent2140,Miwok-Costanoan,Miwok-Costanoan,North America,12.0,161.0
language,grambank,Central Aymara,0.6209,,cent2142,Aymaran,Aymaran,South America,0.0,153.0
language,grambank,Central Tunebo,0.6601,,cent2150,Chibchan,Chibchan,South America,0.0,153.0
language,grambank,Central Bontoc,0.6608,,cent2292,Austronesian,Austronesian,Papunesia,0.0,171.0
language,grambank,Central Chong,0.8389,,cent2314,Austroasiatic,Austroasiatic,Eurasia,0.0,180.0
language,grambank,Central Mansi,0.7514,,cent2322,Uralic,Uralic,Eurasia,0.0,177.0
language,grambank,Cha'palaa,0.6322,,chac1249,Barbacoan,Barbacoan,South America,10000.0,87.0
language,grambank,Chácobo,0.5765,,chac1251,Pano-Tacanan,Pano-Tacanan,South America,600.0,170.0
language,grambank,Chadian Arabic,0.6738,,chad1249,Afro-Asiatic,Afro-Asiatic,Africa,2600000.0,141.0
language,grambank,Chak,0.7111,,chak1270,Sino-Tibetan,Sino-Tibetan,Eurasia,4000.0,180.0
language,grambank,Chakali,0.7377,,chak1271,Atlantic-Congo,Atlantic-Congo,Africa,0.0,183.0
language,grambank,Chaldean Neo-Aramaic,0.6609,,chal1275,Afro-Asiatic,Afro-Asiatic,Eurasia,0.0,174.0
language,grambank,Chamalal,0.6579,,cham1309,Nakh-Daghestanian,Nakh-Daghestanian,Eurasia,500.0,152.0
language,grambank,Chamorro,0.7238,,cham1312,Austronesian,Austronesian,Papunesia,64300.0,181.0
language,grambank,Chamacoco,0.6643,,cham1315,Zamucoan,Zamucoan,South America,2000.0,140.0
language,grambank,Chang Naga,0.6951,,chan1313,Sino-Tibetan,Sino-Tibetan,Eurasia,0.0,164.0
language,grambank,Chara,0.7448,,char1269,Ta-Ne-Omotic,Ta-Ne-Omotic,Africa,0.0,145.0
language,grambank,Chashan,0.8098,,chas1234,Sino-Tibetan,Sino-Tibetan,Eurasia,0.0,163.0
language,grambank,Chechen,0.6062,,chec1245,Nakh-Daghestanian,Nakh-Daghestanian,Eurasia,1393900.0,160.0
language,grambank,Cheke Holo,0.8012,,chek1238,Austronesian,Austronesian,Papunesia,0.0,161.0
language,grambank,Chenchu,0.7093,,chen1255,Dravidian,Dravidian,Eurasia,0.0,172.0
language,grambank,Chepang,0.6645,,chep1245,Sino-Tibetan,Sino-Tibetan,Eurasia,36807.0,155.0
language,grambank,Cherokee,0.6441,,cher1273,Iroquoian,Iroquoian,North America,12300.0,177.0
language,grambank,Cheyenne,0.6519,,chey1247,Algic,Algic,North America,2400.0,135.0
language,grambank,Chintang,0.6014,,chhi1245,Sino-Tibetan,Sino-Tibetan,Eurasia,0.0,143.0
language,grambank,Chibcha,0.6761,,chib1270,Chibchan,Chibchan,South America,0.0,142.0
language,grambank,Chickasaw,0.6414,,chic1270,Muskogean,Muskogean,North America,75.0,145.0
language,grambank,Chiga,0.5495,,chig1238,Atlantic-Congo,Atlantic-Congo,Africa,2390000.0,91.0
language,grambank,Chilcotin-Nicola,0.6875,,chil1280,Athabaskan-Eyak-Tlingit,Athabaskan-Eyak-Tlingit,North America,860.0,176.0
language,grambank,Chimariko,0.562,,chim1301,,(isolate),North America,0.0,137.0
language,grambank,Bolivar-North Chimborazo Highland Quichua,0.6429,,chim1302,Quechuan,Quechuan,South America,0.0,168.0
language,grambank,Chimila,0.6641,,chim1309,Chibchan,Chibchan,South America,0.0,131.0
language,grambank,Chimwiini,0.641,,chim1312,Atlantic-Congo,Atlantic-Congo,Africa,0.0,78.0
language,grambank,Clatsop-Shoalwater Chinook,0.6688,,chin1286,Chinookan,Chinookan,North America,0.0,157.0
language,grambank,Chippewa,0.7256,,chip1241,Algic,Algic,North America,0.0,164.0
language,grambank,Chipewyan,0.6703,,chip1261,Athabaskan-Eyak-Tlingit,Athabaskan-Eyak-Tlingit,North America,11325.0,185.0
language,grambank,Lomeriano-Ignaciano Chiquitano,0.5563,,chiq1248,Chiquitano,Chiquitano,South America,2400.0,160.0
language,grambank,Chiru,0.7378,,chir1283,Sino-Tibetan,Sino-Tibetan,Eurasia,0.0,164.0
language,grambank,Chitimacha,0.7267,,chit1248,,(isolate),North America,0.0,161.0
language,grambank,Chocangacakha,0.7167,,choc1275,Sino-Tibetan,Sino-Tibetan,Eurasia,0.0,120.0
language,grambank,Choctaw,0.5604,,choc1276,Muskogean,Muskogean,North America,9200.0,182.0
language,grambank,Cholón,0.7168,,chol1284,Hibito-Cholon,Hibito-Cholon,South America,0.0,173.0
language,grambank,Chong of Chanthaburi,0.8811,,chon1284,Austroasiatic,Austroasiatic,Eurasia,0.0,185.0
language,grambank,Chothe,0.7679,,chot1239,Sino-Tibetan,Sino-Tibetan,Eurasia,0.0,168.0
language,grambank,Chrau,0.8491,,chra1242,Austroasiatic,Austroasiatic,Eurasia,0.0,159.0
language,grambank,Duhumbi,0.6723,,chug1252,Sino-Tibetan,Sino-Tibetan,Eurasia,0.0,177.0
language,grambank,Chuj,0.6951,,chuj1250,Mayan,Mayan,North America,43370.0,164.0
language,grambank,Chukchi,0.6043,,chuk1273,Chukotko-Kamchatkan,Chukotko-Kamchatkan,Eurasia,5100.0,187.0
language,grambank,Chuukese,0.7578,,chuu1238,Austronesian,Austronesian,Papunesia,51330.0,128.0
language,grambank,Chuvash,0.6541,,chuv1255,Turkic,Turkic,Eurasia,738070.0,185.0
language,grambank,Chuwabu,0.6744,,chuw1238,Atlantic-Congo,Atlantic-Congo,Africa,0.0,172.0
language,grambank,Cicipu,0.628,,cici1237,Atlantic-Congo,Atlantic-Congo,Africa,0.0,164.0
language,grambank,Classical-Middle Armenian,0.6573,,clas1249,Indo-European,Indo-European,Eurasia,0.0,178.0
language,grambank,Classical Nahuatl,0.5593,,clas1250,Uto-Aztecan,Uto-Aztecan,North America,0.0,177.0
language,grambank,Coahuilteco,0.6452,,coah1252,,(isolate),North America,0.0,124.0
language,grambank,Coatlán Zapotec,0.7312,,coat1243,Otomanguean,Otomanguean,North America,0.0,160.0
language,grambank,Cocama-Cocamilla,0.7072,,coca1259,Tupian,Tupian,South America,250.0,181.0
language,grambank,Cochimi,0.5977,,coch1272,Cochimi-Yuman,Cochimi-Yuman,North America,0.0,87.0
language,grambank,Cocos Islands Malay,0.8353,,coco1260,Austronesian,Austronesian,Papunesia,0.0,85.0
language,grambank,Coeur d'Alene,0.7086,,coeu1236,Salishan,Salishan,North America,4.0,151.0
language,grambank,Cofán,0.6364,,cofa1242,,(isolate),South America,1700.0,132.0
language,grambank,Cogui,0.6377,,cogu1240,Chibchan,Chibchan,South America,0.0,138.0
language,grambank,Tsafiki,0.6957,,colo1256,Barbacoan,Barbacoan,South America,2300.0,138.0
language,grambank,Columbia-Wenatchi,0.686,,colu1241,Salishan,Salishan,North America,0.0,172.0
language,grambank,Comanche,0.6743,,coma1245,Uto-Aztecan,Uto-Aztecan,North America,915.0,175.0
language,grambank,Comox,0.6491,,como1259,Salishan,Salishan,North America,40.0,171.0
language,grambank,Congo Swahili,0.6038,,cong1236,Atlantic-Congo,Atlantic-Congo,Africa,1000.0,106.0
language,grambank,Hanis,0.6509,,coos1249,Coosan,Coosan,North America,0.0,169.0
language,grambank,Copala Triqui,0.681,,copa1237,Otomanguean,Otomanguean,North America,0.0,163.0
language,grambank,Coptic,0.731,,copt1239,Afro-Asiatic,Afro-Asiatic,Africa,0.0,171.0
language,grambank,Cori,0.7612,,cori1240,Atlantic-Congo,Atlantic-Congo,Africa,0.0,134.0
language,grambank,Corsican,0.6821,,cors1241,Indo-European,Indo-European,Eurasia,151000.0,173.0
language,grambank,Cosao,0.8333,,cosa1234,Sino-Tibetan,Sino-Tibetan,Eurasia,0.0,186.0
language,grambank,Cotabato Manobo,0.65,,cota1241,Austronesian,Austronesian,Papunesia,0.0,140.0
language,grambank,Cowlitz,0.6864,,cowl1242,Salishan,Salishan,North America,0.0,169.0
language,grambank,Creek,0.5843,,cree1270,Muskogean,Muskogean,North America,4300.0,178.0
language,grambank,Crimean Tatar,0.657,,crim1257,Turkic,Turkic,Eurasia,552740.0,172.0
language,grambank,Cross River Mbembe,0.75,,cros1244,Atlantic-Congo,Atlantic-Congo,Africa,0.0,156.0
language,grambank,Crow,0.6054,,crow1244,Siouan,Siouan,North America,3000.0,185.0
language,grambank,Cubeo,0.5815,,cube1242,Tucanoan,Tucanoan,South America,6300.0,184.0
language,grambank,Culina,0.6977,,culi1244,Arawan,Arawan,South America,3900.0,172.0
language,grambank,Curripaco,0.5312,,curr1243,Arawakan,Arawakan,South America,4000.0,96.0
language,grambank,Cusco Quechua,0.6625,,cusc1236,Quechuan,Quechuan,South America,1500000.0,160.0
language,grambank,Cypriot Arabic,0.6544,,cypr1248,Afro-Asiatic,Afro-Asiatic,Eurasia,140.0,136.0
language,grambank,Czech,0.6685,,czec1258,Indo-European,Indo-European,Eurasia,10700000.0,184.0
language,grambank,Daai Chin,0.6971,,daai1236,Sino-Tibetan,Sino-Tibetan,Eurasia,0.0,175.0
language,grambank,Da'a Kaili,0.7227,,daak1235,Austronesian,Austronesian,Papunesia,0.0,119.0
language,grambank,Daasanach,0.6776,,daas1238,Afro-Asiatic,Afro-Asiatic,Africa,60500.0,183.0
language,grambank,Dadibi,0.7707,,dadi1250,Teberan,Teberan,Papunesia,0.0,157.0
language,grambank,Dagbani,0.7633,,dagb1246,Atlantic-Congo,Atlantic-Congo,Africa,3160000.0,169.0
language,grambank,Dagik,0.6541,,dagi1241,Narrow Talodi,Narrow Talodi,Africa,0.0,159.0
language,grambank,Dakaka,0.743,,daka1243,Austronesian,Austronesian,Papunesia,0.0,179.0
language,grambank,Dampelas,0.7597,,damp1237,Austronesian,Austronesian,Papunesia,0.0,154.0
language,grambank,Danau,0.7616,,dana1252,Austroasiatic,Austroasiatic,Eurasia,0.0,172.0
language,grambank,Dandami Maria,0.6603,,dand1238,Dravidian,Dravidian,Eurasia,0.0,156.0
language,grambank,Danish,0.7006,,dani1285,Indo-European,Indo-European,Eurasia,5621380.0,177.0
language,grambank,Darai,0.6824,,dara1250,Indo-European,Indo-European,Eurasia,0.0,170.0
language,grambank,Dar Daju Daju,0.6966,,dard1243,Dajuic,Dajuic,Africa,0.0,89.0
language,grambank,North-Central Dargwa,0.6714,,darg1241,Nakh-Daghestanian,Nakh-Daghestanian,Eurasia,0.0,140.0
language,grambank,Darma,0.7558,,darm1243,Sino-Tibetan,Sino-Tibetan,Eurasia,0.0,172.0
language,grambank,Dagur,0.7465,,daur1238,Mongolic-Khitan,Mongolic-Khitan,Eurasia,96085.0,142.0
language,grambank,Dawro,0.7417,,dawr1236,Ta-Ne-Omotic,Ta-Ne-Omotic,Africa,0.0,151.0
language,grambank,Dâw,0.6588,,daww1239,Naduhup,Naduhup,South America,142.0,85.0
language,grambank,Dazaga,0.6379,,daza1242,Saharan,Saharan,Africa,0.0,174.0
language,grambank,Defaka,0.6986,,defa1248,Ijoid,Ijoid,Africa,0.0,73.0
language,grambank,Degema,0.7182,,dege1246,Atlantic-Congo,Atlantic-Congo,Africa,0.0,181.0
language,grambank,Dehu,0.7708,,dehu1237,Austronesian,Austronesian,Papunesia,15949.0,144.0
language,grambank,Dera (Indonesia),0.5393,,dera1245,Senagi,Senagi,Papunesia,0.0,89.0
language,grambank,Dera (Nigeria),0.6765,,dera1248,Afro-Asiatic,Afro-Asiatic,Africa,20000.0,170.0
language,grambank,Desano,0.564,,desa1247,Tucanoan,Tucanoan,South America,6000.0,172.0
language,grambank,Dhao,0.7582,,dhao1237,Austronesian,Austronesian,Papunesia,0.0,182.0
language,grambank,Dhargari,0.7067,,dhar1247,Pama-Nyungan,Pama-Nyungan,Australia,0.0,75.0
language,grambank,Dharumbal,0.6197,,dhar1248,Pama-Nyungan,Pama-Nyungan,Australia,0.0,71.0
language,grambank,Dhimal,0.7247,,dhim1246,Sino-Tibetan,Sino-Tibetan,Eurasia,0.0,178.0
language,grambank,Dibole,0.6525,,dibo1245,Atlantic-Congo,Atlantic-Congo,Africa,0.0,118.0
language,grambank,Tsez,0.6235,,dido1241,Nakh-Daghestanian,Nakh-Daghestanian,Eurasia,12467.0,162.0
language,grambank,Dieri,0.5538,,dier1241,Pama-Nyungan,Pama-Nyungan,Australia,0.0,65.0
language,grambank,Tawra,0.6959,,diga1241,Sino-Tibetan,Sino-Tibetan,Eurasia,0.0,171.0
language,grambank,Digo,0.6209,,digo1243,Atlantic-Congo,Atlantic-Congo,Africa,0.0,182.0
language,grambank,Dimasa,0.7263,,dima1251,Sino-Tibetan,Sino-Tibetan,Eurasia,0.0,179.0
language,grambank,Diriku-Shambyu,0.6336,,diri1252,Atlantic-Congo,Atlantic-Congo,Africa,0.0,131.0
language,grambank,Jaminjung-Ngaliwurru,0.6742,,djam1255,Mirndi,Mirndi,Australia,0.0,178.0
language,grambank,Djambarrpuyngu,0.5632,,djam1256,Pama-Nyungan,Pama-Nyungan,Australia,2766.0,87.0
language,grambank,Djeebbana,0.5977,,djee1236,Maningrida,Maningrida,Australia,0.0,174.0
language,grambank,Djeoromitxí,0.7019,,djeo1235,Nuclear-Macro-Je,Nuclear-Macro-Je,South America,0.0,104.0
language,grambank,Jingulu,0.65,,djin1251,Mirndi,Mirndi,Australia,0.0,160.0
language,grambank,Dobel,0.705,,dobe1238,Austronesian,Austronesian,Papunesia,2000.0,139.0
language,grambank,Dobu,0.7083,,dobu1241,Austronesian,Austronesian,Papunesia,0.0,168.0
language,grambank,Domaaki,0.7029,,doma1260,Indo-European,Indo-European,Eurasia,0.0,138.0
language,grambank,Dom,0.7052,,domm1246,Nuclear Trans New Guinea,Nuclear Trans New Guinea,Papunesia,0.0,173.0
language,grambank,Dongxiang,0.7006,,dong1285,Mongolic-Khitan,Mongolic-Khitan,Eurasia,200000.0,157.0
language,grambank,Doromu-Koki,0.6957,,doro1266,Manubaran,Manubaran,Papunesia,0.0,161.0
language,grambank,Drung,0.6207,,drun1238,Sino-Tibetan,Sino-Tibetan,Eurasia,14225.0,174.0
language,grambank,Duala,0.7121,,dual1243,Atlantic-Congo,Atlantic-Congo,Africa,0.0,132.0
language,grambank,Dumbea,0.7545,,dumb1241,Austronesian,Austronesian,Papunesia,0.0,167.0
language,grambank,Dumi,0.6708,,dumi1241,Sino-Tibetan,Sino-Tibetan,Eurasia,0.0,161.0
language,grambank,Duna,0.6782,,duna1248,,(isolate),Papunesia,0.0,87.0
language,grambank,Dupaninan Agta,0.7278,,dupa1235,Austronesian,Austronesian,Papunesia,0.0,158.0
language,grambank,Dura,0.7394,,dura1244,Sino-Tibetan,Sino-Tibetan,Eurasia,0.0,165.0
language,grambank,Duruwa,0.7155,,duru1236,Dravidian,Dravidian,Eurasia,0.0,116.0
language,grambank,Dusner,0.7542,,dusn1237,Austronesian,Austronesian,Papunesia,0.0,179.0
language,grambank,Dutch,0.6944,,dutc1256,Indo-European,Indo-European,Eurasia,23100000.0,180.0
language,grambank,Dyangadi,0.6538,,dyan1250,Pama-Nyungan,Pama-Nyungan,Australia,0.0,182.0
language,grambank,Dyirbal,0.6447,,dyir1250,Pama-Nyungan,Pama-Nyungan,Australia,8.0,76.0
language,grambank,Dyula,0.7682,,dyul1238,Mande,Mande,Africa,2700000.0,151.0
language,grambank,Dzao Min,0.8595,,dzao1238,Hmong-Mien,Hmong-Mien,Eurasia,0.0,185.0
language,grambank,Dzongkha,0.6407,,dzon1239,Sino-Tibetan,Sino-Tibetan,Eurasia,237080.0,167.0
language,grambank,Eastern Katu,0.7921,,east1236,Austroasiatic,Austroasiatic,Eurasia,0.0,101.0
language,grambank,Eastern Lawa,0.828,,east2330,Austroasiatic,Austroasiatic,Eurasia,0.0,186.0
language,grambank,Eastern Bru,0.8438,,east2332,Austroasiatic,Austroasiatic,Eurasia,0.0,128.0
language,grambank,Eastern Kayah,0.8297,,east2342,Sino-Tibetan,Sino-Tibetan,Eurasia,0.0,182.0
language,grambank,Eastern Arrernte,0.6333,,east2379,Pama-Nyungan,Pama-Nyungan,Australia,0.0,90.0
language,grambank,East Makian,0.7363,,east2440,Austronesian,Austronesian,Papunesia,20000.0,91.0
language,grambank,East Ambae,0.7299,,east2443,Austronesian,Austronesian,Papunesia,0.0,174.0
language,grambank,East Futuna,0.7598,,east2447,Austronesian,Austronesian,Papunesia,0.0,179.0
language,grambank,Eastern Penan,0.8611,,east2485,Austronesian,Austronesian,Papunesia,0.0,144.0
language,grambank,East Kewa,0.6047,,east2516,Nuclear Trans New Guinea,Nuclear Trans New Guinea,Papunesia,0.0,172.0
language,grambank,Eastern Pomo,0.641,,east2545,Pomoan,Pomoan,North America,0.0,156.0
language,grambank,Eastern Bolivian Guaraní,0.6686,,east2555,Tupian,Tupian,South America,0.0,175.0
language,grambank,Eastern Highland Otomi,0.6541,,east2556,Otomanguean,Otomanguean,North America,0.0,159.0
language,grambank,Eastern Cham,0.8523,,east2563,Austronesian,Austronesian,Eurasia,0.0,88.0
language,grambank,Eastern Egyptian Bedawi Arabic,0.6761,,east2690,Afro-Asiatic,Afro-Asiatic,Eurasia,0.0,142.0
language,grambank,Eastern Subanen,0.6389,,east2694,Austronesian,Austronesian,Papunesia,0.0,108.0
language,grambank,Eastern Newari,0.6429,,east2773,Sino-Tibetan,Sino-Tibetan,Eurasia,0.0,182.0
language,grambank,Eastern Kikongo,0.6419,,east2782,Atlantic-Congo,Atlantic-Congo,Africa,0.0,148.0
language,grambank,Ega,0.6942,,egaa1242,Atlantic-Congo,Atlantic-Congo,Africa,0.0,121.0
language,grambank,Egyptian Arabic,0.6375,,egyp1253,Afro-Asiatic,Afro-Asiatic,Africa,64600000.0,160.0
language,grambank,Eipomek,0.6989,,eipo1242,Nuclear Trans New Guinea,Nuclear Trans New Guinea,Papunesia,0.0,176.0
language,grambank,Ekari,0.5685,,ekar1243,Nuclear Trans New Guinea,Nuclear Trans New Guinea,Papunesia,0.0,146.0
language,grambank,Eleme,0.6716,,elem1253,Atlantic-Congo,Atlantic-Congo,Africa,0.0,134.0
language,grambank,Elip,0.6542,,elip1238,Atlantic-Congo,Atlantic-Congo,Africa,0.0,107.0
language,grambank,El Molo,0.7212,,elmo1238,Afro-Asiatic,Afro-Asiatic,Africa,0.0,165.0
language,grambank,El Nayar Cora,0.609,,elna1235,Uto-Aztecan,Uto-Aztecan,North America,0.0,156.0
language,grambank,Emae,0.8188,,emae1237,Austronesian,Austronesian,Papunesia,0.0,149.0
language,grambank,Emberá-Catío,0.6282,,embe1260,Chocoan,Chocoan,South America,15000.0,156.0
language,grambank,Emberá-Chamí,0.6863,,embe1262,Chocoan,Chocoan,South America,0.0,153.0
language,grambank,Panare,0.539,,enap1235,Cariban,Cariban,South America,3500.0,141.0
language,grambank,Enu,0.8324,,enuu1235,Sino-Tibetan,Sino-Tibetan,Eurasia,0.0,185.0
language,grambank,Epena,0.6424,,epen1239,Chocoan,Chocoan,South America,3802.0,151.0
language,grambank,Ersu,0.7273,,ersu1241,Sino-Tibetan,Sino-Tibetan,Eurasia,0.0,187.0
language,grambank,Erzya,0.7527,,erzy1239,Uralic,Uralic,Eurasia,96860.0,182.0
language,grambank,Esan,0.7227,,esan1238,Atlantic-Congo,Atlantic-Congo,Africa,300000.0,119.0
language,grambank,Ese,0.5571,,esee1247,Koiarian,Koiarian,Papunesia,10000.0,70.0
language,grambank,Ese Ejja,0.6464,,esee1248,Pano-Tacanan,Pano-Tacanan,South America,700.0,181.0
language,grambank,Esimbi,0.6689,,esim1238,Atlantic-Congo,Atlantic-Congo,Africa,0.0,148.0
language,grambank,Esselen,0.6887,,esse1238,,(isolate),North America,0.0,106.0
language,grambank,Estonian,0.7701,,esto1258,Uralic,Uralic,Eurasia,1164770.0,187.0
language,grambank,Eton-Mengisa,0.6018,,eton1253,Atlantic-Congo,Atlantic-Congo,Africa,250000.0,113.0
language,grambank,Etruscan,0.776,,etru1241,,(isolate),Eurasia,0.0,125.0
language,grambank,Eudeve,0.6242,,eude1234,Uto-Aztecan,Uto-Aztecan,North America,0.0,149.0
language,grambank,Evenki,0.6623,,even1259,Tungusic,Tungusic,Eurasia,15800.0,151.0
language,grambank,Even,0.6791,,even1260,Tungusic,Tungusic,Eurasia,5660.0,134.0
language,grambank,Ewe,0.6859,,ewee1241,Atlantic-Congo,Atlantic-Congo,Africa,3000000.0,156.0
language,grambank,Eyak,0.6946,,eyak1241,Athabaskan-Eyak-Tlingit,Athabaskan-Eyak-Tlingit,North America,0.0,167.0
language,grambank,Kulsab,0.7154,,fait1240,Nuclear Trans New Guinea,Nuclear Trans New Guinea,Papunesia,0.0,123.0
language,grambank,Falam Chin,0.7153,,fala1243,Sino-Tibetan,Sino-Tibetan,Eurasia,0.0,137.0
language,grambank,Farefare,0.6687,,fare1241,Atlantic-Congo,Atlantic-Congo,Africa,720000.0,166.0
language,grambank,Faroese,0.7151,,faro1244,Indo-European,Indo-European,Eurasia,69150.0,186.0
language,grambank,Momu-Fas,0.6884,,fass1245,Baibai-Fas,Baibai-Fas,Papunesia,0.0,138.0
language,grambank,Fasu,0.6783,,fasu1242,,(isolate),Papunesia,0.0,115.0
language,grambank,Fe'fe',0.7279,,fefe1239,Atlantic-Congo,Atlantic-Congo,Africa,0.0,136.0
language,grambank,Fijian,0.674,,fiji1243,Austronesian,Austronesian,Papunesia,341270.0,181.0
language,grambank,Filipino,0.7278,,fili1244,Austronesian,Austronesian,Papunesia,90000000.0,180.0
language,grambank,Filomeno Mata Totonac,0.5899,,filo1235,Totonacan,Totonacan,North America,0.0,139.0
language,grambank,Finallig,0.7179,,fina1242,Austronesian,Austronesian,Papunesia,0.0,156.0
language,grambank,Finnish,0.7326,,finn1318,Uralic,Uralic,Eurasia,5413380.0,187.0
language,grambank,Fipa,0.5259,,fipa1238,Atlantic-Congo,Atlantic-Congo,Africa,195000.0,116.0
language,grambank,Foi,0.6283,,foii1241,East Kutubu,East Kutubu,Papunesia,0.0,113.0
language,grambank,Fon,0.8066,,fonn1241,Atlantic-Congo,Atlantic-Congo,Africa,1935500.0,181.0
language,grambank,Forest Enets,0.7351,,fore1265,Uralic,Uralic,Eurasia,10.0,185.0
language,grambank,Fore,0.6989,,fore1270,Nuclear Trans New Guinea,Nuclear Trans New Guinea,Papunesia,0.0,93.0
language,grambank,Francisco León Zoque,0.6282,,fran1266,Mixe-Zoque,Mixe-Zoque,North America,0.0,156.0
language,grambank,Fulniô,0.6294,,fuln1247,,(isolate),South America,0.0,170.0
language,grambank,Fur,0.6857,,furr1244,Furan,Furan,Africa,746000.0,175.0
language,grambank,Furu,0.7398,,furu1242,Central Sudanic,Central Sudanic,Africa,0.0,123.0
language,grambank,Futuna-Aniwa,0.7065,,futu1245,Austronesian,Austronesian,Papunesia,0.0,184.0
language,grambank,Fuyug,0.7341,,fuyu1242,Goilalan,Goilalan,Papunesia,0.0,173.0
language,grambank,Ga,0.7674,,gaaa1244,Atlantic-Congo,Atlantic-Congo,Africa,745000.0,129.0
language,grambank,Gaa,0.6667,,gaaa1245,Atlantic-Congo,Atlantic-Congo,Africa,0.0,78.0
language,grambank,Gaam,0.5875,,gaam1241,Eastern Jebel,Eastern Jebel,Africa,0.0,80.0
language,grambank,Ga'anda,0.6866,,gaan1243,Afro-Asiatic,Afro-Asiatic,Africa,0.0,134.0
language,grambank,Ga'dang,0.7429,,gada1258,Austronesian,Austronesian,Papunesia,0.0,70.0
language,grambank,Gade,0.7588,,gade1242,Atlantic-Congo,Atlantic-Congo,Africa,0.0,170.0
language,grambank,Gagauz,0.6593,,gaga1249,Turkic,Turkic,Eurasia,148720.0,182.0
language,grambank,Gaagudju,0.7239,,gaga1251,,(isolate),Australia,0.0,163.0
language,grambank,Bunan,0.6096,,gahr1239,Sino-Tibetan,Sino-Tibetan,Eurasia,0.0,187.0
language,grambank,Galambu,0.7692,,gala1264,Afro-Asiatic,Afro-Asiatic,Africa,0.0,78.0
language,grambank,Galela,0.7153,,gale1259,North Halmahera,North Halmahera,Papunesia,0.0,137.0
language,grambank,Galician,0.6649,,gali1258,Indo-European,Indo-European,Eurasia,2400000.0,185.0
language,grambank,Galibi Carib,0.6566,,gali1262,Cariban,Cariban,South America,10000.0,166.0
language,grambank,Galo,0.7209,,galo1242,Sino-Tibetan,Sino-Tibetan,Eurasia,80597.0,172.0
language,grambank,Gambera,0.6935,,gamb1251,Worrorran,Worrorran,Australia,0.0,124.0
language,grambank,Gamo,0.6857,,gamo1243,Ta-Ne-Omotic,Ta-Ne-Omotic,Africa,0.0,175.0
language,grambank,Ganda,0.5845,,gand1255,Atlantic-Congo,Atlantic-Congo,Africa,4100000.0,142.0
language,grambank,Gangte,0.7528,,gang1266,Sino-Tibetan,Sino-Tibetan,Eurasia,0.0,178.0
language,grambank,Ganggalida,0.6889,,gang1267,Tangkic,Tangkic,Australia,0.0,90.0
language,grambank,Gants,0.7107,,gant1244,Nuclear Trans New Guinea,Nuclear Trans New Guinea,Papunesia,0.0,159.0
language,grambank,Gapapaiwa,0.7039,,gapa1238,Austronesian,Austronesian,Papunesia,3000.0,152.0
language,grambank,Garrwa,0.6374,,gara1269,Garrwan,Garrwan,Australia,0.0,91.0
language,grambank,Garifuna,0.5395,,gari1256,Arawakan,Arawakan,North America,190000.0,76.0
language,grambank,Garo,0.6815,,garo1247,Sino-Tibetan,Sino-Tibetan,Eurasia,1000000.0,157.0
language,grambank,Gata',0.66,,gata1239,Austroasiatic,Austroasiatic,Eurasia,0.0,150.0
language,grambank,Gayo,0.7459,,gayo1244,Austronesian,Austronesian,Papunesia,0.0,185.0
language,grambank,Kresh-Woro,0.6589,,gbay1288,Kresh-Aja,Kresh-Aja,Africa,0.0,129.0
language,grambank,Geba Karen,0.8162,,geba1237,Sino-Tibetan,Sino-Tibetan,Eurasia,40000.0,185.0
language,grambank,Gebe,0.792,,gebe1237,Austronesian,Austronesian,Papunesia,0.0,125.0
language,grambank,Gedaged,0.6667,,geda1237,Austronesian,Austronesian,Papunesia,0.0,144.0
language,grambank,Gela,0.7414,,gela1263,Austronesian,Austronesian,Papunesia,0.0,174.0
language,grambank,Geruma,0.7538,,geru1240,Afro-Asiatic,Afro-Asiatic,Africa,0.0,65.0
language,grambank,Geser-Gorom,0.7353,,gese1240,Austronesian,Austronesian,Papunesia,0.0,68.0
language,grambank,Ghadames,0.6645,,ghad1239,Afro-Asiatic,Afro-Asiatic,Africa,13100.0,152.0
language,grambank,Ghanongga,0.675,,ghan1242,Austronesian,Austronesian,Papunesia,0.0,160.0
language,grambank,Ghari,0.731,,ghar1239,Austronesian,Austronesian,Papunesia,0.0,145.0
language,grambank,Gheg Albanian,0.6611,,gheg1238,Indo-European,Indo-European,Eurasia,0.0,180.0
language,grambank,Godoberi,0.6306,,ghod1238,Nakh-Daghestanian,Nakh-Daghestanian,Eurasia,130.0,157.0
language,grambank,Ghomara,0.64,,ghom1257,Afro-Asiatic,Afro-Asiatic,Africa,0.0,150.0
language,grambank,Gidar,0.5,,gida1247,Afro-Asiatic,Afro-Asiatic,Africa,0.0,78.0
language,grambank,Giiwo,0.7059,,giiw1236,Afro-Asiatic,Afro-Asiatic,Africa,0.0,68.0
language,grambank,Gilbertese,0.7975,,gilb1244,Austronesian,Austronesian,Papunesia,116280.0,163.0
language,grambank,Amur Nivkh,0.6307,,gily1242,Nivkh,Nivkh,Eurasia,198.0,176.0
language,grambank,Girawa,0.6768,,gira1247,Nuclear Trans New Guinea,Nuclear Trans New Guinea,Papunesia,0.0,164.0
language,grambank,Giryama,0.5,,giry1241,Atlantic-Congo,Atlantic-Congo,Africa,0.0,80.0
language,grambank,Gizrra,0.6333,,gizr1240,Eastern Trans-Fly,Eastern Trans-Fly,Papunesia,0.0,90.0
language,grambank,Glavda,0.6713,,glav1244,Afro-Asiatic,Afro-Asiatic,Africa,0.0,143.0
language,grambank,Gobu,0.7647,,gobu1238,Atlantic-Congo,Atlantic-Congo,Africa,0.0,136.0
language,grambank,Goemai,0.5667,,goem1240,Afro-Asiatic,Afro-Asiatic,Africa,347005.0,90.0
language,grambank,Gofa,0.6852,,gofa1235,Ta-Ne-Omotic,Ta-Ne-Omotic,Africa,0.0,162.0
language,grambank,Gogodala,0.761,,gogo1265,Suki-Gogodala,Suki-Gogodala,Papunesia,0.0,159.0
language,grambank,Gola,0.6713,,gola1255,Atlantic-Congo,Atlantic-Congo,Africa,0.0,143.0
language,grambank,Golin,0.7381,,goli1247,Nuclear Trans New Guinea,Nuclear Trans New Guinea,Papunesia,0.0,84.0
language,grambank,Golo,0.6875,,golo1234,Atlantic-Congo,Atlantic-Congo,Africa,0.0,80.0
language,grambank,Gooniyandi,0.5579,,goon1238,Bunaban,Bunaban,Australia,100.0,95.0
language,grambank,Grass Koiari,0.6154,,gras1249,Koiarian,Koiarian,Papunesia,0.0,91.0
language,grambank,Gros Ventre,0.6387,,gros1243,Algic,Algic,North America,10.0,155.0
language,grambank,Guahibo,0.6185,,guah1255,Guahiboan,Guahiboan,South America,23006.0,173.0
language,grambank,Guambiano,0.6066,,guam1248,Barbacoan,Barbacoan,South America,20782.0,122.0
language,grambank,Khroskyabs,0.5574,,guan1266,Sino-Tibetan,Sino-Tibetan,Eurasia,0.0,183.0
language,grambank,Kotiria,0.6133,,guan1269,Tucanoan,Tucanoan,South America,2600.0,150.0
language,grambank,Baniva de Maroa,0.625,,guar1293,Arawakan,Arawakan,South America,650.0,96.0
language,grambank,Guató,0.6504,,guat1253,,(isolate),South America,4.0,123.0
language,grambank,Gubeeher-Gufangor-Gubelor,0.6301,,gube1234,Atlantic-Congo,Atlantic-Congo,Africa,0.0,173.0
language,grambank,Gude,0.7202,,gude1246,Afro-Asiatic,Afro-Asiatic,Africa,0.0,168.0
language,grambank,Central Guerrero Nahuatl,0.6183,,guer1241,Uto-Aztecan,Uto-Aztecan,North America,150000.0,131.0
language,grambank,Guerrero Amuzgo,0.657,,guer1243,Otomanguean,Otomanguean,North America,0.0,172.0
language,grambank,Gugu Badhun,0.7379,,gugu1253,Pama-Nyungan,Pama-Nyungan,Australia,0.0,145.0
language,grambank,Guugu Yimidhirr,0.7465,,gugu1255,Pama-Nyungan,Pama-Nyungan,Australia,780.0,71.0
language,grambank,Guhu-Samane,0.6543,,guhu1244,Nuclear Trans New Guinea,Nuclear Trans New Guinea,Papunesia,13000.0,162.0
language,grambank,Guiqiong,0.6882,,guiq1238,Sino-Tibetan,Sino-Tibetan,Eurasia,0.0,170.0
language,grambank,Gulf Arabic,0.6419,,gulf1241,Afro-Asiatic,Afro-Asiatic,Eurasia,0.0,148.0
language,grambank,Gumawana,0.7101,,guma1254,Austronesian,Austronesian,Papunesia,0.0,169.0
language,grambank,Northern Gumuz,0.6104,,gumu1244,Gumuz,Gumuz,Africa,219000.0,154.0
language,grambank,Bininj Kun-Wok,0.6339,,gunw1252,Gunwinyguan,Gunwinyguan,Australia,1702.0,183.0
language,grambank,Gunya,0.7135,,guny1241,Pama-Nyungan,Pama-Nyungan,Australia,0.0,171.0
language,grambank,Gurani,0.7049,,gura1251,Indo-European,Indo-European,Eurasia,40000.0,122.0
language,grambank,Gureng Gureng,0.7385,,gure1255,Pama-Nyungan,Pama-Nyungan,Australia,0.0,130.0
language,grambank,Guro,0.6667,,guro1248,Mande,Mande,Africa,0.0,126.0
language,grambank,Gurung,0.7425,,guru1261,Sino-Tibetan,Sino-Tibetan,Eurasia,0.0,167.0
language,grambank,Guruntum-Mbaaru,0.8092,,guru1271,Afro-Asiatic,Afro-Asiatic,Africa,0.0,173.0
language,grambank,Gusii,0.6606,,gusi1247,Atlantic-Congo,Atlantic-Congo,Africa,0.0,165.0
language,grambank,Gweno,0.6538,,gwen1239,Atlantic-Congo,Atlantic-Congo,Africa,0.0,130.0
language,grambank,Gyele,0.7418,,gyel1242,Atlantic-Congo,Atlantic-Congo,Africa,0.0,182.0
language,grambank,Ha,0.6796,,haaa1252,Atlantic-Congo,Atlantic-Congo,Africa,990000.0,181.0
language,grambank,Hadiyya,0.6298,,hadi1240,Afro-Asiatic,Afro-Asiatic,Africa,0.0,181.0
language,grambank,Hadza,0.6319,,hadz1240,,(isolate),Africa,800.0,182.0
language,grambank,Haitian,0.814,,hait1244,Indo-European,contact language,North America,9600000.0,172.0
language,grambank,Haka Chin,0.6543,,haka1240,Sino-Tibetan,Sino-Tibetan,Eurasia,125000.0,162.0
language,grambank,Hakka Chinese,0.854,,hakk1236,Sino-Tibetan,Sino-Tibetan,Eurasia,48200000.0,137.0
language,grambank,Halang,0.8625,,hala1252,Austroasiatic,Austroasiatic,Eurasia,0.0,80.0
language,grambank,Halh Mongolian,0.6854,,halh1238,Mongolic-Khitan,Mongolic-Khitan,Eurasia,2704030.0,178.0
language,grambank,Halia,0.7048,,hali1244,Austronesian,Austronesian,Papunesia,0.0,166.0
language,grambank,Halkomelem,0.6324,,halk1245,Salishan,Salishan,North America,0.0,185.0
language,grambank,Hamer-Banna,0.5964,,hame1242,South Omotic,South Omotic,Africa,0.0,166.0
language,grambank,Hanga Hundi,0.7097,,hang1263,Ndu,Ndu,Papunesia,0.0,155.0
language,grambank,Hani,0.8045,,hani1248,Sino-Tibetan,Sino-Tibetan,Eurasia,740000.0,179.0
language,grambank,Hano,0.7514,,hano1246,Austronesian,Austronesian,Papunesia,0.0,177.0
language,grambank,Haroi,0.9121,,haro1237,Austronesian,Austronesian,Eurasia,0.0,91.0
language,grambank,Haruai,0.7076,,haru1245,Piawi,Piawi,Papunesia,0.0,171.0
language,grambank,Hassaniyya,0.5985,,hass1238,Afro-Asiatic,Afro-Asiatic,Africa,3763900.0,137.0
language,grambank,Hatam,0.7283,,hata1243,Hatam-Mansim,Hatam-Mansim,Papunesia,0.0,92.0
language,grambank,Hausa,0.5632,,haus1257,Afro-Asiatic,Afro-Asiatic,Africa,43900000.0,87.0
language,grambank,Havasupai-Walapai-Yavapai,0.5696,,hava1248,Cochimi-Yuman,Cochimi-Yuman,North America,0.0,158.0
language,grambank,Hawaiian,0.7126,,hawa1245,Austronesian,Austronesian,Papunesia,26205.0,174.0
language,grambank,Hdi,0.5213,,hdii1240,Afro-Asiatic,Afro-Asiatic,Africa,0.0,94.0
language,grambank,Modern Hebrew,0.6625,,hebr1245,Afro-Asiatic,Afro-Asiatic,Eurasia,5353950.0,160.0
language,grambank,Hehe,0.6619,,hehe1240,Atlantic-Congo,Atlantic-Congo,Africa,0.0,139.0
language,grambank,Heiltsuk-Oowekyala,0.7227,,heil1246,Wakashan,Wakashan,North America,90.0,119.0
language,grambank,Herero,0.6222,,here1253,Atlantic-Congo,Atlantic-Congo,Africa,237000.0,180.0
language,grambank,Hertevin,0.7167,,hert1241,Afro-Asiatic,Afro-Asiatic,Eurasia,0.0,60.0
language,grambank,Hidatsa,0.538,,hida1246,Siouan,Siouan,North America,0.0,171.0
language,grambank,Hieroglyphic Luwian,0.6861,,hier1240,Indo-European,Indo-European,Eurasia,0.0,137.0
language,grambank,Highland Totonac,0.5652,,high1243,Totonacan,Totonacan,North America,0.0,115.0
language,grambank,Highland Popoluca,0.6685,,high1276,Mixe-Zoque,Mixe-Zoque,North America,36000.0,178.0
language,grambank,Highland Puebla Nahuatl,0.7143,,high1278,Uto-Aztecan,Uto-Aztecan,North America,0.0,126.0
language,grambank,Hiligaynon,0.7671,,hili1240,Austronesian,Austronesian,Papunesia,8200000.0,73.0
language,grambank,Hindi,0.6851,,hind1269,Indo-European,Indo-European,Eurasia,341000000.0,181.0
language,grambank,Hinuq,0.6105,,hinu1240,Nakh-Daghestanian,Nakh-Daghestanian,Eurasia,5.0,95.0
language,grambank,Hixkaryána,0.5519,,hixk1239,Cariban,Cariban,South America,600.0,154.0
language,grambank,Hlai,0.8737,,hlai1239,Tai-Kadai,Tai-Kadai,Eurasia,700000.0,95.0
language,grambank,Hlersu,0.875,,hler1235,Sino-Tibetan,Sino-Tibetan,Eurasia,0.0,72.0
language,grambank,Amkoe,0.7312,,hoaa1235,Kxa,Kxa,Africa,0.0,186.0
language,grambank,Hoava,0.6686,,hoav1238,Austronesian,Austronesian,Papunesia,0.0,169.0
language,grambank,Holoholo,0.5942,,holo1240,Atlantic-Congo,Atlantic-Congo,Africa,0.0,138.0
language,grambank,Hõne,0.6765,,hone1235,Atlantic-Congo,Atlantic-Congo,Africa,0.0,170.0
language,grambank,Honi,0.825,,honi1244,Sino-Tibetan,Sino-Tibetan,Eurasia,0.0,160.0
language,grambank,Ho,0.6761,,hooo1248,Austroasiatic,Austroasiatic,Eurasia,1500000.0,142.0
language,grambank,Hote,0.7436,,hote1245,Austronesian,Austronesian,Papunesia,0.0,156.0
language,grambank,Hozo,0.5647,,hozo1236,Blue Nile Mao,Blue Nile Mao,Africa,0.0,85.0
language,grambank,Hruso,0.7931,,hrus1242,,(isolate),Eurasia,0.0,87.0
language,grambank,East Taa,0.8113,,huaa1248,Tuu,Tuu,Africa,4200.0,159.0
language,grambank,Huallaga Huánuco Quechua,0.6393,,hual1241,Quechuan,Quechuan,South America,40000.0,183.0
language,grambank,Huambisa,0.6279,,huam1247,Chicham,Chicham,South America,8000.0,172.0
language,grambank,Huarijio,0.6667,,huar1255,Uto-Aztecan,Uto-Aztecan,North America,2136.0,174.0
language,grambank,Huastec,0.7143,,huas1242,Mayan,Mayan,North America,150000.0,168.0
language,grambank,Huba,0.7413,,huba1236,Afro-Asiatic,Afro-Asiatic,Africa,0.0,143.0
language,grambank,Huichol,0.6337,,huic1243,Uto-Aztecan,Uto-Aztecan,North America,47625.0,172.0
language,grambank,Hula,0.6582,,hula1239,Austronesian,Austronesian,Papunesia,3240.0,158.0
language,grambank,Hulaulá,0.7257,,hula1244,Afro-Asiatic,Afro-Asiatic,Eurasia,10000.0,175.0
language,grambank,Huli,0.6111,,huli1244,Nuclear Trans New Guinea,Nuclear Trans New Guinea,Papunesia,0.0,126.0
language,grambank,Humburi Senni Songhay,0.7875,,humb1243,Songhay,Songhay,Africa,0.0,160.0
language,grambank,Hungarian,0.6538,,hung1274,Uralic,Uralic,Eurasia,12600000.0,182.0
language,grambank,Hung,0.8222,,hung1275,Austroasiatic,Austroasiatic,Eurasia,0.0,135.0
language,grambank,Hunzib,0.6442,,hunz1247,Nakh-Daghestanian,Nakh-Daghestanian,Eurasia,1000.0,163.0
language,grambank,Hup,0.6078,,hupd1244,Naduhup,Naduhup,South America,1700.0,153.0
language,grambank,Hurrian,0.6557,,hurr1240,Hurro-Urartian,Hurro-Urartian,Eurasia,0.0,122.0
language,grambank,Hu,0.8876,,huuu1240,Austroasiatic,Austroasiatic,Eurasia,0.0,169.0
language,grambank,Hyam,0.8022,,hyam1245,Atlantic-Congo,Atlantic-Congo,Africa,300000.0,91.0
language,grambank,Iaai,0.6686,,iaai1238,Austronesian,Austronesian,Papunesia,0.0,172.0
language,grambank,Iamalele,0.7864,,iama1237,Austronesian,Austronesian,Papunesia,0.0,103.0
language,grambank,Iatmul,0.694,,iatm1242,Ndu,Ndu,Papunesia,0.0,183.0
language,grambank,Ibaloi,0.6975,,ibal1244,Austronesian,Austronesian,Papunesia,110000.0,162.0
language,grambank,Iban,0.8444,,iban1264,Austronesian,Austronesian,Papunesia,2300000.0,180.0
language,grambank,Ibanag,0.7485,,iban1267,Austronesian,Austronesian,Papunesia,400000.0,171.0
language,grambank,Ibatan,0.7337,,ibat1238,Austronesian,Austronesian,Papunesia,0.0,169.0
language,grambank,Ibibio,0.6466,,ibib1240,Atlantic-Congo,Atlantic-Congo,Africa,0.0,133.0
language,grambank,Icelandic,0.7006,,icel1247,Indo-European,Indo-European,Eurasia,358000.0,177.0
language,grambank,Ida'an,0.6742,,idaa1241,Austronesian,Austronesian,Papunesia,0.0,89.0
language,grambank,Idi-Taeme,0.6271,,idii1243,Pahoturi,Pahoturi,Papunesia,0.0,177.0
language,grambank,Idoma,0.7554,,idom1241,Atlantic-Congo,Atlantic-Congo,Africa,0.0,139.0
language,grambank,Idu,0.7569,,idum1241,Sino-Tibetan,Sino-Tibetan,Eurasia,0.0,144.0
language,grambank,Iduna,0.7093,,idun1242,Austronesian,Austronesian,Papunesia,0.0,172.0
language,grambank,Ignaciano,0.4828,,igna1246,Arawakan,Arawakan,South America,0.0,87.0
language,grambank,Ik,0.6352,,ikkk1242,Kuliak,Kuliak,Africa,0.0,159.0
language,grambank,Ila,0.7059,,ilaa1246,Atlantic-Congo,Atlantic-Congo,Africa,0.0,119.0
language,grambank,Ili'uun,0.8012,,iliu1237,Austronesian,Austronesian,Papunesia,842.0,161.0
language,grambank,Iloko,0.6,,ilok1237,Austronesian,Austronesian,Papunesia,9100000.0,90.0
language,grambank,Ilongot,0.6809,,ilon1239,Austronesian,Austronesian,Papunesia,0.0,141.0
language,grambank,Imbabura Highland Quichua,0.6793,,imba1240,Quechuan,Quechuan,South America,0.0,184.0
language,grambank,Imonda,0.5795,,imon1245,Border,Border,Papunesia,0.0,88.0
language,grambank,Indonesian,0.7391,,indo1316,Austronesian,Austronesian,Papunesia,43627550.0,92.0
language,grambank,Ineseño,0.7091,,ines1240,Chumashan,Chumashan,North America,0.0,165.0
language,grambank,Colombian Inga,0.5821,,inga1252,Quechuan,Quechuan,South America,33000.0,67.0
language,grambank,Ingrian,0.754,,ingr1248,Uralic,Uralic,Eurasia,120.0,187.0
language,grambank,Ingush,0.5886,,ingu1240,Nakh-Daghestanian,Nakh-Daghestanian,Eurasia,322900.0,158.0
language,grambank,Iquito,0.7143,,iqui1243,Zaparoan,Zaparoan,South America,35.0,112.0
language,grambank,Iranun,0.7576,,iran1262,Austronesian,Austronesian,Papunesia,0.0,132.0
language,grambank,Iraqw,0.6306,,iraq1241,Afro-Asiatic,Afro-Asiatic,Africa,460000.0,111.0
language,grambank,Irarutu,0.75,,irar1238,Austronesian,Austronesian,Papunesia,0.0,176.0
language,grambank,Iraya,0.7156,,iray1237,Austronesian,Austronesian,Papunesia,0.0,109.0
language,grambank,Irish,0.663,,iris1253,Indo-European,Indo-European,Eurasia,141000.0,181.0
language,grambank,Iron Ossetian,0.6867,,iron1242,Indo-European,Indo-European,Eurasia,0.0,166.0
language,grambank,Isconahua,0.6108,,isco1239,Pano-Tacanan,Pano-Tacanan,South America,82.0,185.0
language,grambank,Isinai,0.7551,,isin1239,Austronesian,Austronesian,Papunesia,0.0,147.0
language,grambank,Isirawa,0.6558,,isir1237,Greater Kwerba,Greater Kwerba,Papunesia,0.0,154.0
language,grambank,Island Carib,0.5432,,isla1278,Arawakan,Arawakan,North America,0.0,81.0
language,grambank,Isnag,0.8129,,isna1241,Austronesian,Austronesian,Papunesia,0.0,155.0
language,grambank,Isthmus-Cosoleacaque Nahuatl,0.7793,,isth1240,Uto-Aztecan,Uto-Aztecan,North America,0.0,145.0
language,grambank,Isthmus-Pajapan Nahuatl,0.6308,,isth1241,Uto-Aztecan,Uto-Aztecan,North America,0.0,130.0
language,grambank,Isthmus-Mecayapan Nahuatl,0.5882,,isth1242,Uto-Aztecan,Uto-Aztecan,North America,0.0,119.0
language,grambank,Italian,0.6524,,ital1282,Indo-European,Indo-European,Eurasia,64800000.0,187.0
language,grambank,Itonama,0.7037,,iton1250,,(isolate),South America,0.0,162.0
language,grambank,Itzá,0.663,,itza1241,Mayan,Mayan,North America,0.0,181.0
language,grambank,Iu Mien,0.8491,,iumi1238,Hmong-Mien,Hmong-Mien,Eurasia,820000.0,159.0
language,grambank,Itbayat,0.6864,,ivat1242,Austronesian,Austronesian,Papunesia,0.0,169.0
language,grambank,Iwaidja,0.871,,iwai1244,Iwaidjan Proper,Iwaidjan Proper,Australia,0.0,62.0
language,grambank,Iwal,0.7422,,iwal1237,Austronesian,Austronesian,Papunesia,0.0,128.0
language,grambank,Iwam,0.5784,,iwam1256,Sepik,Sepik,Papunesia,0.0,102.0
language,grambank,Iyo,0.6871,,iyoo1238,Nuclear Trans New Guinea,Nuclear Trans New Guinea,Papunesia,0.0,147.0
language,grambank,Jah Hut,0.777,,jahh1242,Austroasiatic,Austroasiatic,Eurasia,0.0,139.0
language,grambank,Jalkunan,0.7455,,jalk1242,Mande,Mande,Africa,0.0,165.0
language,grambank,Madi,0.716,,jama1261,Arawan,Arawan,South America,1080.0,162.0
language,grambank,Jamaican Creole English,0.8667,,jama1262,Indo-European,contact language,North America,3200000.0,150.0
language,grambank,Jambi Malay,0.7759,,jamb1236,Austronesian,Austronesian,Papunesia,0.0,174.0
language,grambank,Jamsay Dogon,0.6667,,jams1239,Dogon,Dogon,Africa,0.0,162.0
language,grambank,Japhug,0.5932,,japh1234,Sino-Tibetan,Sino-Tibetan,Eurasia,0.0,177.0
language,grambank,Jaqaru,0.6806,,jaqa1244,Aymaran,Aymaran,South America,448.0,144.0
language,grambank,Jarai,0.8289,,jara1266,Austronesian,Austronesian,Eurasia,262800.0,152.0
language,grambank,Javanese,0.7125,,java1254,Austronesian,Austronesian,Papunesia,68300000.0,80.0
language,grambank,Jedek,0.729,,jede1239,Austroasiatic,Austroasiatic,Eurasia,0.0,107.0
language,grambank,Jehai,0.7792,,jeha1242,Austroasiatic,Austroasiatic,Eurasia,0.0,154.0
language,grambank,Jeh,0.8182,,jehh1245,Austroasiatic,Austroasiatic,Eurasia,0.0,132.0
language,grambank,Jennu Kurumba,0.6901,,jenn1240,Dravidian,Dravidian,Eurasia,0.0,142.0
language,grambank,Jerung,0.7122,,jeru1240,Sino-Tibetan,Sino-Tibetan,Eurasia,0.0,139.0
language,grambank,Jiba,0.7009,,jiba1237,Atlantic-Congo,Atlantic-Congo,Africa,0.0,117.0
language,grambank,Jina,0.6839,,jina1244,Afro-Asiatic,Afro-Asiatic,Africa,0.0,155.0
language,grambank,Jita,0.5417,,jita1239,Atlantic-Congo,Atlantic-Congo,Africa,0.0,72.0
language,grambank,Jju,0.6951,,jjuu1238,Atlantic-Congo,Atlantic-Congo,Africa,600000.0,82.0
language,grambank,Juang,0.6319,,juan1238,Austroasiatic,Austroasiatic,Eurasia,30875.0,144.0
language,grambank,Jukun Takum,0.7821,,juku1254,Atlantic-Congo,Atlantic-Congo,Africa,0.0,179.0
language,grambank,Jur Modo,0.7566,,jurm1239,Central Sudanic,Central Sudanic,Africa,0.0,152.0
language,grambank,Kabardian,0.6168,,kaba1278,Abkhaz-Adyge,Abkhaz-Adyge,Eurasia,1600000.0,167.0
language,grambank,Kaba,0.7673,,kaba1281,Central Sudanic,Central Sudanic,Africa,0.0,159.0
language,grambank,Kabyle,0.5714,,kaby1243,Afro-Asiatic,Afro-Asiatic,Africa,5586000.0,63.0
language,grambank,Southern Jinghpaw,0.7152,,kach1280,Sino-Tibetan,Sino-Tibetan,Eurasia,940000.0,165.0
language,grambank,Kachama-Ganjule-Haro,0.6961,,kach1284,Ta-Ne-Omotic,Ta-Ne-Omotic,Africa,0.0,181.0
language,grambank,Kadar,0.7248,,kada1242,Dravidian,Dravidian,Eurasia,0.0,149.0
language,grambank,Kado,0.7416,,kado1242,Sino-Tibetan,Sino-Tibetan,Eurasia,0.0,178.0
language,grambank,Kafa,0.7593,,kafa1242,Ta-Ne-Omotic,Ta-Ne-Omotic,Africa,1500000.0,162.0
language,grambank,Kagayanen,0.7256,,kaga1256,Austronesian,Austronesian,Papunesia,30000.0,164.0
language,grambank,Ut-Main,0.5952,,kagf1238,Atlantic-Congo,Atlantic-Congo,Africa,0.0,84.0
language,grambank,Kagulu,0.7542,,kagu1239,Atlantic-Congo,Atlantic-Congo,Africa,0.0,179.0
language,grambank,Kaike,0.6932,,kaik1246,Sino-Tibetan,Sino-Tibetan,Eurasia,0.0,176.0
language,grambank,Kairiru,0.7286,,kair1263,Austronesian,Austronesian,Papunesia,3200.0,70.0
language,grambank,Kaki Ae,0.7218,,kaki1249,,(isolate),Papunesia,0.0,133.0
language,grambank,Kala Lagaw Ya,0.5426,,kala1377,Pama-Nyungan,Pama-Nyungan,Australia,957.0,94.0
language,grambank,Kalanga,0.6624,,kala1384,Atlantic-Congo,Atlantic-Congo,Africa,0.0,157.0
language,grambank,Kalagan,0.7055,,kala1388,Austronesian,Austronesian,Papunesia,0.0,146.0
language,grambank,Kalaallisut,0.6171,,kala1399,Eskimo-Aleut,Eskimo-Aleut,North America,56200.0,175.0
language,grambank,Central Kalapuya,0.694,,kala1400,Kalapuyan,Kalapuyan,North America,0.0,134.0
language,grambank,Kalispel-Pend d'Oreille,0.6968,,kali1308,Salishan,Salishan,North America,0.0,155.0
language,grambank,Kalkutung,0.6579,,kalk1246,Pama-Nyungan,Pama-Nyungan,Australia,0.0,152.0
language,grambank,Oirad-Kalmyk-Darkhat,0.6815,,kalm1243,Mongolic-Khitan,Mongolic-Khitan,Eurasia,431800.0,157.0
language,grambank,Kaluli,0.6957,,kalu1248,Bosavi,Bosavi,Papunesia,0.0,92.0
language,grambank,Kamasau,0.7143,,kama1367,Nuclear Torricelli,Nuclear Torricelli,Papunesia,0.0,91.0
language,grambank,Kamano,0.7143,,kama1370,Nuclear Trans New Guinea,Nuclear Trans New Guinea,Papunesia,0.0,112.0
language,grambank,Kamba (Kenya),0.6325,,kamb1297,Atlantic-Congo,Atlantic-Congo,Africa,3893000.0,166.0
language,grambank,Kambera,0.7066,,kamb1299,Austronesian,Austronesian,Papunesia,240000.0,167.0
language,grambank,Kambaata,0.6535,,kamb1316,Afro-Asiatic,Afro-Asiatic,Africa,890000.0,127.0
language,grambank,Kam,0.7283,,kamm1249,Atlantic-Congo,Atlantic-Congo,Africa,5000.0,184.0
language,grambank,Kamoro,0.5934,,kamo1255,Nuclear Trans New Guinea,Nuclear Trans New Guinea,Papunesia,8000.0,91.0
language,grambank,Kamula,0.7119,,kamu1260,Kamula-Elevala,Kamula-Elevala,Papunesia,0.0,177.0
language,grambank,Kanakanavu,0.75,,kana1286,Austronesian,Austronesian,Papunesia,4.0,140.0
language,grambank,Kanasi,0.7528,,kana1288,Dagan,Dagan,Papunesia,0.0,89.0
language,grambank,Kanite,0.6897,,kani1286,Nuclear Trans New Guinea,Nuclear Trans New Guinea,Papunesia,0.0,145.0
language,grambank,Kankanaey,0.6744,,kank1243,Austronesian,Austronesian,Papunesia,0.0,172.0
language,grambank,Kaonde,0.6174,,kaon1241,Atlantic-Congo,Atlantic-Congo,Africa,0.0,115.0
language,grambank,Kapingamarangi,0.6714,,kapi1249,Austronesian,Austronesian,Papunesia,0.0,70.0
language,grambank,Kaqchikel,0.7232,,kaqc1270,Mayan,Mayan,North America,500000.0,177.0
language,grambank,Karadjeri,0.6462,,kara1476,Pama-Nyungan,Pama-Nyungan,Australia,0.0,65.0
language,grambank,Kara (Central African Republic),0.7063,,kara1482,Central Sudanic,Central Sudanic,Africa,0.0,143.0
language,grambank,Kara (Papua New Guinea),0.7544,,kara1486,Austronesian,Austronesian,Papunesia,0.0,171.0
language,grambank,Karao,0.6842,,kara1487,Austronesian,Austronesian,Papunesia,2000.0,152.0
language,grambank,Kalamang,0.7526,,kara1499,West Bomberai,West Bomberai,Papunesia,0.0,97.0
language,grambank,Karajá,0.6686,,kara1500,Nuclear-Macro-Je,Nuclear-Macro-Je,South America,0.0,169.0
language,grambank,Hills Karbi,0.6711,,karb1241,Sino-Tibetan,Sino-Tibetan,Eurasia,0.0,149.0
language,grambank,Kare (Central African Republic),0.8146,,kare1338,Atlantic-Congo,Atlantic-Congo,Africa,0.0,151.0
language,grambank,Kariri,0.7018,,kari1254,,(isolate),South America,0.0,171.0
language,grambank,Kari,0.6486,,kari1306,Atlantic-Congo,Atlantic-Congo,Africa,0.0,74.0
language,grambank,Karitiâna,0.6818,,kari1311,Tupian,Tupian,South America,0.0,154.0
language,grambank,Karkar-Yuri,0.5469,,kark1258,Pauwasi,Pauwasi,Papunesia,0.0,128.0
language,grambank,Karnai,0.8175,,karn1252,Austronesian,Austronesian,Papunesia,0.0,137.0
language,grambank,Karok,0.6962,,karo1304,,(isolate),North America,12.0,158.0
language,grambank,Kashmiri,0.6648,,kash1277,Indo-European,Indo-European,Eurasia,6900000.0,176.0
language,grambank,Kaska,0.6742,,kask1239,Athabaskan-Eyak-Tlingit,Athabaskan-Eyak-Tlingit,North America,0.0,132.0
language,grambank,Avava,0.7557,,katb1237,Austronesian,Austronesian,Papunesia,0.0,176.0
language,grambank,Katso,0.7978,,kats1235,Sino-Tibetan,Sino-Tibetan,Eurasia,0.0,178.0
language,grambank,Kaulong,0.6977,,kaul1240,Austronesian,Austronesian,Papunesia,4000.0,86.0
language,grambank,Kaure-Narau,0.6,,kaur1271,Kaure-Kosare,Kaure-Kosare,Papunesia,0.0,60.0
language,grambank,Kavalan,0.6875,,kava1241,Austronesian,Austronesian,Papunesia,70.0,144.0
language,grambank,Kawi,0.7459,,kawi1241,Austronesian,Austronesian,Papunesia,0.0,122.0
language,grambank,Kayan Lahwi,0.7968,,kaya1315,Sino-Tibetan,Sino-Tibetan,Eurasia,0.0,187.0
language,grambank,Kayardild,0.5652,,kaya1319,Tangkic,Tangkic,Australia,8.0,92.0
language,grambank,Keapara,0.6707,,keap1239,Austronesian,Austronesian,Papunesia,0.0,167.0
language,grambank,Kedang,0.7226,,keda1252,Austronesian,Austronesian,Papunesia,0.0,155.0
language,grambank,Keiga,0.6972,,keig1242,Kadugli-Krongo,Kadugli-Krongo,Africa,0.0,142.0
language,grambank,Kele-Foma,0.6393,,kele1255,Atlantic-Congo,Atlantic-Congo,Africa,0.0,122.0
language,grambank,Kele (Papua New Guinea),0.7986,,kele1258,Austronesian,Austronesian,Papunesia,0.0,144.0
language,grambank,Keley-i Kallahan,0.6994,,kele1259,Austronesian,Austronesian,Papunesia,0.0,163.0
language,grambank,Klon,0.6292,,kelo1247,Timor-Alor-Pantar,Timor-Alor-Pantar,Papunesia,0.0,89.0
language,grambank,Mateq,0.7594,,kemb1249,Austronesian,Austronesian,Papunesia,0.0,187.0
language,grambank,Kemezung,0.7385,,keme1240,Atlantic-Congo,Atlantic-Congo,Africa,0.0,130.0
language,grambank,Kenga,0.7143,,keng1240,Central Sudanic,Central Sudanic,Africa,0.0,119.0
language,grambank,Kensiu,0.879,,kens1248,Austroasiatic,Austroasiatic,Eurasia,0.0,157.0
language,grambank,Kenuzi-Dongola,0.6828,,kenu1236,Nubian,Nubian,Africa,0.0,186.0
language,grambank,Kéo,0.8389,,keoo1238,Austronesian,Austronesian,Papunesia,40000.0,180.0
language,grambank,Keerak,0.561,,kera1248,Atlantic-Congo,Atlantic-Congo,Africa,0.0,123.0
language,grambank,Kera,0.6901,,kera1255,Afro-Asiatic,Afro-Asiatic,Africa,0.0,171.0
language,grambank,Kerinci,0.8033,,keri1250,Austronesian,Austronesian,Papunesia,0.0,122.0
language,grambank,Kesawai,0.6685,,kesa1244,Nuclear Trans New Guinea,Nuclear Trans New Guinea,Papunesia,0.0,181.0
language,grambank,Ket,0.6292,,kett1243,Yeniseian,Yeniseian,Eurasia,150.0,178.0
language,grambank,Kgalagadi,0.6832,,kgal1244,Atlantic-Congo,Atlantic-Congo,Africa,0.0,161.0
language,grambank,Khakas,0.6687,,khak1248,Turkic,Turkic,Eurasia,42604.0,163.0
language,grambank,Khaling,0.6646,,khal1275,Sino-Tibetan,Sino-Tibetan,Eurasia,15000.0,161.0
language,grambank,Khams Tibetan,0.6667,,kham1282,Sino-Tibetan,Sino-Tibetan,Eurasia,1500000.0,177.0
language,grambank,Kháng,0.8199,,khan1274,Austroasiatic,Austroasiatic,Eurasia,0.0,161.0
language,grambank,Southern Tangkhul Naga,0.7547,,khan1277,Sino-Tibetan,Sino-Tibetan,Eurasia,0.0,159.0
language,grambank,Khana,0.7318,,khan1278,Atlantic-Congo,Atlantic-Congo,Africa,0.0,179.0
language,grambank,Kharia,0.6766,,khar1287,Austroasiatic,Austroasiatic,Eurasia,0.0,167.0
language,grambank,Kharam Naga,0.7333,,khar1288,Sino-Tibetan,Sino-Tibetan,Eurasia,0.0,165.0
language,grambank,Khasi,0.8208,,khas1269,Austroasiatic,Austroasiatic,Eurasia,843000.0,173.0
language,grambank,Khezha Naga,0.7256,,khez1235,Sino-Tibetan,Sino-Tibetan,Eurasia,0.0,164.0
language,grambank,Khinalug,0.6531,,khin1240,Nakh-Daghestanian,Nakh-Daghestanian,Eurasia,1000.0,147.0
language,grambank,Khmu,0.8688,,khmu1256,Austroasiatic,Austroasiatic,Eurasia,480000.0,160.0
language,grambank,Khumi Chin,0.7008,,khum1248,Sino-Tibetan,Sino-Tibetan,Eurasia,0.0,127.0
language,grambank,Khwarshi-Inkhoqwari,0.6543,,khva1239,Nakh-Daghestanian,Nakh-Daghestanian,Eurasia,1740.0,162.0
language,grambank,K'iche',0.7052,,kich1262,Mayan,Mayan,North America,2000000.0,173.0
language,grambank,Kikuyu,0.6579,,kiku1240,Atlantic-Congo,Atlantic-Congo,Africa,6623000.0,152.0
language,grambank,Kilen,0.7033,,kile1243,Tungusic,Tungusic,Eurasia,0.0,182.0
language,grambank,Kilivila,0.6778,,kili1267,Austronesian,Austronesian,Papunesia,0.0,180.0
language,grambank,Kimaragang,0.6512,,kima1244,Austronesian,Austronesian,Papunesia,0.0,86.0
language,grambank,Kimaama,0.7912,,kima1246,Kolopom,Kolopom,Papunesia,0.0,91.0
language,grambank,Kim Mun,0.8516,,kimm1245,Hmong-Mien,Hmong-Mien,Eurasia,0.0,182.0
language,grambank,Kim,0.832,,kimm1246,Atlantic-Congo,Atlantic-Congo,Africa,0.0,125.0
language,grambank,Kinaray-a,0.7194,,kina1250,Austronesian,Austronesian,Papunesia,0.0,139.0
language,grambank,Kinnauri,0.6778,,kinn1249,Sino-Tibetan,Sino-Tibetan,Eurasia,0.0,180.0
language,grambank,Kiowa,0.6294,,kiow1266,Kiowa-Tanoan,Kiowa-Tanoan,North America,20.0,170.0
language,grambank,Kipsigis,0.6779,,kips1239,Nilotic,Nilotic,Africa,0.0,149.0
language,grambank,Klamath-Modoc,0.6667,,klam1254,,(isolate),North America,0.0,156.0
language,grambank,Kobon,0.6522,,kobo1249,Nuclear Trans New Guinea,Nuclear Trans New Guinea,Papunesia,0.0,92.0
language,grambank,Kodava,0.6782,,koda1255,Dravidian,Dravidian,Eurasia,200000.0,174.0
language,grambank,Koho,0.8276,,koho1244,Austroasiatic,Austroasiatic,Eurasia,0.0,174.0
language,grambank,Koireng,0.7067,,koir1240,Sino-Tibetan,Sino-Tibetan,Eurasia,0.0,150.0
language,grambank,Koitabu,0.7081,,koit1244,Koiarian,Koiarian,Papunesia,0.0,161.0
language,grambank,Kokata,0.7591,,koka1244,Pama-Nyungan,Pama-Nyungan,Australia,0.0,137.0
language,grambank,Kokota,0.7033,,koko1269,Austronesian,Austronesian,Papunesia,530.0,182.0
language,grambank,Kola,0.7219,,kola1285,Austronesian,Austronesian,Papunesia,2750.0,151.0
language,grambank,Kolbila,0.7235,,kolb1240,Atlantic-Congo,Atlantic-Congo,Africa,0.0,170.0
language,grambank,Kol (Cameroon),0.6951,,kolc1235,Atlantic-Congo,Atlantic-Congo,Africa,0.0,164.0
language,grambank,Kol (Papua New Guinea),0.6593,,kolp1236,,(isolate),Papunesia,0.0,91.0
language,grambank,Koluwawa,0.7564,,kolu1245,Austronesian,Austronesian,Papunesia,0.0,156.0
language,grambank,Kombai,0.7356,,komb1274,Nuclear Trans New Guinea,Nuclear Trans New Guinea,Papunesia,0.0,174.0
language,grambank,Kom (Cameroon),0.649,,komc1235,Atlantic-Congo,Atlantic-Congo,Africa,0.0,151.0
language,grambank,Komi-Zyrian,0.7318,,komi1268,Uralic,Uralic,Eurasia,156000.0,179.0
language,grambank,Komi-Permyak,0.6839,,komi1269,Uralic,Uralic,Eurasia,63100.0,174.0
language,grambank,Kom (India),0.6646,,komi1270,Sino-Tibetan,Sino-Tibetan,Eurasia,0.0,161.0
language,grambank,Komo (Democratic Republic of Congo),0.7846,,komo1260,Atlantic-Congo,Atlantic-Congo,Africa,0.0,130.0
language,grambank,Konai,0.6889,,kona1242,East Strickland,East Strickland,Papunesia,0.0,180.0
language,grambank,Konkan Marathi,0.6532,,konk1267,Indo-European,Indo-European,Eurasia,0.0,173.0
language,grambank,Konso,0.4405,,kons1243,Afro-Asiatic,Afro-Asiatic,Africa,240000.0,84.0
language,grambank,Konyak Naga,0.7219,,kony1248,Sino-Tibetan,Sino-Tibetan,Eurasia,0.0,169.0
language,grambank,Konzo,0.6693,,konz1239,Atlantic-Congo,Atlantic-Congo,Africa,609000.0,127.0
language,grambank,South-Central Koongo,0.5676,,koon1244,Atlantic-Congo,Atlantic-Congo,Africa,0.0,148.0
language,grambank,Koonzime,0.7132,,koon1245,Atlantic-Congo,Atlantic-Congo,Africa,0.0,129.0
language,grambank,Koorete,0.6527,,koor1239,Ta-Ne-Omotic,Ta-Ne-Omotic,Africa,159200.0,167.0
language,grambank,Korafe-Yegha,0.6087,,kora1294,Nuclear Trans New Guinea,Nuclear Trans New Guinea,Papunesia,0.0,92.0
language,grambank,Korean,0.661,,kore1280,Koreanic,Koreanic,Eurasia,77300000.0,177.0
language,grambank,Koreguaje,0.5507,,kore1283,Tucanoan,Tucanoan,South America,2100.0,69.0
language,grambank,Korku,0.6508,,kork1243,Austroasiatic,Austroasiatic,Eurasia,478000.0,126.0
language,grambank,Koromfé,0.7158,,koro1298,Atlantic-Congo,Atlantic-Congo,Africa,0.0,183.0
language,grambank,Korowai,0.6848,,koro1312,Nuclear Trans New Guinea,Nuclear Trans New Guinea,Papunesia,0.0,92.0
language,grambank,Koromira,0.5565,,koro1313,South Bougainville,South Bougainville,Papunesia,0.0,124.0
language,grambank,Korra Koraga,0.7087,,korr1238,Dravidian,Dravidian,Eurasia,0.0,127.0
language,grambank,Kosarek Yale,0.677,,kosa1249,Nuclear Trans New Guinea,Nuclear Trans New Guinea,Papunesia,0.0,161.0
language,grambank,Kosraean,0.7473,,kosr1238,Austronesian,Austronesian,Papunesia,8000.0,182.0
language,grambank,Kota (India),0.6867,,kota1263,Dravidian,Dravidian,Eurasia,0.0,150.0
language,grambank,Koti,0.6457,,koti1238,Atlantic-Congo,Atlantic-Congo,Africa,0.0,175.0
language,grambank,Kovai,0.6824,,kova1243,Nuclear Trans New Guinea,Nuclear Trans New Guinea,Papunesia,0.0,85.0
language,grambank,Kove,0.7283,,kove1237,Austronesian,Austronesian,Papunesia,0.0,173.0
language,grambank,Koya,0.7164,,koya1251,Dravidian,Dravidian,Eurasia,0.0,134.0
language,grambank,Koyra Chiini Songhay,0.8137,,koyr1240,Songhay,Songhay,Africa,0.0,161.0
language,grambank,Koyraboro Senni Songhai,0.7453,,koyr1242,Songhay,Songhay,Africa,0.0,161.0
language,grambank,Koy Sanjaq Jewish Neo-Aramaic,0.7037,,koys1242,Afro-Asiatic,Afro-Asiatic,Eurasia,0.0,162.0
language,grambank,Krenak,0.7207,,kren1239,Nuclear-Macro-Je,Nuclear-Macro-Je,South America,0.0,111.0
language,grambank,I'saka,0.7158,,kris1246,Sko,Sko,Papunesia,0.0,95.0
language,grambank,Krongo,0.3836,,kron1241,Kadugli-Krongo,Kadugli-Krongo,Africa,0.0,73.0
language,grambank,Kryz,0.6688,,kryt1240,Nakh-Daghestanian,Nakh-Daghestanian,Eurasia,10000.0,157.0
language,grambank,Kuanyama,0.6242,,kuan1247,Atlantic-Congo,Atlantic-Congo,Africa,247000.0,165.0
language,grambank,Kuanua,0.7485,,kuan1248,Austronesian,Austronesian,Papunesia,61000.0,167.0
language,grambank,Kui (India),0.5505,,kuii1252,Dravidian,Dravidian,Eurasia,0.0,109.0
language,grambank,Kuikúro-Kalapálo,0.619,,kuik1246,Cariban,Cariban,South America,1000.0,168.0
language,grambank,Kuku-Yalanji,0.6949,,kuku1273,Pama-Nyungan,Pama-Nyungan,Australia,388.0,177.0
language,grambank,Kuku-Uwanh,0.7133,,kuku1280,Pama-Nyungan,Pama-Nyungan,Australia,0.0,150.0
language,grambank,Kulon-Pazeh,0.7481,,kulo1237,Austronesian,Austronesian,Papunesia,0.0,135.0
language,grambank,Kulung (Nepal),0.6296,,kulu1253,Sino-Tibetan,Sino-Tibetan,Eurasia,0.0,162.0
language,grambank,Nêlêmwa-Nixumwak,0.6484,,kuma1276,Austronesian,Austronesian,Papunesia,0.0,182.0
language,grambank,Kuman,0.7279,,kuma1280,Nuclear Trans New Guinea,Nuclear Trans New Guinea,Papunesia,0.0,147.0
language,grambank,Kumbainggar,0.6576,,kumb1268,Pama-Nyungan,Pama-Nyungan,Australia,90.0,184.0
language,grambank,Kumzari,0.7073,,kumz1235,Indo-European,Indo-European,Eurasia,0.0,164.0
language,grambank,Kunama,0.7006,,kuna1268,,(isolate),Africa,0.0,157.0
language,grambank,Kunbarlang,0.6648,,kunb1251,Gunwinyguan,Gunwinyguan,Australia,0.0,182.0
language,grambank,Kungarakany,0.7089,,kung1259,,(isolate),Australia,0.0,79.0
language,grambank,Kunimaipa,0.7117,,kuni1267,Goilalan,Goilalan,Papunesia,0.0,163.0
language,grambank,Kunjen,0.7484,,kunj1245,Pama-Nyungan,Pama-Nyungan,Australia,0.0,155.0
language,grambank,Kunza,0.7429,,kunz1244,,(isolate),South America,0.0,70.0
language,grambank,Kuot,0.6095,,kuot1243,,(isolate),Papunesia,0.0,169.0
language,grambank,Kupang Malay,0.8447,,kupa1239,Austronesian,Austronesian,Papunesia,0.0,161.0
language,grambank,Kurrama,0.6883,,kurr1243,Pama-Nyungan,Pama-Nyungan,Australia,0.0,154.0
language,grambank,Kurtokha,0.734,,kurt1248,Sino-Tibetan,Sino-Tibetan,Eurasia,15000.0,94.0
language,grambank,Kusaghe-Njela,0.6647,,kusa1251,Austronesian,Austronesian,Papunesia,0.0,170.0
language,grambank,Kusunda,0.7006,,kusu1250,,(isolate),Eurasia,7.0,167.0
language,grambank,Kutep,0.7898,,kute1248,Atlantic-Congo,Atlantic-Congo,Africa,0.0,157.0
language,grambank,Kutenai,0.7302,,kute1249,,(isolate),North America,100.0,126.0
language,grambank,Kuvi,0.58,,kuvi1243,Dravidian,Dravidian,Eurasia,350000.0,100.0
language,grambank,Kuy,0.8675,,kuyy1240,Austroasiatic,Austroasiatic,Eurasia,488900.0,166.0
language,grambank,Kwaio,0.7446,,kwai1243,Austronesian,Austronesian,Papunesia,0.0,184.0
language,grambank,Gwama,0.7195,,kwam1249,Koman,Koman,Africa,319.0,164.0
language,grambank,Kwamera,0.6864,,kwam1252,Austronesian,Austronesian,Papunesia,0.0,169.0
language,grambank,Kwara'ae,0.7753,,kwar1239,Austronesian,Austronesian,Papunesia,0.0,178.0
language,grambank,Kwaza,0.6382,,kwaz1243,,(isolate),South America,54.0,152.0
language,grambank,Kwegu,0.7871,,kweg1241,Surmic,Surmic,Africa,0.0,155.0
language,grambank,Kwini,0.6859,,kwin1241,Worrorran,Worrorran,Australia,0.0,156.0
language,grambank,Kwoma,0.7976,,kwom1262,Sepik,Sepik,Papunesia,0.0,168.0
language,grambank,Kxoe,0.6344,,kxoe1243,Khoe-Kwadi,Khoe-Kwadi,Africa,0.0,186.0
language,grambank,Kyerung,0.6292,,kyer1238,Sino-Tibetan,Sino-Tibetan,Eurasia,0.0,178.0
language,grambank,Laal,0.6577,,laal1242,,(isolate),Africa,749.0,149.0
language,grambank,Label,0.7,,labe1239,Austronesian,Austronesian,Papunesia,0.0,70.0
language,grambank,Ninde,0.7692,,labo1244,Austronesian,Austronesian,Papunesia,0.0,117.0
language,grambank,Labu,0.8188,,labu1248,Austronesian,Austronesian,Papunesia,0.0,149.0
language,grambank,Labuk-Kinabatangan Kadazan,0.75,,labu1249,Austronesian,Austronesian,Papunesia,0.0,100.0
language,grambank,Lachi,0.8634,,lach1248,Tai-Kadai,Tai-Kadai,Eurasia,0.0,161.0
language,grambank,Lafofa,0.6765,,lafo1243,,(isolate),Africa,0.0,68.0
language,grambank,Lagwan,0.6899,,lagw1237,Afro-Asiatic,Afro-Asiatic,Africa,10000.0,158.0
language,grambank,Lahu Shi,0.7724,,lahu1252,Sino-Tibetan,Sino-Tibetan,Eurasia,0.0,145.0
language,grambank,Lahu,0.7904,,lahu1253,Sino-Tibetan,Sino-Tibetan,Eurasia,450000.0,167.0
language,grambank,Laiyolo,0.7119,,laiy1246,Austronesian,Austronesian,Papunesia,0.0,118.0
language,grambank,Lak,0.6513,,lakk1252,Nakh-Daghestanian,Nakh-Daghestanian,Eurasia,154820.0,152.0
language,grambank,Lala-Bisa,0.6458,,lala1264,Atlantic-Congo,Atlantic-Congo,Africa,580000.0,144.0
language,grambank,Lala,0.7333,,lala1268,Austronesian,Austronesian,Papunesia,0.0,180.0
language,grambank,Lamaholot,0.7159,,lama1277,Austronesian,Austronesian,Papunesia,180000.0,176.0
language,grambank,Lamang,0.5652,,lama1288,Afro-Asiatic,Afro-Asiatic,Africa,0.0,138.0
language,grambank,Lambadi,0.6424,,lamb1269,Indo-European,Indo-European,Eurasia,6000000.0,151.0
language,grambank,Lambya,0.616,,lamb1272,Atlantic-Congo,Atlantic-Congo,Africa,0.0,125.0
language,grambank,Lamboya,0.7556,,lamb1273,Austronesian,Austronesian,Papunesia,25000.0,135.0
language,grambank,Lamenu,0.7438,,lame1260,Austronesian,Austronesian,Papunesia,0.0,121.0
language,grambank,Lamkang,0.7143,,lamk1238,Sino-Tibetan,Sino-Tibetan,Eurasia,0.0,168.0
language,grambank,Lamogai,0.8015,,lamo1244,Austronesian,Austronesian,Papunesia,0.0,131.0
language,grambank,Landoma,0.6439,,land1256,Atlantic-Congo,Atlantic-Congo,Africa,15000.0,132.0
language,grambank,Langi,0.6707,,lang1320,Atlantic-Congo,Atlantic-Congo,Africa,0.0,167.0
language,grambank,Lango (Uganda),0.6163,,lang1324,Nilotic,Nilotic,Africa,2100000.0,86.0
language,grambank,Lao,0.8737,,laoo1244,Tai-Kadai,Tai-Kadai,Eurasia,5225552.0,95.0
language,grambank,Laragia,0.6346,,lara1258,,(isolate),Australia,23.0,104.0
language,grambank,Larantuka Malay,0.8148,,lara1260,Austronesian,Austronesian,Papunesia,20000.0,162.0
language,grambank,Lardil,0.5604,,lard1243,Tangkic,Tangkic,Australia,0.0,91.0
language,grambank,Lashi,0.779,,lash1243,Sino-Tibetan,Sino-Tibetan,Eurasia,30000.0,181.0
language,grambank,Latin,0.6,,lati1261,Indo-European,Indo-European,Eurasia,0.0,185.0
language,grambank,Latvian,0.6648,,latv1249,Indo-European,Indo-European,Eurasia,0.0,179.0
language,grambank,Lau,0.7536,,lauu1247,Austronesian,Austronesian,Papunesia,0.0,138.0
language,grambank,Laven,0.815,,lave1248,Austroasiatic,Austroasiatic,Eurasia,28000.0,173.0
language,grambank,Brao,0.8655,,lave1249,Austroasiatic,Austroasiatic,Eurasia,0.0,119.0
language,grambank,Lavukaleve,0.5575,,lavu1241,,(isolate),Papunesia,1783.0,174.0
language,grambank,Laz,0.6933,,lazz1240,Kartvelian,Kartvelian,Eurasia,250000.0,163.0
language,grambank,Leco,0.6987,,leco1242,,(isolate),South America,0.0,156.0
language,grambank,Lega-Shabunda,0.6552,,lega1249,Atlantic-Congo,Atlantic-Congo,Africa,0.0,145.0
language,grambank,Lega-Mwenga,0.687,,lega1250,Atlantic-Congo,Atlantic-Congo,Africa,0.0,115.0
language,grambank,Lelepa,0.7234,,lele1267,Austronesian,Austronesian,Papunesia,0.0,141.0
language,grambank,Lele (Papua New Guinea),0.7346,,lele1270,Austronesian,Austronesian,Papunesia,0.0,162.0
language,grambank,Lele (Chad),0.7134,,lele1276,Afro-Asiatic,Afro-Asiatic,Africa,0.0,157.0
language,grambank,Lembena,0.6766,,lemb1266,Nuclear Trans New Guinea,Nuclear Trans New Guinea,Papunesia,0.0,167.0
language,grambank,Lemerig,0.8176,,leme1238,Austronesian,Austronesian,Papunesia,0.0,159.0
language,grambank,Lenakel,0.6952,,lena1238,Austronesian,Austronesian,Papunesia,0.0,187.0
language,grambank,Lendu,0.7386,,lend1245,Central Sudanic,Central Sudanic,Africa,26000.0,153.0
language,grambank,Lengo,0.7455,,leng1259,Austronesian,Austronesian,Papunesia,0.0,165.0
language,grambank,Lepcha,0.6686,,lepc1244,Sino-Tibetan,Sino-Tibetan,Eurasia,66500.0,169.0
language,grambank,Lese,0.6463,,lese1243,Central Sudanic,Central Sudanic,Africa,0.0,147.0
language,grambank,Leti (Indonesia),0.7576,,leti1246,Austronesian,Austronesian,Papunesia,0.0,165.0
language,grambank,Lewo,0.7665,,lewo1242,Austronesian,Austronesian,Papunesia,0.0,167.0
language,grambank,Lewotobi,0.7901,,lewo1244,Austronesian,Austronesian,Papunesia,6000.0,181.0
language,grambank,Lezgian,0.6667,,lezg1247,Nakh-Daghestanian,Nakh-Daghestanian,Eurasia,633610.0,186.0
language,grambank,Liangmai Naga,0.7559,,lian1251,Sino-Tibetan,Sino-Tibetan,Eurasia,0.0,127.0
language,grambank,Libinza,0.6484,,libi1244,Atlantic-Congo,Atlantic-Congo,Africa,0.0,128.0
language,grambank,Libyan Arabic,0.5975,,liby1240,Afro-Asiatic,Afro-Asiatic,Africa,4320500.0,159.0
language,grambank,Lihir,0.7206,,lihi1237,Austronesian,Austronesian,Papunesia,0.0,136.0
language,grambank,Lijili,0.7688,,liji1238,Atlantic-Congo,Atlantic-Congo,Africa,0.0,173.0
language,grambank,Liko,0.6815,,lika1243,Atlantic-Congo,Atlantic-Congo,Africa,0.0,157.0
language,grambank,Balobo,0.625,,liki1240,Atlantic-Congo,Atlantic-Congo,Africa,0.0,96.0
language,grambank,Lillooet,0.6484,,lill1248,Salishan,Salishan,North America,0.0,182.0
language,grambank,Limbu,0.6617,,limb1266,Sino-Tibetan,Sino-Tibetan,Eurasia,40835.0,133.0
language,grambank,Limos Kalinga,0.6273,,limo1248,Austronesian,Austronesian,Papunesia,0.0,110.0
language,grambank,Limonese Creole,0.8551,,limo1249,Indo-European,contact language,North America,0.0,138.0
language,grambank,Kinshasa Lingala,0.589,,ling1263,Atlantic-Congo,contact language,Africa,20000000.0,73.0
language,grambank,Neverver,0.7961,,ling1265,Austronesian,Austronesian,Papunesia,0.0,152.0
language,grambank,Lipo,0.7609,,lipo1242,Sino-Tibetan,Sino-Tibetan,Eurasia,0.0,184.0
language,grambank,Lishanid Noshan,0.6647,,lish1245,Afro-Asiatic,Afro-Asiatic,Eurasia,0.0,170.0
language,grambank,Lithuanian,0.6576,,lith1251,Indo-European,Indo-European,Eurasia,4000000.0,184.0
language,grambank,Litoka,0.6129,,lito1235,Atlantic-Congo,Atlantic-Congo,Africa,0.0,93.0
language,grambank,Naman,0.7416,,litz1237,Austronesian,Austronesian,Papunesia,0.0,178.0
language,grambank,Livvi,0.7487,,livv1243,Uralic,Uralic,Eurasia,30770.0,187.0
language,grambank,Liv,0.7688,,livv1244,Uralic,Uralic,Eurasia,0.0,186.0
language,grambank,Lobala,0.6596,,loba1239,Atlantic-Congo,Atlantic-Congo,Africa,0.0,94.0
language,grambank,Logo,0.747,,logo1259,Central Sudanic,Central Sudanic,Africa,0.0,166.0
language,grambank,Lokaa,0.7419,,loka1252,Atlantic-Congo,Atlantic-Congo,Africa,0.0,155.0
language,grambank,Lolopo,0.7921,,lolo1259,Sino-Tibetan,Sino-Tibetan,Eurasia,0.0,178.0
language,grambank,Loma (Liberia),0.6136,,loma1260,Mande,Mande,Africa,0.0,88.0
language,grambank,Lombard,0.6503,,lomb1257,Indo-European,Indo-European,Eurasia,3900000.0,183.0
language,grambank,Longgu,0.7347,,long1395,Austronesian,Austronesian,Papunesia,0.0,147.0
language,grambank,Loniu,0.7222,,loni1238,Austronesian,Austronesian,Papunesia,0.0,180.0
language,grambank,Lonwolwol,0.7603,,lonw1238,Austronesian,Austronesian,Papunesia,0.0,121.0
language,grambank,Lote,0.7661,,lote1237,Austronesian,Austronesian,Papunesia,0.0,171.0
language,grambank,Lotha Naga,0.7643,,loth1237,Sino-Tibetan,Sino-Tibetan,Eurasia,179467.0,157.0
language,grambank,Lotud,0.8189,,lotu1250,Austronesian,Austronesian,Papunesia,0.0,127.0
language,grambank,Loup A,0.6299,,loup1243,Algic,Algic,North America,0.0,127.0
language,grambank,Lou,0.787,,louu1245,Austronesian,Austronesian,Papunesia,1000.0,169.0
language,grambank,Tanudan Kalinga,0.5968,,lowe1412,Austronesian,Austronesian,Papunesia,0.0,62.0
language,grambank,Lower Chehalis,0.6831,,lowe1427,Salishan,Salishan,North America,0.0,142.0
language,grambank,Lowland Oaxaca Chontal,0.744,,lowl1260,Tequistlatecan,Tequistlatecan,North America,0.0,168.0
language,grambank,Lowland Tarahumara,0.6646,,lowl1265,Uto-Aztecan,Uto-Aztecan,North America,0.0,161.0
language,grambank,Lozi,0.6977,,lozi1239,Atlantic-Congo,Atlantic-Congo,Africa,600000.0,129.0
language,grambank,Luang,0.7349,,luan1263,Austronesian,Austronesian,Papunesia,0.0,166.0
language,grambank,Lubuagan Kalinga,0.7259,,lubu1243,Austronesian,Austronesian,Papunesia,0.0,135.0
language,grambank,Luchazi,0.5769,,luch1239,Atlantic-Congo,Atlantic-Congo,Africa,0.0,130.0
language,grambank,Ludian,0.7622,,ludi1246,Uralic,Uralic,Eurasia,3000.0,185.0
language,grambank,Lugbara,0.7278,,lugb1240,Central Sudanic,Central Sudanic,Africa,0.0,158.0
language,grambank,Luguru,0.6118,,lugu1238,Atlantic-Congo,Atlantic-Congo,Africa,692000.0,170.0
language,grambank,Luiseno-Juaneño,0.68,,luis1253,Uto-Aztecan,Uto-Aztecan,North America,0.0,175.0
language,grambank,Lule,0.7376,,lule1238,,(isolate),South America,0.0,141.0
language,grambank,Lule Saami,0.7487,,lule1254,Uralic,Uralic,Eurasia,700.0,187.0
language,grambank,Lumbu,0.6403,,lumb1249,Atlantic-Congo,Atlantic-Congo,Africa,0.0,139.0
language,grambank,Lumun,0.6927,,lumu1239,Narrow Talodi,Narrow Talodi,Africa,0.0,179.0
language,grambank,Lunda,0.6345,,lund1266,Atlantic-Congo,Atlantic-Congo,Africa,0.0,145.0
language,grambank,Lundayeh,0.837,,lund1271,Austronesian,Austronesian,Papunesia,0.0,135.0
language,grambank,Luo (Kenya and Tanzania),0.7175,,luok1236,Nilotic,Nilotic,Africa,3000000.0,177.0
language,grambank,Lusengo,0.5794,,luse1252,Atlantic-Congo,Atlantic-Congo,Africa,0.0,126.0
language,grambank,Mizo,0.7011,,lush1249,Sino-Tibetan,Sino-Tibetan,Eurasia,500000.0,174.0
language,grambank,Northern Lushootseed,0.6552,,lush1252,Salishan,Salishan,North America,0.0,174.0
language,grambank,Lusi,0.7214,,lusi1240,Austronesian,Austronesian,Papunesia,0.0,140.0
language,grambank,Luvale,0.5776,,luva1239,Atlantic-Congo,Atlantic-Congo,Africa,0.0,161.0
language,grambank,Luyi,0.7108,,luya1241,Atlantic-Congo,Atlantic-Congo,Africa,0.0,166.0
language,grambank,Ma'anyan,0.7261,,maan1238,Austronesian,Austronesian,Papunesia,150000.0,157.0
language,grambank,Maasina Fulfulde,0.5781,,maas1239,Atlantic-Congo,Atlantic-Congo,Africa,0.0,128.0
language,grambank,Mabaale,0.5826,,maba1270,Atlantic-Congo,Atlantic-Congo,Africa,0.0,115.0
language,grambank,Maba (Chad),0.622,,maba1277,Maban,Maban,Africa,296000.0,164.0
language,grambank,Macedonian,0.6923,,mace1250,Indo-European,Indo-European,Eurasia,2000000.0,182.0
language,grambank,Machiguenga,0.5495,,mach1267,Arawakan,Arawakan,South America,6200.0,91.0
language,grambank,Maco,0.6,,maco1239,Saliban,Saliban,South America,2500.0,155.0
language,grambank,Macushi,0.6667,,macu1259,Cariban,Cariban,South America,9600.0,63.0
language,grambank,Macuna,0.6118,,macu1260,Tucanoan,Tucanoan,South America,1032.0,170.0
language,grambank,Madak,0.6959,,mada1285,Austronesian,Austronesian,Papunesia,0.0,171.0
language,grambank,Ma'di,0.7006,,madi1260,Central Sudanic,Central Sudanic,Africa,0.0,177.0
language,grambank,Madngele,0.7619,,madn1237,Eastern Daly,Eastern Daly,Australia,0.0,147.0
language,grambank,Tirax,0.7389,,maee1241,Austronesian,Austronesian,Papunesia,0.0,180.0
language,grambank,Mafea,0.6977,,mafe1237,Austronesian,Austronesian,Papunesia,0.0,129.0
language,grambank,Magahi,0.7328,,maga1260,Indo-European,Indo-European,Eurasia,20700000.0,131.0
language,grambank,Magdalena Peñasco Mixtec,0.7202,,magd1235,Otomanguean,Otomanguean,North America,7400.0,168.0
language,grambank,Maguindanao,0.7222,,magu1243,Austronesian,Austronesian,Papunesia,1100000.0,126.0
language,grambank,Maiani,0.6184,,maia1253,Nuclear Trans New Guinea,Nuclear Trans New Guinea,Papunesia,0.0,76.0
language,grambank,Maia,0.7273,,maia1254,Nuclear Trans New Guinea,Nuclear Trans New Guinea,Papunesia,4400.0,77.0
language,grambank,Maybrat-Karon,0.6886,,maib1239,,(isolate),Papunesia,0.0,167.0
language,grambank,Mailu,0.7232,,mail1248,Mailuan,Mailuan,Papunesia,0.0,177.0
language,grambank,Maisin,0.6726,,mais1250,Austronesian,Austronesian,Papunesia,2600.0,168.0
language,grambank,Maithili,0.7586,,mait1250,Indo-European,Indo-European,Eurasia,33900000.0,174.0
language,grambank,Majang,0.6603,,maja1242,Surmic,Surmic,Africa,18500.0,156.0
language,grambank,Makaa,0.6711,,maka1304,Atlantic-Congo,Atlantic-Congo,Africa,0.0,152.0
language,grambank,Makasar,0.622,,maka1311,Austronesian,Austronesian,Papunesia,1600000.0,82.0
language,grambank,Mak (China),0.8795,,makc1235,Tai-Kadai,Tai-Kadai,Eurasia,0.0,166.0
language,grambank,Makhuwa,0.6667,,makh1264,Atlantic-Congo,Atlantic-Congo,Africa,7430000.0,162.0
language,grambank,Makhuwa-Saka,0.6556,,makh1266,Atlantic-Congo,Atlantic-Congo,Africa,0.0,151.0
language,grambank,Makonde,0.6346,,mako1251,Atlantic-Congo,Atlantic-Congo,Africa,1700000.0,156.0
language,grambank,Makwe,0.5732,,makw1236,Atlantic-Congo,Atlantic-Congo,Africa,119700.0,82.0
language,grambank,Malavedan,0.7628,,mala1463,Dravidian,Dravidian,Eurasia,0.0,156.0
language,grambank,Malayalam,0.6413,,mala1464,Dravidian,Dravidian,Eurasia,37100000.0,184.0
language,grambank,Colloquial Malay,0.8243,,mala1479,Austronesian,Austronesian,Eurasia,0.0,148.0
language,grambank,Manado Malay,0.7791,,mala1481,Austronesian,Austronesian,Papunesia,850000.0,172.0
language,grambank,Malayo,0.62,,mala1522,Chibchan,Chibchan,South America,1850.0,150.0
language,grambank,Malaweg,0.6387,,mala1534,Austronesian,Austronesian,Papunesia,0.0,119.0
language,grambank,Male (Ethiopia),0.6897,,male1284,Ta-Ne-Omotic,Ta-Ne-Omotic,Africa,94700.0,174.0
language,grambank,Maleu-Kilenge,0.7432,,male1289,Austronesian,Austronesian,Papunesia,0.0,148.0
language,grambank,Maléku Jaíka,0.6889,,male1297,Chibchan,Chibchan,North America,0.0,180.0
language,grambank,Malgwa,0.7301,,malg1251,Afro-Asiatic,Afro-Asiatic,Africa,0.0,163.0
language,grambank,Mali,0.551,,mali1284,Baining,Baining,Papunesia,0.0,98.0
language,grambank,Malinaltepec Me'phaa,0.641,,mali1285,Otomanguean,Otomanguean,North America,0.0,156.0
language,grambank,Tamambo,0.7033,,malo1243,Austronesian,Austronesian,Papunesia,0.0,182.0
language,grambank,Maltese,0.6364,,malt1254,Afro-Asiatic,Afro-Asiatic,Eurasia,570000.0,165.0
language,grambank,Malua Bay,0.7879,,malu1245,Austronesian,Austronesian,Papunesia,600.0,165.0
language,grambank,Mamanwa,0.7466,,mama1275,Austronesian,Austronesian,Papunesia,0.0,146.0
language,grambank,Mambai,0.7284,,mamb1294,Atlantic-Congo,Atlantic-Congo,Africa,0.0,162.0
language,grambank,Mambwe-Lungu,0.7279,,mamb1296,Atlantic-Congo,Atlantic-Congo,Africa,674000.0,136.0
language,grambank,Mambae,0.8148,,mamb1306,Austronesian,Austronesian,Papunesia,130000.0,162.0
language,grambank,Mam,0.6744,,mamm1241,Mayan,Mayan,North America,0.0,172.0
language,grambank,Mamvu,0.6818,,mamv1243,Central Sudanic,Central Sudanic,Africa,0.0,132.0
language,grambank,Manange,0.7228,,mana1288,Sino-Tibetan,Sino-Tibetan,Eurasia,0.0,184.0
language,grambank,Manam,0.6331,,mana1295,Austronesian,Austronesian,Papunesia,0.0,169.0
language,grambank,Manambu,0.5753,,mana1298,Ndu,Ndu,Papunesia,0.0,186.0
language,grambank,Mandarin Chinese,0.8396,,mand1415,Sino-Tibetan,Sino-Tibetan,Eurasia,918000000.0,187.0
language,grambank,Manda-Matumba,0.675,,mand1423,Atlantic-Congo,Atlantic-Congo,Africa,0.0,80.0
language,grambank,Mandinka,0.75,,mand1436,Mande,Mande,Africa,1350000.0,132.0
language,grambank,Mandara,0.7294,,mand1440,Austronesian,Austronesian,Papunesia,0.0,170.0
language,grambank,Mang,0.7961,,mang1378,Austroasiatic,Austroasiatic,Eurasia,0.0,152.0
language,grambank,Mangarrayi,0.6196,,mang1381,Mangarrayi-Maran,Mangarrayi-Maran,Australia,0.0,184.0
language,grambank,Mangbetu,0.5933,,mang1394,Central Sudanic,Central Sudanic,Africa,0.0,150.0
language,grambank,Mangareva,0.7485,,mang1401,Austronesian,Austronesian,Papunesia,0.0,167.0
language,grambank,Mangseng,0.7484,,mang1403,Austronesian,Austronesian,Papunesia,0.0,159.0
language,grambank,Mangga Buang,0.8417,,mang1404,Austronesian,Austronesian,Papunesia,0.0,120.0
language,grambank,Manggarai,0.7826,,mang1405,Austronesian,Austronesian,Papunesia,900000.0,161.0
language,grambank,Sougb,0.6949,,mani1235,East Bird's Head,East Bird's Head,Papunesia,0.0,118.0
language,grambank,Man Met,0.8414,,manm1238,Austroasiatic,Austroasiatic,Eurasia,0.0,145.0
language,grambank,Mann,0.7167,,mann1248,Mande,Mande,Africa,0.0,120.0
language,grambank,Mansim,0.8169,,mans1260,Hatam-Mansim,Hatam-Mansim,Papunesia,0.0,71.0
language,grambank,Mansaka,0.6992,,mans1262,Austronesian,Austronesian,Papunesia,58000.0,123.0
language,grambank,Manusela,0.7,,manu1258,Austronesian,Austronesian,Papunesia,0.0,100.0
language,grambank,Maonan,0.7912,,maon1241,Tai-Kadai,Tai-Kadai,Eurasia,30000.0,91.0
language,grambank,Maori,0.7322,,maor1246,Austronesian,Austronesian,Papunesia,213849.0,183.0
language,grambank,Mapos Buang,0.7964,,mapo1242,Austronesian,Austronesian,Papunesia,0.0,167.0
language,grambank,Mapudungun,0.694,,mapu1245,Araucanian,Araucanian,South America,300000.0,183.0
language,grambank,Marathi,0.6484,,mara1378,Indo-European,Indo-European,Eurasia,83100000.0,182.0
language,grambank,Maram Naga,0.6813,,mara1379,Sino-Tibetan,Sino-Tibetan,Eurasia,0.0,160.0
language,grambank,Mara Chin,0.7208,,mara1382,Sino-Tibetan,Sino-Tibetan,Eurasia,400000.0,154.0
language,grambank,Marra,0.5444,,mara1385,Mangarrayi-Maran,Mangarrayi-Maran,Australia,0.0,90.0
language,grambank,Maranunggu,0.7126,,mara1386,Western Daly,Western Daly,Australia,15.0,167.0
language,grambank,Mararit,0.6404,,mara1396,Tamaic,Tamaic,Africa,0.0,89.0
language,grambank,Maragus,0.7952,,mara1399,Austronesian,Austronesian,Papunesia,0.0,166.0
language,grambank,Maranao,0.8,,mara1404,Austronesian,Austronesian,Papunesia,780000.0,125.0
language,grambank,Margany,0.7518,,marg1253,Pama-Nyungan,Pama-Nyungan,Australia,0.0,137.0
language,grambank,Marghi Central,0.6836,,marg1265,Afro-Asiatic,Afro-Asiatic,Africa,0.0,177.0
language,grambank,Maria (India),0.6522,,mari1414,Dravidian,Dravidian,Eurasia,134000.0,115.0
language,grambank,Maring Naga,0.6776,,mari1416,Sino-Tibetan,Sino-Tibetan,Eurasia,0.0,152.0
language,grambank,Marithiel,0.669,,mari1424,Western Daly,Western Daly,Australia,15.0,145.0
language,grambank,Sunwadia,0.7233,,mari1426,Austronesian,Austronesian,Papunesia,0.0,159.0
language,grambank,Marik,0.6803,,mari1428,Austronesian,Austronesian,Papunesia,0.0,147.0
language,grambank,Maricopa,0.6272,,mari1440,Cochimi-Yuman,Cochimi-Yuman,North America,35.0,169.0
language,grambank,Marovo,0.6905,,maro1244,Austronesian,Austronesian,Papunesia,0.0,84.0
language,grambank,Marshallese,0.6939,,mars1254,Austronesian,Austronesian,Papunesia,61000.0,147.0
language,grambank,Martuthunira,0.7045,,mart1255,Pama-Nyungan,Pama-Nyungan,Australia,0.0,176.0
language,grambank,Maru,0.8033,,maru1249,Sino-Tibetan,Sino-Tibetan,Eurasia,0.0,183.0
language,grambank,Marúbo,0.5935,,maru1252,Pano-Tacanan,Pano-Tacanan,South America,0.0,123.0
language,grambank,Masai,0.3521,,masa1300,Nilotic,Nilotic,Africa,0.0,71.0
language,grambank,Masana,0.7278,,masa1322,Afro-Asiatic,Afro-Asiatic,Africa,0.0,180.0
language,grambank,Masbatenyo,0.7515,,masb1238,Austronesian,Austronesian,Papunesia,350000.0,165.0
language,grambank,Maskelynes,0.6842,,mask1242,Austronesian,Austronesian,Papunesia,0.0,152.0
language,grambank,Matbat,0.7733,,matb1237,Austronesian,Austronesian,Papunesia,0.0,150.0
language,grambank,Matigsalug Manobo,0.7647,,mati1250,Austronesian,Austronesian,Papunesia,50000.0,170.0
language,grambank,Mato,0.773,,mato1252,Austronesian,Austronesian,Papunesia,0.0,163.0
language,grambank,Matsés,0.6467,,mats1244,Pano-Tacanan,Pano-Tacanan,South America,2200.0,167.0
language,grambank,Matumbi,0.4921,,matu1259,Atlantic-Congo,Atlantic-Congo,Africa,0.0,126.0
language,grambank,Matukar,0.6935,,matu1261,Austronesian,Austronesian,Papunesia,0.0,186.0
language,grambank,Mawng,0.6452,,maun1240,Iwaidjan Proper,Iwaidjan Proper,Australia,371.0,186.0
language,grambank,Mauwake,0.6136,,mauw1238,Nuclear Trans New Guinea,Nuclear Trans New Guinea,Papunesia,0.0,88.0
language,grambank,Maxakalí,0.7644,,maxa1247,Nuclear-Macro-Je,Nuclear-Macro-Je,South America,0.0,174.0
language,grambank,Mayangna,0.6164,,maya1285,Misumalpan,Misumalpan,North America,0.0,146.0
language,grambank,Maykulan,0.7959,,mayk1239,Pama-Nyungan,Pama-Nyungan,Australia,0.0,147.0
language,grambank,Mayogo,0.8272,,mayo1261,Atlantic-Congo,Atlantic-Congo,Africa,0.0,162.0
language,grambank,Mayo,0.679,,mayo1264,Uto-Aztecan,Uto-Aztecan,North America,39000.0,162.0
language,grambank,Mazagway,0.72,,maza1304,Afro-Asiatic,Afro-Asiatic,Africa,0.0,175.0
language,grambank,Mba,0.7462,,mbaa1245,Atlantic-Congo,Atlantic-Congo,Africa,0.0,130.0
language,grambank,Central Wambo,0.5521,,mbal1255,Atlantic-Congo,Atlantic-Congo,Africa,200.0,96.0
language,grambank,Mbandja,0.8141,,mban1263,Atlantic-Congo,Atlantic-Congo,Africa,0.0,156.0
language,grambank,Mbara (Chad),0.7417,,mbar1260,Afro-Asiatic,Afro-Asiatic,Africa,0.0,151.0
language,grambank,Mbay,0.7515,,mbay1241,Central Sudanic,Central Sudanic,Africa,0.0,165.0
language,grambank,Mbo (Cameroon),0.6818,,mboc1235,Atlantic-Congo,Atlantic-Congo,Africa,70000.0,154.0
language,grambank,Mbole,0.5517,,mbol1247,Atlantic-Congo,Atlantic-Congo,Africa,0.0,87.0
language,grambank,Mbugwe,0.5929,,mbug1242,Atlantic-Congo,Atlantic-Congo,Africa,0.0,113.0
language,grambank,Mbula,0.6989,,mbul1263,Austronesian,Austronesian,Papunesia,0.0,176.0
language,grambank,Mbyá Guaraní,0.6688,,mbya1239,Tupian,Tupian,South America,0.0,154.0
language,grambank,Me'en,0.6875,,meen1242,Surmic,Surmic,Africa,0.0,160.0
language,grambank,Mehek,0.6164,,mehe1243,Sepik,Sepik,Papunesia,0.0,159.0
language,grambank,Mekeo,0.6957,,meke1243,Austronesian,Austronesian,Papunesia,19000.0,184.0
language,grambank,Mele-Fila,0.7182,,mele1250,Austronesian,Austronesian,Papunesia,3500.0,110.0
language,grambank,Melo,0.6731,,melo1242,Ta-Ne-Omotic,Ta-Ne-Omotic,Africa,0.0,156.0
language,grambank,Melpa,0.7063,,melp1238,Nuclear Trans New Guinea,Nuclear Trans New Guinea,Papunesia,0.0,160.0
language,grambank,Mende (Sierra Leone),0.7013,,mend1266,Mande,Mande,Africa,0.0,77.0
language,grambank,Mende (Papua New Guinea),0.6386,,mend1268,Sepik,Sepik,Papunesia,0.0,83.0
language,grambank,Mengen,0.766,,meng1267,Austronesian,Austronesian,Papunesia,0.0,94.0
language,grambank,Menya,0.5,,meny1245,Angan,Angan,Papunesia,0.0,92.0
language,grambank,Merei,0.7159,,mere1242,Austronesian,Austronesian,Papunesia,0.0,176.0
language,grambank,Meriam,0.5579,,meri1244,Eastern Trans-Fly,Eastern Trans-Fly,Papunesia,0.0,95.0
language,grambank,Meru,0.6452,,meru1245,Atlantic-Congo,Atlantic-Congo,Africa,0.0,155.0
language,grambank,Mescalero-Chiricahua Apache,0.6966,,mesc1238,Athabaskan-Eyak-Tlingit,Athabaskan-Eyak-Tlingit,North America,0.0,89.0
language,grambank,Meta',0.7532,,meta1238,Atlantic-Congo,Atlantic-Congo,Africa,0.0,154.0
language,grambank,Meyah,0.7065,,meya1236,East Bird's Head,East Bird's Head,Papunesia,0.0,92.0
language,grambank,Mezontla Popoloca,0.6442,,mezo1235,Otomanguean,Otomanguean,North America,0.0,163.0
language,grambank,Mezquital Otomi,0.6573,,mezq1235,Otomanguean,Otomanguean,North America,0.0,178.0
language,grambank,Miami,0.6842,,miam1252,Algic,Algic,North America,0.0,114.0
language,grambank,Mian,0.5521,,mian1256,Nuclear Trans New Guinea,Nuclear Trans New Guinea,Papunesia,0.0,96.0
language,grambank,Michoacán Nahuatl,0.6412,,mich1245,Uto-Aztecan,Uto-Aztecan,North America,0.0,170.0
language,grambank,Middle Watut,0.7647,,midd1327,Austronesian,Austronesian,Papunesia,0.0,136.0
language,grambank,Middle Clarence Bandjalang,0.5652,,midd1357,Pama-Nyungan,Pama-Nyungan,Australia,0.0,92.0
language,grambank,Mid-Southern Banda,0.6639,,mids1243,Atlantic-Congo,Atlantic-Congo,Africa,0.0,119.0
language,grambank,Migaama,0.6699,,miga1249,Afro-Asiatic,Afro-Asiatic,Africa,0.0,103.0
language,grambank,Kman,0.7826,,miju1243,Sino-Tibetan,Sino-Tibetan,Eurasia,0.0,184.0
language,grambank,Mikasuki,0.6197,,mika1239,Muskogean,Muskogean,North America,190.0,142.0
language,grambank,Mi'kmaq,0.6491,,mikm1235,Algic,Algic,North America,8270.0,171.0
language,grambank,Milang,0.6108,,mila1245,Sino-Tibetan,Sino-Tibetan,Eurasia,0.0,185.0
language,grambank,Millcayac,0.7647,,mill1237,Huarpean,Huarpean,South America,0.0,119.0
language,grambank,Minangkabau,0.7898,,mina1268,Austronesian,Austronesian,Papunesia,5530000.0,157.0
language,grambank,Mina (Cameroon),0.7458,,mina1276,Afro-Asiatic,Afro-Asiatic,Africa,0.0,177.0
language,grambank,Mangghuer,0.7126,,minh1238,Mongolic-Khitan,Mongolic-Khitan,Eurasia,0.0,174.0
language,grambank,Minigir,0.75,,mini1251,Austronesian,Austronesian,Papunesia,0.0,172.0
language,grambank,Minica Huitoto,0.6903,,mini1256,Huitotoan,Huitotoan,South America,1705.0,155.0
language,grambank,Miriwung,0.7037,,miri1266,Jarrakan,Jarrakan,Australia,156.0,135.0
language,grambank,Misima-Paneati,0.7174,,misi1243,Austronesian,Austronesian,Papunesia,0.0,138.0
language,grambank,Mískito,0.6645,,misk1235,Misumalpan,Misumalpan,North America,180000.0,155.0
language,grambank,Miwa,0.696,,miwa1242,Worrorran,Worrorran,Australia,0.0,125.0
language,grambank,Mixtepec Zapotec,0.703,,mixt1426,Otomanguean,Otomanguean,North America,0.0,165.0
language,grambank,Miya,0.7318,,miya1266,Afro-Asiatic,Afro-Asiatic,Africa,30000.0,179.0
language,grambank,Mlabri,0.8114,,mlab1235,Austroasiatic,Austroasiatic,Eurasia,0.0,175.0
language,grambank,Mlahsô,0.708,,mlah1239,Afro-Asiatic,Afro-Asiatic,Eurasia,0.0,113.0
language,grambank,Moba,0.7232,,moba1244,Atlantic-Congo,Atlantic-Congo,Africa,0.0,177.0
language,grambank,Mocho,0.7115,,moch1257,Mayan,Mayan,North America,0.0,156.0
language,grambank,Mochica,0.7687,,moch1259,,(isolate),South America,0.0,134.0
language,grambank,Mocoví,0.7301,,moco1246,Guaicuruan,Guaicuruan,South America,3000.0,163.0
language,grambank,Modern Greek,0.6364,,mode1248,Indo-European,Indo-European,Eurasia,15000000.0,187.0
language,grambank,Mohawk,0.4715,,moha1258,Iroquoian,Iroquoian,North America,3500.0,123.0
language,grambank,Moi (Indonesia),0.7603,,moii1235,West Bird's Head,West Bird's Head,Papunesia,0.0,121.0
language,grambank,Moken,0.8242,,moke1242,Austronesian,Austronesian,Eurasia,0.0,165.0
language,grambank,Mokilese,0.753,,moki1238,Austronesian,Austronesian,Papunesia,0.0,166.0
language,grambank,Moklen,0.8343,,mokl1243,Austronesian,Austronesian,Eurasia,0.0,175.0
language,grambank,Mokpwe,0.7151,,mokp1239,Atlantic-Congo,Atlantic-Congo,Africa,32000.0,172.0
language,grambank,Moksha,0.7005,,moks1248,Uralic,Uralic,Eurasia,2025.0,187.0
language,grambank,Molale,0.625,,mola1238,,(isolate),North America,0.0,168.0
language,grambank,Moloko,0.7619,,molo1266,Afro-Asiatic,Afro-Asiatic,Africa,8500.0,105.0
language,grambank,Mongo,0.6167,,mong1338,Atlantic-Congo,Atlantic-Congo,Africa,0.0,120.0
language,grambank,Mangue,0.6341,,moni1237,Otomanguean,Otomanguean,North America,0.0,82.0
language,grambank,Mon,0.809,,monn1252,Austroasiatic,Austroasiatic,Eurasia,850000.0,89.0
language,grambank,Mono (Democratic Republic of Congo),0.7603,,mono1270,Atlantic-Congo,Atlantic-Congo,Africa,0.0,146.0
language,grambank,Mono-Alu,0.7009,,mono1273,Austronesian,Austronesian,Papunesia,2940.0,107.0
language,grambank,Mono (USA),0.6731,,mono1275,Uto-Aztecan,Uto-Aztecan,North America,0.0,156.0
language,grambank,Montagnais,0.6047,,mont1268,Algic,Algic,North America,11000.0,129.0
language,grambank,Monzombo,0.7281,,monz1249,Atlantic-Congo,Atlantic-Congo,Africa,0.0,114.0
language,grambank,Mopán Maya,0.6478,,mopa1243,Mayan,Mayan,North America,0.0,159.0
language,grambank,Morelos Nahuatl,0.7054,,more1259,Uto-Aztecan,Uto-Aztecan,North America,0.0,129.0
language,grambank,Mori Bawah,0.6071,,mori1268,Austronesian,Austronesian,Papunesia,0.0,84.0
language,grambank,Mori Atas,0.6238,,mori1269,Austronesian,Austronesian,Papunesia,0.0,101.0
language,grambank,Mor (Mor Islands),0.7676,,morm1235,Austronesian,Austronesian,Papunesia,0.0,142.0
language,grambank,Moro,0.4054,,moro1285,Heibanic,Heibanic,Africa,0.0,74.0
language,grambank,Moronene,0.7184,,moro1287,Austronesian,Austronesian,Papunesia,0.0,103.0
language,grambank,Marori,0.49,,moro1289,,(isolate),Papunesia,50.0,100.0
language,grambank,Mortlockese,0.8248,,mort1237,Austronesian,Austronesian,Papunesia,0.0,137.0
language,grambank,Mosetén-Chimané,0.6802,,mose1249,,(isolate),South America,5300.0,172.0
language,grambank,Akie,0.673,,mosi1247,Nilotic,Nilotic,Africa,0.0,159.0
language,grambank,Mota,0.7379,,mota1237,Austronesian,Austronesian,Papunesia,0.0,103.0
language,grambank,Mwotlap,0.6952,,motl1237,Austronesian,Austronesian,Papunesia,0.0,187.0
language,grambank,Motu,0.7338,,motu1246,Austronesian,Austronesian,Papunesia,39000.0,154.0
language,grambank,Mouk-Aria,0.7778,,mouk1239,Austronesian,Austronesian,Papunesia,0.0,135.0
language,grambank,Mountain Koiali,0.7205,,moun1252,Koiarian,Koiarian,Papunesia,0.0,161.0
language,grambank,Movima,0.6375,,movi1243,,(isolate),South America,0.0,160.0
language,grambank,Moyon,0.7,,moyo1238,Sino-Tibetan,Sino-Tibetan,Eurasia,0.0,160.0
language,grambank,Mpade,0.7374,,mpad1242,Afro-Asiatic,Afro-Asiatic,Africa,0.0,179.0
language,grambank,Mpi,0.7844,,mpii1239,Sino-Tibetan,Sino-Tibetan,Eurasia,0.0,167.0
language,grambank,Mpoto,0.6707,,mpot1240,Atlantic-Congo,Atlantic-Congo,Africa,0.0,167.0
language,grambank,Mpur,0.7853,,mpur1239,,(isolate),Papunesia,0.0,177.0
language,grambank,Mualang,0.7473,,mual1241,Austronesian,Austronesian,Papunesia,0.0,182.0
language,grambank,Muduga,0.6863,,mudu1239,Dravidian,Dravidian,Eurasia,0.0,153.0
language,grambank,Muduapa,0.7095,,mudu1242,Austronesian,Austronesian,Papunesia,0.0,179.0
language,grambank,Mullukmulluk,0.6335,,mull1237,Northern Daly,Northern Daly,Australia,0.0,161.0
language,grambank,Muna,0.6,,muna1247,Austronesian,Austronesian,Papunesia,300000.0,95.0
language,grambank,Mün Chin,0.6556,,munc1235,Sino-Tibetan,Sino-Tibetan,Eurasia,0.0,180.0
language,grambank,Mundari,0.6913,,mund1320,Austroasiatic,Austroasiatic,Eurasia,1500000.0,149.0
language,grambank,Mundang,0.6538,,mund1325,Atlantic-Congo,Atlantic-Congo,Africa,0.0,182.0
language,grambank,Mündü,0.8448,,mund1326,Atlantic-Congo,Atlantic-Congo,Africa,0.0,116.0
language,grambank,Mundabli-Mufu,0.7514,,mund1328,Atlantic-Congo,Atlantic-Congo,Africa,0.0,177.0
language,grambank,Mundurukú,0.5419,,mund1330,Tupian,Tupian,South America,7000.0,155.0
language,grambank,Murle,0.6845,,murl1244,Surmic,Surmic,Africa,0.0,168.0
language,grambank,Murriny Patha,0.6237,,murr1258,Southern Daly,Southern Daly,Australia,0.0,93.0
language,grambank,Muruwari,0.6821,,muru1266,Pama-Nyungan,Pama-Nyungan,Australia,0.0,151.0
language,grambank,Murui Huitoto,0.6857,,muru1274,Huitotoan,Huitotoan,South America,2900.0,175.0
language,grambank,Aisi,0.6863,,musa1266,Nuclear Trans New Guinea,Nuclear Trans New Guinea,Papunesia,400.0,153.0
language,grambank,Musgu,0.7265,,musg1254,Afro-Asiatic,Afro-Asiatic,Africa,0.0,117.0
language,grambank,Musom,0.7622,,muso1238,Austronesian,Austronesian,Papunesia,0.0,143.0
language,grambank,Mussau-Emira,0.7471,,muss1246,Austronesian,Austronesian,Papunesia,0.0,87.0
language,grambank,Muthuvan,0.7299,,muth1236,Dravidian,Dravidian,Eurasia,0.0,137.0
language,grambank,Muyuw,0.709,,muyu1244,Austronesian,Austronesian,Papunesia,0.0,134.0
language,grambank,Mwaghavul,0.7243,,mwag1236,Afro-Asiatic,Afro-Asiatic,Africa,0.0,185.0
language,grambank,Mwani,0.6533,,mwan1247,Atlantic-Congo,Atlantic-Congo,Africa,100000.0,150.0
language,grambank,Mwan,0.6923,,mwan1250,Mande,Mande,Africa,0.0,130.0
language,grambank,Mwera (Chimwera),0.6096,,mwer1248,Atlantic-Congo,Atlantic-Congo,Africa,0.0,146.0
language,grambank,Nabak,0.5823,,naba1256,Nuclear Trans New Guinea,Nuclear Trans New Guinea,Papunesia,0.0,79.0
language,grambank,Nadëb,0.5968,,nade1244,Naduhup,Naduhup,South America,370.0,62.0
language,grambank,Nakanai,0.753,,naka1262,Austronesian,Austronesian,Papunesia,0.0,166.0
language,grambank,Nalca,0.6667,,nalc1240,Nuclear Trans New Guinea,Nuclear Trans New Guinea,Papunesia,0.0,105.0
language,grambank,Nalik,0.7679,,nali1244,Austronesian,Austronesian,Papunesia,0.0,168.0
language,grambank,Nama (Namibia),0.5747,,nama1264,Khoe-Kwadi,Khoe-Kwadi,Africa,250000.0,87.0
language,grambank,Namakura,0.6207,,nama1268,Austronesian,Austronesian,Papunesia,0.0,116.0
language,grambank,Nambo,0.6307,,namb1293,Yam,Yam,Papunesia,0.0,176.0
language,grambank,Namia,0.6707,,nami1256,Sepik,Sepik,Papunesia,0.0,82.0
language,grambank,Namuyi,0.7349,,namu1246,Sino-Tibetan,Sino-Tibetan,Eurasia,5000.0,166.0
language,grambank,Nanai,0.6845,,nana1257,Tungusic,Tungusic,Eurasia,1390.0,187.0
language,grambank,Nandi,0.6309,,nand1266,Nilotic,Nilotic,Africa,0.0,149.0
language,grambank,Nanggu,0.6688,,nang1262,Austronesian,Austronesian,Papunesia,210.0,157.0
language,grambank,Nanti,0.6795,,nant1250,Arawakan,Arawakan,South America,250.0,78.0
language,grambank,Nara,0.7323,,nara1262,,(isolate),Africa,80000.0,127.0
language,grambank,Narom,0.8413,,naro1251,Austronesian,Austronesian,Papunesia,0.0,126.0
language,grambank,Narrinyeri,0.6143,,narr1259,Pama-Nyungan,Pama-Nyungan,Australia,312.0,70.0
language,grambank,Narungga,0.8019,,naru1238,Pama-Nyungan,Pama-Nyungan,Australia,0.0,106.0
language,grambank,Natchez,0.6058,,natc1249,,(isolate),North America,6.0,104.0
language,grambank,Nati,0.8361,,nati1244,Austronesian,Austronesian,Papunesia,0.0,122.0
language,grambank,Natügu,0.4891,,natu1246,Austronesian,Austronesian,Papunesia,0.0,92.0
language,grambank,Nauete,0.7955,,naue1237,Austronesian,Austronesian,Papunesia,0.0,176.0
language,grambank,Nauru,0.7262,,naur1243,Austronesian,Austronesian,Papunesia,9300.0,168.0
language,grambank,Navajo,0.6089,,nava1243,Athabaskan-Eyak-Tlingit,Athabaskan-Eyak-Tlingit,North America,169369.0,179.0
language,grambank,Nawuri,0.7829,,nawu1242,Atlantic-Congo,Atlantic-Congo,Africa,0.0,175.0
language,grambank,Naxi,0.7519,,naxi1245,Sino-Tibetan,Sino-Tibetan,Eurasia,310000.0,129.0
language,grambank,Ncane-Mungong,0.7638,,ncan1245,Atlantic-Congo,Atlantic-Congo,Africa,0.0,127.0
language,grambank,Ndamba,0.6416,,ndam1239,Atlantic-Congo,Atlantic-Congo,Africa,0.0,173.0
language,grambank,Ndengereko,0.5595,,nden1248,Atlantic-Congo,Atlantic-Congo,Africa,0.0,84.0
language,grambank,Ndobo,0.6341,,ndob1238,Atlantic-Congo,Atlantic-Congo,Africa,0.0,82.0
language,grambank,Ndogo,0.8529,,ndog1248,Atlantic-Congo,Atlantic-Congo,Africa,0.0,170.0
language,grambank,Ndom,0.726,,ndom1245,Kolopom,Kolopom,Papunesia,0.0,73.0
language,grambank,Ndunga,0.7273,,ndun1249,Atlantic-Congo,Atlantic-Congo,Africa,0.0,121.0
language,grambank,Negeri Sembilan Malay,0.8571,,nege1240,Austronesian,Austronesian,Eurasia,1010000.0,133.0
language,grambank,Negidal,0.671,,negi1245,Tungusic,Tungusic,Eurasia,74.0,155.0
language,grambank,Nehan,0.6343,,neha1247,Austronesian,Austronesian,Papunesia,0.0,134.0
language,grambank,Nend,0.6564,,nend1239,Nuclear Trans New Guinea,Nuclear Trans New Guinea,Papunesia,0.0,163.0
language,grambank,Tundra Nenets,0.6319,,nene1249,Uralic,Uralic,Eurasia,21926.0,182.0
language,grambank,Nengone,0.7239,,neng1238,Austronesian,Austronesian,Papunesia,8700.0,163.0
language,grambank,Nen,0.6203,,nenn1238,Yam,Yam,Papunesia,0.0,187.0
language,grambank,Nepali,0.6709,,nepa1254,Indo-European,Indo-European,Eurasia,0.0,158.0
language,grambank,Nese,0.8043,,nese1235,Austronesian,Austronesian,Papunesia,0.0,184.0
language,grambank,Kathmandu Valley Newari,0.6608,,newa1246,Sino-Tibetan,Sino-Tibetan,Eurasia,893600.0,171.0
language,grambank,Nez Perce,0.6667,,nezp1238,Sahaptian,Sahaptian,North America,100.0,168.0
language,grambank,Ngaanyatjarra,0.6959,,ngaa1240,Pama-Nyungan,Pama-Nyungan,Australia,0.0,148.0
language,grambank,Ngäbere,0.6456,,ngab1239,Chibchan,Chibchan,North America,0.0,158.0
language,grambank,Ngalkbun,0.6667,,ngal1292,Gunwinyguan,Gunwinyguan,Australia,0.0,180.0
language,grambank,Ngala-Santandrea,0.6923,,ngal1296,Atlantic-Congo,Atlantic-Congo,Africa,0.0,65.0
language,grambank,Ngambay,0.7682,,ngam1268,Central Sudanic,Central Sudanic,Africa,0.0,151.0
language,grambank,Nganasan,0.7258,,ngan1291,Uralic,Uralic,Eurasia,125.0,186.0
language,grambank,Ngandi,0.4945,,ngan1295,Gunwinyguan,Gunwinyguan,Australia,0.0,91.0
language,grambank,Ngarnka,0.5226,,ngar1283,Mirndi,Mirndi,Australia,0.0,155.0
language,grambank,Ngarinyin,0.592,,ngar1284,Worrorran,Worrorran,Australia,0.0,174.0
language,grambank,Ngas,0.7633,,ngas1240,Afro-Asiatic,Afro-Asiatic,Africa,400000.0,169.0
language,grambank,Ngbaka Ma'bo,0.7857,,ngba1284,Atlantic-Congo,Atlantic-Congo,Africa,0.0,140.0
language,grambank,Ngbaka Minagende,0.7205,,ngba1285,Atlantic-Congo,Atlantic-Congo,Africa,0.0,161.0
language,grambank,Kriang-Khlor,0.7907,,ngeq1245,Austroasiatic,Austroasiatic,Eurasia,0.0,129.0
language,grambank,Nggem,0.5789,,ngge1241,Nuclear Trans New Guinea,Nuclear Trans New Guinea,Papunesia,0.0,95.0
language,grambank,Ngiti,0.6879,,ngit1239,Central Sudanic,Central Sudanic,Africa,100000.0,173.0
language,grambank,Ngombe (Democratic Republic of Congo),0.5431,,ngom1268,Atlantic-Congo,Atlantic-Congo,Africa,0.0,116.0
language,grambank,Nhanda,0.671,,nhan1238,Pama-Nyungan,Pama-Nyungan,Australia,0.0,155.0
language,grambank,Nhengatu,0.68,,nhen1239,Tupian,Tupian,South America,8000.0,175.0
language,grambank,Nicaragua Creole English,0.88,,nica1252,Indo-European,contact language,North America,0.0,150.0
language,grambank,Hausa States Fulfulde,0.5725,,nige1253,Atlantic-Congo,Atlantic-Congo,Africa,14500000.0,131.0
language,grambank,Nihali,0.7244,,niha1238,,(isolate),Eurasia,2000.0,156.0
language,grambank,Nilamba,0.6346,,nila1242,Atlantic-Congo,Atlantic-Congo,Africa,0.0,156.0
language,grambank,Ninam,0.6557,,nina1238,Yanomamic,Yanomamic,South America,0.0,61.0
language,grambank,Nisga'a,0.6987,,nisg1240,Tsimshian,Tsimshian,North America,610.0,156.0
language,grambank,Niuafo'ou,0.7471,,niua1240,Austronesian,Austronesian,Papunesia,0.0,174.0
language,grambank,Niuean,0.6794,,niue1239,Austronesian,Austronesian,Papunesia,10000.0,131.0
language,grambank,Nivaclé,0.547,,niva1238,Matacoan,Matacoan,South America,0.0,181.0
language,grambank,Njanga,0.7391,,njan1240,Atlantic-Congo,Atlantic-Congo,Africa,0.0,184.0
language,grambank,Nkonya,0.712,,nkon1248,Atlantic-Congo,Atlantic-Congo,Africa,0.0,125.0
language,grambank,Nocte Naga,0.7005,,noct1238,Sino-Tibetan,Sino-Tibetan,Eurasia,0.0,187.0
language,grambank,Nokuku,0.7748,,noku1237,Austronesian,Austronesian,Papunesia,0.0,151.0
language,grambank,Nomaande,0.6348,,noma1260,Atlantic-Congo,Atlantic-Congo,Africa,0.0,115.0
language,grambank,Nomatsiguenga,0.4891,,noma1263,Arawakan,Arawakan,South America,6500.0,92.0
language,grambank,Noon,0.5944,,noon1242,Atlantic-Congo,Atlantic-Congo,Africa,0.0,180.0
language,grambank,Noone,0.697,,noon1243,Atlantic-Congo,Atlantic-Congo,Africa,0.0,165.0
language,grambank,Nopala Chatino,0.7251,,nopa1235,Otomanguean,Otomanguean,North America,0.0,171.0
language,grambank,North Saami,0.7044,,nort2671,Uralic,Uralic,Eurasia,25700.0,159.0
language,grambank,Northern Khmer,0.8478,,nort2684,Austroasiatic,Austroasiatic,Eurasia,1400000.0,184.0
language,grambank,Northern Uzbek,0.7027,,nort2690,Turkic,Turkic,Eurasia,25100000.0,185.0
language,grambank,North Azerbaijani,0.6851,,nort2697,Turkic,Turkic,Eurasia,9220610.0,181.0
language,grambank,Northwestern Kolami,0.5517,,nort2699,Dravidian,Dravidian,Eurasia,0.0,87.0
language,grambank,Northern Qiang,0.6667,,nort2722,Sino-Tibetan,Sino-Tibetan,Eurasia,0.0,180.0
language,grambank,Northern Pumi,0.7529,,nort2723,Sino-Tibetan,Sino-Tibetan,Eurasia,0.0,170.0
language,grambank,Northern Bai,0.8288,,nort2724,Sino-Tibetan,Sino-Tibetan,Eurasia,0.0,111.0
language,grambank,Northern Tujia,0.7978,,nort2732,Sino-Tibetan,Sino-Tibetan,Eurasia,0.0,183.0
language,grambank,Northern Yukaghir,0.6721,,nort2745,Yukaghir,Yukaghir,Eurasia,40.0,183.0
language,grambank,Northern Qiandong Miao,0.8495,,nort2747,Hmong-Mien,Hmong-Mien,Eurasia,0.0,186.0
language,grambank,Northern Ngbandi,0.7124,,nort2774,Atlantic-Congo,Atlantic-Congo,Africa,250290.0,153.0
language,grambank,Northwest Gbaya,0.8308,,nort2775,Atlantic-Congo,Atlantic-Congo,Africa,0.0,130.0
language,grambank,Zimbabwean Ndebele,0.6022,,nort2795,Atlantic-Congo,Atlantic-Congo,Africa,1572800.0,93.0
language,grambank,North Moluccan Malay,0.8187,,nort2828,Austronesian,Austronesian,Papunesia,0.0,160.0
language,grambank,North Efate,0.7333,,nort2836,Austronesian,Austronesian,Papunesia,0.0,90.0
language,grambank,North Ambrym,0.7651,,nort2839,Austronesian,Austronesian,Papunesia,0.0,166.0
language,grambank,North Marquesan,0.7661,,nort2845,Austronesian,Austronesian,Papunesia,6000.0,171.0
language,grambank,North Tanna,0.6613,,nort2847,Austronesian,Austronesian,Papunesia,0.0,124.0
language,grambank,Wemale,0.6575,,nort2864,Austronesian,Austronesian,Papunesia,0.0,73.0
language,grambank,Northern Kankanay,0.7431,,nort2877,Austronesian,Austronesian,Papunesia,0.0,144.0
language,grambank,Northern Subanen,0.6851,,nort2885,Austronesian,Austronesian,Papunesia,0.0,181.0
language,grambank,Northeast Kiwai,0.6545,,nort2930,Kiwaian,Kiwaian,Papunesia,0.0,165.0
language,grambank,Northern Haida,0.6047,,nort2938,Haida,Haida,North America,0.0,172.0
language,grambank,North Slavey,0.6344,,nort2942,Athabaskan-Eyak-Tlingit,Athabaskan-Eyak-Tlingit,North America,0.0,186.0
language,grambank,Northwest Maidu,0.5441,,nort2951,Maiduan,Maiduan,North America,0.0,136.0
language,grambank,Northeast Maidu,0.6623,,nort2952,Maiduan,Maiduan,North America,0.0,154.0
language,grambank,Northern Paiute,0.6629,,nort2954,Uto-Aztecan,Uto-Aztecan,North America,0.0,178.0
language,grambank,Northern Puebla Nahuatl,0.6351,,nort2957,Uto-Aztecan,Uto-Aztecan,North America,0.0,148.0
language,grambank,Northern Tepehuan,0.6893,,nort2959,Uto-Aztecan,Uto-Aztecan,North America,0.0,177.0
language,grambank,Northwestern Ojibwa,0.7182,,nort2961,Algic,Algic,North America,0.0,181.0
language,grambank,Northern Emberá,0.6478,,nort2972,Chocoan,Chocoan,South America,72000.0,159.0
language,grambank,North Junín Quechua,0.7041,,nort2980,Quechuan,Quechuan,South America,0.0,169.0
language,grambank,Northern Roglai,0.809,,nort2994,Austronesian,Austronesian,Eurasia,0.0,89.0
language,grambank,North Giziga,0.7988,,nort3047,Afro-Asiatic,Afro-Asiatic,Africa,0.0,169.0
language,grambank,North Levantine Arabic,0.6154,,nort3139,Afro-Asiatic,Afro-Asiatic,Eurasia,24600000.0,156.0
language,grambank,Notsi,0.6713,,nots1237,Austronesian,Austronesian,Papunesia,0.0,143.0
language,grambank,Nsenga,0.6452,,nsen1242,Atlantic-Congo,Atlantic-Congo,Africa,0.0,155.0
language,grambank,Nubi,0.775,,nubi1253,Afro-Asiatic,contact language,Africa,42000.0,160.0
language,grambank,Eastern Armenian,0.6944,,nucl1235,Indo-European,Indo-European,Eurasia,6700000.0,180.0
language,grambank,Mumuye,0.7012,,nucl1240,Atlantic-Congo,Atlantic-Congo,Africa,0.0,164.0
language,grambank,Turkish,0.6631,,nucl1301,Turkic,Turkic,Eurasia,82231620.0,187.0
language,grambank,Georgian,0.6339,,nucl1302,Kartvelian,Kartvelian,Eurasia,3700000.0,183.0
language,grambank,Kannada,0.6721,,nucl1305,Dravidian,Dravidian,Eurasia,43600000.0,183.0
language,grambank,Burmese,0.6319,,nucl1310,Sino-Tibetan,Sino-Tibetan,Eurasia,32900000.0,182.0
language,grambank,Limilngan,0.6875,,nucl1327,Limilngan-Wulna,Limilngan-Wulna,Australia,0.0,160.0
language,grambank,Wolof,0.6202,,nucl1347,Atlantic-Congo,Atlantic-Congo,Africa,3700000.0,129.0
language,grambank,Igbo,0.8011,,nucl1417,Atlantic-Congo,Atlantic-Congo,Africa,27000000.0,181.0
language,grambank,Mombum,0.6667,,nucl1452,Mombum-Koneraw,Mombum-Koneraw,Papunesia,0.0,72.0
language,grambank,Yawa,0.7087,,nucl1454,Yawa-Saweru,Yawa-Saweru,Papunesia,10000.0,103.0
language,grambank,Monumbo,0.5649,,nucl1458,Bogia,Bogia,Papunesia,0.0,154.0
language,grambank,Madurese,0.6932,,nucl1460,Austronesian,Austronesian,Papunesia,15000000.0,88.0
language,grambank,Kwomtari,0.7381,,nucl1593,Kwomtari-Nai,Kwomtari-Nai,Papunesia,0.0,168.0
language,grambank,Mairasi,0.7037,,nucl1594,Mairasic,Mairasic,Papunesia,0.0,81.0
language,grambank,Kwerba,0.6328,,nucl1595,Greater Kwerba,Greater Kwerba,Papunesia,0.0,128.0
language,grambank,Marind,0.6237,,nucl1622,Anim,Anim,Papunesia,7000.0,186.0
language,grambank,Barai,0.6605,,nucl1630,Koiarian,Koiarian,Papunesia,0.0,162.0
language,grambank,Sentani,0.7226,,nucl1632,Sentanic,Sentanic,Papunesia,0.0,137.0
language,grambank,Nimboran,0.7439,,nucl1633,Nimboranic,Nimboranic,Papunesia,0.0,164.0
language,grambank,Japanese,0.6649,,nucl1643,Japonic,Japonic,Eurasia,128000000.0,185.0
language,grambank,Neo-Mandaic,0.6755,,nucl1706,Afro-Asiatic,Afro-Asiatic,Eurasia,0.0,151.0
language,grambank,Nuer,0.7351,,nuer1246,Nilotic,Nilotic,Africa,900000.0,151.0
language,grambank,Nugunu (Cameroon),0.5714,,nugu1242,Atlantic-Congo,Atlantic-Congo,Africa,0.0,84.0
language,grambank,Nukna,0.6193,,nukn1238,Nuclear Trans New Guinea,Nuclear Trans New Guinea,Papunesia,0.0,176.0
language,grambank,Nukuoro,0.641,,nuku1260,Austronesian,Austronesian,Papunesia,0.0,117.0
language,grambank,Nung (Myanmar),0.7117,,nung1282,Sino-Tibetan,Sino-Tibetan,Eurasia,0.0,163.0
language,grambank,Nupe-Nupe-Tako,0.8301,,nupe1254,Atlantic-Congo,Atlantic-Congo,Africa,800000.0,153.0
language,grambank,Nusu,0.8069,,nusu1239,Sino-Tibetan,Sino-Tibetan,Eurasia,0.0,145.0
language,grambank,Nuu-chah-nulth,0.6986,,nuuc1236,Wakashan,Wakashan,North America,0.0,146.0
language,grambank,N||ng-Danster !Ui,0.7908,,nuuu1241,Tuu,Tuu,Africa,0.0,153.0
language,grambank,Nyahkur,0.8324,,nyah1250,Austroasiatic,Austroasiatic,Eurasia,1500.0,185.0
language,grambank,Nyakyusa-Ngonde,0.6351,,nyak1260,Atlantic-Congo,Atlantic-Congo,Africa,0.0,148.0
language,grambank,Nyali,0.6847,,nyal1250,Atlantic-Congo,Atlantic-Congo,Africa,0.0,111.0
language,grambank,Belep,0.6879,,nyal1254,Austronesian,Austronesian,Papunesia,0.0,173.0
language,grambank,Nyam,0.7386,,nyam1285,Afro-Asiatic,Afro-Asiatic,Africa,0.0,153.0
language,grambank,Nyangumarta,0.7164,,nyan1301,Pama-Nyungan,Pama-Nyungan,Australia,0.0,67.0
language,grambank,Nyankole,0.6742,,nyan1307,Atlantic-Congo,Atlantic-Congo,Africa,2300000.0,178.0
language,grambank,Nyaturu,0.6382,,nyat1246,Atlantic-Congo,Atlantic-Congo,Africa,0.0,152.0
language,grambank,Nyawaygi,0.6854,,nyaw1247,Pama-Nyungan,Pama-Nyungan,Australia,0.0,89.0
language,grambank,Nyigina,0.6504,,nyig1240,Nyulnyulan,Nyulnyulan,Australia,0.0,123.0
language,grambank,Nyishi-Hill Miri,0.7535,,nyis1236,Sino-Tibetan,Sino-Tibetan,Eurasia,230000.0,142.0
language,grambank,Nyoro,0.6494,,nyor1246,Atlantic-Congo,Atlantic-Congo,Africa,0.0,174.0
language,grambank,Nyulnyul,0.6818,,nyul1247,Nyulnyulan,Nyulnyulan,Australia,0.0,154.0
language,grambank,Nzadi,0.6598,,nzad1234,Atlantic-Congo,Atlantic-Congo,Africa,0.0,97.0
language,grambank,Nzakambay,0.8077,,nzak1246,Atlantic-Congo,Atlantic-Congo,Africa,31500.0,130.0
language,grambank,Nzakara,0.6694,,nzak1247,Atlantic-Congo,Atlantic-Congo,Africa,0.0,124.0
language,grambank,Obokuitai,0.7616,,obok1239,Lakes Plain,Lakes Plain,Papunesia,0.0,151.0
language,grambank,Occitan,0.6868,,occi1239,Indo-European,Indo-European,Eurasia,30000.0,182.0
language,grambank,Ocotlán Zapotec,0.6848,,ocot1244,Otomanguean,Otomanguean,North America,0.0,92.0
language,grambank,Ofayé,0.6968,,ofay1240,Nuclear-Macro-Je,Nuclear-Macro-Je,South America,0.0,155.0
language,grambank,Okanagan,0.6839,,okan1243,Salishan,Salishan,North America,0.0,174.0
language,grambank,Oki-No-Erabu,0.7115,,okin1246,Japonic,Japonic,Eurasia,0.0,156.0
language,grambank,Oko-Eni-Osayen,0.6327,,okoe1238,Atlantic-Congo,Atlantic-Congo,Africa,0.0,98.0
language,grambank,Oksapmin,0.608,,oksa1245,Nuclear Trans New Guinea,Nuclear Trans New Guinea,Papunesia,8000.0,176.0
language,grambank,Oku,0.5741,,okuu1243,Atlantic-Congo,Atlantic-Congo,Africa,0.0,108.0
language,grambank,Old English (ca. 450-1100),0.6685,,olde1238,Indo-European,Indo-European,Eurasia,0.0,184.0
language,grambank,Old Khmer,0.8732,,oldk1249,Austroasiatic,Austroasiatic,Eurasia,0.0,142.0
language,grambank,Old Mon,0.8313,,oldm1242,Austroasiatic,Austroasiatic,Eurasia,0.0,166.0
language,grambank,Old Malay,0.8,,oldm1243,Austronesian,Austronesian,Papunesia,0.0,115.0
language,grambank,Olo,0.6784,,oloo1241,Nuclear Torricelli,Nuclear Torricelli,Papunesia,0.0,171.0
language,grambank,Oluta Popoluca,0.6105,,olut1240,Mixe-Zoque,Mixe-Zoque,North America,0.0,172.0
language,grambank,Omaha-Ponca,0.5132,,omah1247,Siouan,Siouan,North America,0.0,76.0
language,grambank,Ömie,0.6067,,omie1241,Koiarian,Koiarian,Papunesia,0.0,150.0
language,grambank,Selk'nam,0.6821,,onaa1245,Chonan,Chonan,South America,0.0,151.0
language,grambank,Onondaga,0.5989,,onon1246,Iroquoian,Iroquoian,North America,40.0,182.0
language,grambank,Luangiua,0.6821,,onto1237,Austronesian,Austronesian,Papunesia,0.0,151.0
language,grambank,Teguima,0.6667,,opat1246,Uto-Aztecan,Uto-Aztecan,North America,0.0,117.0
language,grambank,Odia,0.6703,,oriy1255,Indo-European,Indo-European,Eurasia,34500000.0,185.0
language,grambank,Orma,0.6281,,orma1241,Afro-Asiatic,Afro-Asiatic,Africa,0.0,121.0
language,grambank,Oroch,0.6387,,oroc1248,Tungusic,Tungusic,Eurasia,0.0,155.0
language,grambank,Oroha,0.7391,,oroh1237,Austronesian,Austronesian,Papunesia,0.0,115.0
language,grambank,Orok,0.7075,,orok1265,Tungusic,Tungusic,Eurasia,47.0,147.0
language,grambank,Oroko,0.6742,,orok1266,Atlantic-Congo,Atlantic-Congo,Africa,0.0,132.0
language,grambank,Orokolo,0.7184,,orok1267,Eleman,Eleman,Papunesia,0.0,174.0
language,grambank,Orokaiva,0.6909,,orok1269,Nuclear Trans New Guinea,Nuclear Trans New Guinea,Papunesia,0.0,165.0
language,grambank,Orowe,0.6948,,orow1242,Austronesian,Austronesian,Papunesia,0.0,154.0
language,grambank,Orya,0.5568,,orya1242,Tor-Orya,Tor-Orya,Papunesia,0.0,88.0
language,grambank,Osamayi,0.68,,osam1235,Atlantic-Congo,Atlantic-Congo,Africa,0.0,100.0
language,grambank,Otoro,0.381,,otor1240,Heibanic,Heibanic,Africa,0.0,84.0
language,grambank,Ottawa,0.6264,,otta1242,Algic,Algic,North America,0.0,182.0
language,grambank,Owa,0.6818,,owaa1237,Austronesian,Austronesian,Papunesia,0.0,154.0
language,grambank,Pa'a,0.7086,,paaa1242,Afro-Asiatic,Afro-Asiatic,Africa,8000.0,175.0
language,grambank,Paama,0.7217,,paam1238,Austronesian,Austronesian,Papunesia,0.0,115.0
language,grambank,Paasaal,0.7667,,paas1238,Atlantic-Congo,Atlantic-Congo,Africa,0.0,180.0
language,grambank,Pacoh,0.8453,,paco1243,Austroasiatic,Austroasiatic,Eurasia,0.0,181.0
language,grambank,Pagibete,0.6463,,pagi1243,Atlantic-Congo,Atlantic-Congo,Africa,0.0,164.0
language,grambank,Pagu,0.6735,,pagu1249,North Halmahera,North Halmahera,Papunesia,0.0,147.0
language,grambank,Pa-Hng,0.8656,,pahn1237,Hmong-Mien,Hmong-Mien,Eurasia,0.0,186.0
language,grambank,Paite Chin,0.6,,pait1244,Sino-Tibetan,Sino-Tibetan,Eurasia,0.0,145.0
language,grambank,Paiwan,0.6404,,paiw1248,Austronesian,Austronesian,Papunesia,96000.0,89.0
language,grambank,Palauan,0.7443,,pala1344,Austronesian,Austronesian,Papunesia,17000.0,176.0
language,grambank,Palikúr,0.5849,,pali1279,Arawakan,Arawakan,South America,0.0,106.0
language,grambank,Pambia,0.696,,pamb1243,Atlantic-Congo,Atlantic-Congo,Africa,0.0,125.0
language,grambank,Pamona,0.7394,,pamo1252,Austronesian,Austronesian,Papunesia,137000.0,142.0
language,grambank,Pampanga,0.6892,,pamp1243,Austronesian,Austronesian,Papunesia,2400000.0,148.0
language,grambank,Panará,0.6556,,pana1307,Nuclear-Macro-Je,Nuclear-Macro-Je,South America,0.0,151.0
language,grambank,Pangwa,0.65,,pang1287,Atlantic-Congo,Atlantic-Congo,Africa,0.0,160.0
language,grambank,Pangasinan,0.7607,,pang1290,Austronesian,Austronesian,Papunesia,1100000.0,163.0
language,grambank,Pangutaran Sama,0.7674,,pang1291,Austronesian,Austronesian,Papunesia,35000.0,129.0
language,grambank,Eastern Panjabi,0.6524,,panj1256,Indo-European,Indo-European,Eurasia,125000000.0,187.0
language,grambank,Panoan Katukína,0.6822,,pano1254,Pano-Tacanan,Pano-Tacanan,South America,700.0,129.0
language,grambank,Panobo,0.6603,,pano1255,Pano-Tacanan,Pano-Tacanan,South America,0.0,156.0
language,grambank,Panytyima,0.7012,,pany1241,Pama-Nyungan,Pama-Nyungan,Australia,0.0,164.0
language,grambank,Papantla Totonac,0.621,,papa1238,Totonacan,Totonacan,North America,0.0,124.0
language,grambank,Papapana,0.7222,,papa1265,Austronesian,Austronesian,Papunesia,0.0,180.0
language,grambank,Papuan Malay,0.7989,,papu1250,Austronesian,Austronesian,Papunesia,0.0,184.0
language,grambank,South Wa,0.809,,para1301,Austroasiatic,Austroasiatic,Eurasia,0.0,178.0
language,grambank,Para Naga,0.7483,,para1302,Sino-Tibetan,Sino-Tibetan,Eurasia,0.0,151.0
language,grambank,Gorum-Parenga,0.6691,,pare1266,Austroasiatic,Austroasiatic,Eurasia,0.0,139.0
language,grambank,Parecís,0.5985,,pare1272,Arawakan,Arawakan,South America,1800.0,137.0
language,grambank,Patep,0.7826,,pate1247,Austronesian,Austronesian,Papunesia,0.0,138.0
language,grambank,Patpatar,0.6778,,patp1243,Austronesian,Austronesian,Papunesia,0.0,180.0
language,grambank,Pattani,0.7425,,patt1248,Sino-Tibetan,Sino-Tibetan,Eurasia,0.0,167.0
language,grambank,Paulohi,0.6524,,paul1238,Austronesian,Austronesian,Papunesia,0.0,164.0
language,grambank,Paunaka,0.6702,,paun1241,Arawakan,Arawakan,South America,10.0,94.0
language,grambank,Pawaia,0.8056,,pawa1255,,(isolate),Papunesia,0.0,108.0
language,grambank,Pawnee,0.6689,,pawn1254,Caddoan,Caddoan,North America,10.0,148.0
language,grambank,Manat,0.6903,,payn1244,Nuclear Trans New Guinea,Nuclear Trans New Guinea,Papunesia,0.0,155.0
language,grambank,Pech,0.5755,,pech1241,Chibchan,Chibchan,North America,0.0,139.0
language,grambank,Peere,0.5957,,peer1241,Atlantic-Congo,Atlantic-Congo,Africa,0.0,141.0
language,grambank,Pela,0.828,,pela1242,Sino-Tibetan,Sino-Tibetan,Eurasia,400.0,186.0
language,grambank,Pemon,0.6258,,pemo1248,Cariban,Cariban,South America,0.0,155.0
language,grambank,Pendau,0.7006,,pend1242,Austronesian,Austronesian,Papunesia,0.0,177.0
language,grambank,Pengo,0.6463,,peng1244,Dravidian,Dravidian,Eurasia,350000.0,164.0
language,grambank,Māngarongaro,0.7611,,penr1237,Austronesian,Austronesian,Papunesia,1500.0,113.0
language,grambank,Peripheral Mongolian,0.7258,,peri1253,Mongolic-Khitan,Mongolic-Khitan,Eurasia,0.0,124.0
language,grambank,Prai,0.8371,,phai1238,Austroasiatic,Austroasiatic,Eurasia,0.0,178.0
language,grambank,Phake,0.8144,,phak1238,Tai-Kadai,Tai-Kadai,Eurasia,0.0,97.0
language,grambank,Phoenician,0.6803,,phoe1239,Afro-Asiatic,Afro-Asiatic,Eurasia,0.0,147.0
language,grambank,Phom Naga,0.7133,,phom1236,Sino-Tibetan,Sino-Tibetan,Eurasia,54416.0,150.0
language,grambank,Phong-Kniang,0.8108,,phon1246,Austroasiatic,Austroasiatic,Eurasia,0.0,74.0
language,grambank,Pichis Ashéninka,0.6923,,pich1237,Arawakan,Arawakan,South America,0.0,143.0
language,grambank,Pijin,0.8716,,piji1239,Indo-European,contact language,Papunesia,25000.0,148.0
language,grambank,Pilagá,0.6761,,pila1245,Guaicuruan,Guaicuruan,South America,4000.0,176.0
language,grambank,Vaeakau-Taumako,0.7079,,pile1238,Austronesian,Austronesian,Papunesia,1142.0,178.0
language,grambank,Pima Bajo,0.7006,,pima1248,Uto-Aztecan,Uto-Aztecan,North America,0.0,157.0
language,grambank,Pinai-Hagahai,0.7707,,pina1252,Piawi,Piawi,Papunesia,0.0,157.0
language,grambank,Pingelapese,0.7551,,ping1243,Austronesian,Austronesian,Papunesia,0.0,147.0
language,grambank,Pintupi-Luritja,0.768,,pint1250,Pama-Nyungan,Pama-Nyungan,Australia,0.0,125.0
language,grambank,Pipil,0.6296,,pipi1250,Uto-Aztecan,Uto-Aztecan,North America,1135.0,162.0
language,grambank,Pite Saami,0.7701,,pite1240,Uralic,Uralic,Eurasia,50.0,187.0
language,grambank,Pitta Pitta,0.7451,,pitt1247,Pama-Nyungan,Pama-Nyungan,Australia,0.0,153.0
language,grambank,Plains Cree,0.6407,,plai1258,Algic,Algic,North America,34000.0,167.0
language,grambank,Plateau Malagasy,0.5814,,plat1254,Austronesian,Austronesian,Africa,0.0,86.0
language,grambank,Plautdietsch,0.7052,,plau1238,Indo-European,Indo-European,North America,261000.0,173.0
language,grambank,Pnar,0.6914,,pnar1238,Austroasiatic,Austroasiatic,Eurasia,395124.0,175.0
language,grambank,Pohnpeian,0.7273,,pohn1238,Austronesian,Austronesian,Papunesia,29000.0,176.0
language,grambank,Pökoot,0.5655,,poko1263,Nilotic,Nilotic,Africa,0.0,145.0
language,grambank,Polish,0.5294,,poli1260,Indo-European,Indo-European,Eurasia,39700000.0,187.0
language,grambank,Popti',0.6961,,popt1235,Mayan,Mayan,North America,33000.0,181.0
language,grambank,Portuguese,0.6703,,port1283,Indo-European,Indo-European,Eurasia,254300000.0,185.0
language,grambank,Port Sandwich,0.7365,,port1285,Austronesian,Austronesian,Papunesia,0.0,167.0
language,grambank,Pottangi Ollar Gadaba,0.6098,,pott1240,Dravidian,Dravidian,Eurasia,0.0,82.0
language,grambank,Prasun,0.6404,,pras1239,Indo-European,Indo-European,Eurasia,8000.0,89.0
language,grambank,Psikye,0.7007,,psik1239,Afro-Asiatic,Afro-Asiatic,Africa,0.0,147.0
language,grambank,Puelche,0.664,,puel1244,,(isolate),South America,0.0,125.0
language,grambank,Pukapuka,0.64,,puka1242,Austronesian,Austronesian,Papunesia,450.0,150.0
language,grambank,Pular,0.5581,,pula1262,Atlantic-Congo,Atlantic-Congo,Africa,0.0,129.0
language,grambank,Pulaar,0.568,,pula1263,Atlantic-Congo,Atlantic-Congo,Africa,4450000.0,125.0
language,grambank,Puluwatese,0.7143,,pulu1242,Austronesian,Austronesian,Papunesia,0.0,161.0
language,grambank,Puma,0.6364,,puma1239,Sino-Tibetan,Sino-Tibetan,Eurasia,0.0,165.0
language,grambank,Pumé,0.6391,,pume1238,,(isolate),South America,0.0,133.0
language,grambank,Punic,0.6803,,puni1241,Afro-Asiatic,Afro-Asiatic,Africa,0.0,147.0
language,grambank,Ksingmul,0.7473,,puoc1238,Austroasiatic,Austroasiatic,Eurasia,0.0,91.0
language,grambank,Puquina,0.6696,,puqu1242,,(isolate),South America,0.0,115.0
language,grambank,Purari,0.7582,,pura1257,,(isolate),Papunesia,0.0,153.0
language,grambank,Purepecha,0.64,,pure1242,Tarascan,Tarascan,North America,175000.0,175.0
language,grambank,Purik-Sham-Nubra,0.663,,puri1258,Sino-Tibetan,Sino-Tibetan,Eurasia,0.0,181.0
language,grambank,Puyuma,0.5684,,puyu1239,Austronesian,Austronesian,Papunesia,8500.0,95.0
language,grambank,Q'anjob'al,0.6726,,qanj1241,Mayan,Mayan,North America,0.0,168.0
language,grambank,Central Gelao-Qau,0.8947,,qaua1234,Tai-Kadai,Tai-Kadai,Eurasia,0.0,95.0
language,grambank,Qawasqar,0.7562,,qawa1238,Kawesqar,Kawesqar,South America,12.0,160.0
language,grambank,Qimant,0.673,,qima1242,Afro-Asiatic,Afro-Asiatic,Africa,0.0,159.0
language,grambank,Quapaw,0.6419,,quap1242,Siouan,Siouan,North America,0.0,148.0
language,grambank,Querétaro Otomi,0.661,,quer1236,Otomanguean,Otomanguean,North America,0.0,177.0
language,grambank,Quileute,0.5437,,quil1240,Chimakuan,Chimakuan,North America,0.0,160.0
language,grambank,Quiotepec Chinantec,0.7771,,quio1240,Otomanguean,Otomanguean,North America,0.0,175.0
language,grambank,Rabha,0.7219,,rabh1238,Sino-Tibetan,Sino-Tibetan,Eurasia,0.0,169.0
language,grambank,Rade,0.8395,,rade1240,Austronesian,Austronesian,Eurasia,0.0,162.0
language,grambank,Raji,0.6735,,raji1240,Sino-Tibetan,Sino-Tibetan,Eurasia,0.0,147.0
language,grambank,Rama,0.6449,,rama1270,Chibchan,Chibchan,North America,740.0,138.0
language,grambank,Rapanui,0.7628,,rapa1244,Austronesian,Austronesian,Papunesia,5000.0,156.0
language,grambank,Mangaia-Old Rapa,0.7405,,rapa1245,Austronesian,Austronesian,Papunesia,0.0,185.0
language,grambank,Rapoisi,0.602,,rapo1238,North Bougainville,North Bougainville,Papunesia,0.0,98.0
language,grambank,Southern Cook Island Maori,0.7892,,raro1241,Austronesian,Austronesian,Papunesia,17500.0,166.0
language,grambank,Ratahan,0.6772,,rata1244,Austronesian,Austronesian,Papunesia,0.0,158.0
language,grambank,Raute,0.6875,,raut1239,Sino-Tibetan,Sino-Tibetan,Eurasia,0.0,128.0
language,grambank,Rawa,0.6628,,rawa1267,Nuclear Trans New Guinea,Nuclear Trans New Guinea,Papunesia,0.0,86.0
language,grambank,Rejang Kayan,0.7591,,reja1241,Austronesian,Austronesian,Papunesia,0.0,137.0
language,grambank,Rembong-Wangka,0.8355,,remb1250,Austronesian,Austronesian,Papunesia,5000.0,152.0
language,grambank,Hatang Kayi,0.7812,,remo1247,Austronesian,Austronesian,Papunesia,2500.0,128.0
language,grambank,Rengao,0.8364,,reng1252,Austroasiatic,Austroasiatic,Eurasia,0.0,165.0
language,grambank,Rennell-Bellona,0.6918,,renn1242,Austronesian,Austronesian,Papunesia,0.0,159.0
language,grambank,Rerep,0.8071,,rere1240,Austronesian,Austronesian,Papunesia,0.0,140.0
language,grambank,Resígaro,0.5625,,resi1247,Arawakan,Arawakan,South America,1.0,80.0
language,grambank,Reyesano,0.7045,,reye1240,Pano-Tacanan,Pano-Tacanan,South America,250.0,132.0
language,grambank,Riantana,0.7545,,rian1263,Kolopom,Kolopom,Papunesia,0.0,110.0
language,grambank,Rikbaktsa,0.5175,,rikb1245,Nuclear-Macro-Je,Nuclear-Macro-Je,South America,0.0,143.0
language,grambank,Ritarungo,0.5618,,rita1239,Pama-Nyungan,Pama-Nyungan,Australia,0.0,89.0
language,grambank,Romansh,0.6897,,roma1326,Indo-European,Indo-European,Eurasia,40039.0,174.0
language,grambank,Romblomanon,0.7365,,romb1245,Austronesian,Austronesian,Papunesia,0.0,148.0
language,grambank,Rongpo,0.7584,,rong1264,Sino-Tibetan,Sino-Tibetan,Eurasia,0.0,178.0
language,grambank,Rongmei Naga,0.7484,,rong1266,Sino-Tibetan,Sino-Tibetan,Eurasia,0.0,155.0
language,grambank,Ron,0.6605,,ronn1241,Afro-Asiatic,Afro-Asiatic,Africa,176000.0,162.0
language,grambank,Rotokas,0.6127,,roto1249,North Bougainville,North Bougainville,Papunesia,4320.0,173.0
language,grambank,Rotuman,0.7308,,rotu1241,Austronesian,Austronesian,Papunesia,9000.0,156.0
language,grambank,Roviana,0.7013,,rovi1238,Austronesian,Austronesian,Papunesia,0.0,154.0
language,grambank,Ruching Palaung,0.8409,,ruch1235,Austroasiatic,Austroasiatic,Eurasia,0.0,176.0
language,grambank,Rukai,0.6359,,ruka1240,Austronesian,Austronesian,Papunesia,10500.0,184.0
language,grambank,Rumai Palaung,0.8343,,ruma1248,Austroasiatic,Austroasiatic,Eurasia,0.0,175.0
language,grambank,Rumu,0.6232,,rumu1243,Turama-Kikori,Turama-Kikori,Papunesia,0.0,69.0
language,grambank,Runga,0.6316,,rung1258,Maban,Maban,Africa,0.0,171.0
language,grambank,Rungus,0.8168,,rung1259,Austronesian,Austronesian,Papunesia,0.0,131.0
language,grambank,Russian,0.6237,,russ1263,Indo-European,Indo-European,Eurasia,154000000.0,186.0
language,grambank,Russia Buriat,0.6548,,russ1264,Mongolic-Khitan,Mongolic-Khitan,Eurasia,219000.0,168.0
language,grambank,Rutul,0.6906,,rutu1240,Nakh-Daghestanian,Nakh-Daghestanian,Eurasia,47400.0,139.0
language,grambank,Sa'a,0.7319,,saaa1240,Austronesian,Austronesian,Papunesia,0.0,138.0
language,grambank,Sa,0.7662,,saaa1241,Austronesian,Austronesian,Papunesia,0.0,154.0
language,grambank,Saamia,0.6667,,saam1283,Atlantic-Congo,Atlantic-Congo,Africa,0.0,129.0
language,grambank,Saaroa,0.7283,,saar1237,Austronesian,Austronesian,Papunesia,10.0,184.0
language,grambank,Sabah Malay,0.8514,,saba1263,Austronesian,Austronesian,Papunesia,0.0,175.0
language,grambank,Sabah Bisaya,0.7786,,saba1267,Austronesian,Austronesian,Papunesia,0.0,131.0
language,grambank,Sabanê,0.6788,,saba1268,Nambiquaran,Nambiquaran,South America,3.0,165.0
language,grambank,Hawu,0.7818,,sabu1255,Austronesian,Austronesian,Papunesia,110000.0,165.0
language,grambank,Sagalla,0.6531,,saga1262,Atlantic-Congo,Atlantic-Congo,Africa,0.0,147.0
language,grambank,Saisiyat,0.6796,,sais1237,Austronesian,Austronesian,Papunesia,4750.0,181.0
language,grambank,Wanohe,0.7,,saka1289,Austronesian,Austronesian,Papunesia,0.0,180.0
language,grambank,West Malagasy Sakalava,0.7143,,saka1291,Austronesian,Austronesian,Africa,0.0,133.0
language,grambank,Sakizaya,0.7099,,saki1247,Austronesian,Austronesian,Papunesia,958.0,131.0
language,grambank,Mekens,0.597,,saki1248,Tupian,Tupian,South America,0.0,134.0
language,grambank,Salinan,0.7259,,sali1253,,(isolate),North America,0.0,135.0
language,grambank,Salt-Yui,0.7711,,salt1242,Nuclear Trans New Guinea,Nuclear Trans New Guinea,Papunesia,0.0,83.0
language,grambank,Samba Leko,0.7988,,samb1305,Atlantic-Congo,Atlantic-Congo,Africa,0.0,164.0
language,grambank,Samba Daka,0.7843,,samb1311,Atlantic-Congo,Atlantic-Congo,Africa,0.0,153.0
language,grambank,Samoan,0.6774,,samo1305,Austronesian,Austronesian,Papunesia,415720.0,186.0
language,grambank,Sanaani Arabic,0.6731,,sana1295,Afro-Asiatic,Afro-Asiatic,Eurasia,11400000.0,156.0
language,grambank,San Andres Creole English,0.9068,,sana1297,Indo-European,contact language,North America,0.0,161.0
language,grambank,San Baltazar Loxicha Zapotec,0.7746,,sanb1241,Otomanguean,Otomanguean,North America,0.0,142.0
language,grambank,San Blas Kuna,0.6792,,sanb1242,Chibchan,Chibchan,South America,0.0,159.0
language,grambank,Sandawe,0.4459,,sand1273,,(isolate),Africa,40000.0,74.0
language,grambank,San Dionisio del Mar Huave,0.6384,,sand1278,Huavean,Huavean,North America,0.0,177.0
language,grambank,Sangtam Naga,0.7293,,sang1321,Sino-Tibetan,Sino-Tibetan,Eurasia,0.0,133.0
language,grambank,Sangu (Tanzania),0.5814,,sang1330,Atlantic-Congo,Atlantic-Congo,Africa,0.0,86.0
language,grambank,Sanga (Democratic Republic of Congo),0.6306,,sang1331,Atlantic-Congo,Atlantic-Congo,Africa,0.0,157.0
language,grambank,Sani,0.8405,,sani1269,Sino-Tibetan,Sino-Tibetan,Eurasia,0.0,163.0
language,grambank,Western Tlacolula Valley Zapotec,0.7619,,sanj1284,Otomanguean,Otomanguean,North America,28000.0,147.0
language,grambank,San Martín Quechua,0.6646,,sanm1289,Quechuan,Quechuan,South America,15000.0,164.0
language,grambank,San Miguel El Grande Mixtec,0.764,,sanm1295,Otomanguean,Otomanguean,North America,0.0,178.0
language,grambank,San Marcos Tlalcoyalco Popoloca,0.6691,,sanm1301,Otomanguean,Otomanguean,North America,0.0,136.0
language,grambank,Santali,0.651,,sant1410,Austroasiatic,Austroasiatic,Eurasia,7200000.0,149.0
language,grambank,Santa María Zacatepec Mixtec,0.6753,,sant1436,Otomanguean,Otomanguean,North America,0.0,154.0
language,grambank,Santa María Quiegolani Zapotec,0.7727,,sant1451,Otomanguean,Otomanguean,North America,0.0,154.0
language,grambank,Sanumá,0.6621,,sanu1240,Yanomamic,Yanomamic,South America,0.0,145.0
language,grambank,Saposa,0.7286,,sapo1253,Austronesian,Austronesian,Papunesia,0.0,140.0
language,grambank,Sapuan,0.8356,,sapu1248,Austroasiatic,Austroasiatic,Eurasia,0.0,146.0
language,grambank,Sara Kaba Náà,0.7667,,sara1321,Central Sudanic,Central Sudanic,Africa,0.0,150.0
language,grambank,Sarangani Manobo,0.7344,,sara1327,Austronesian,Austronesian,Papunesia,0.0,128.0
language,grambank,Saramaccan,0.7841,,sara1340,Indo-European,contact language,South America,90000.0,176.0
language,grambank,Sarsi,0.6667,,sars1236,Athabaskan-Eyak-Tlingit,Athabaskan-Eyak-Tlingit,North America,0.0,168.0
language,grambank,Sasak,0.7793,,sasa1249,Austronesian,Austronesian,Papunesia,2000000.0,145.0
language,grambank,Satawalese,0.7206,,sata1237,Austronesian,Austronesian,Papunesia,0.0,136.0
language,grambank,Ma Manda,0.7052,,sauk1252,Nuclear Trans New Guinea,Nuclear Trans New Guinea,Papunesia,0.0,173.0
language,grambank,Sauria Paharia,0.6374,,saur1249,Dravidian,Dravidian,Eurasia,0.0,171.0
language,grambank,Savosavo,0.6554,,savo1255,,(isolate),Papunesia,0.0,177.0
language,grambank,Saya,0.7586,,saya1246,Afro-Asiatic,Afro-Asiatic,Africa,300000.0,116.0
language,grambank,Sedang,0.8235,,seda1262,Austroasiatic,Austroasiatic,Eurasia,0.0,170.0
language,grambank,Seimat,0.7892,,seim1238,Austronesian,Austronesian,Papunesia,0.0,185.0
language,grambank,Seke (Vanuatu),0.7365,,seke1241,Austronesian,Austronesian,Papunesia,0.0,167.0
language,grambank,Sekpele,0.6087,,sekp1241,Atlantic-Congo,Atlantic-Congo,Africa,0.0,92.0
language,grambank,Selaru,0.7542,,sela1259,Austronesian,Austronesian,Papunesia,1823.0,179.0
language,grambank,Selayar,0.7121,,sela1260,Austronesian,Austronesian,Papunesia,0.0,132.0
language,grambank,Selee,0.626,,sele1249,Atlantic-Congo,Atlantic-Congo,Africa,0.0,123.0
language,grambank,Selepet,0.5979,,sele1250,Nuclear Trans New Guinea,Nuclear Trans New Guinea,Papunesia,0.0,97.0
language,grambank,Semaq Beri,0.7644,,sema1265,Austroasiatic,Austroasiatic,Eurasia,0.0,174.0
language,grambank,Semai,0.8,,sema1266,Austroasiatic,Austroasiatic,Eurasia,10000.0,135.0
language,grambank,Semelai,0.7059,,seme1247,Austroasiatic,Austroasiatic,Eurasia,0.0,187.0
language,grambank,Seneca,0.6845,,sene1264,Iroquoian,Iroquoian,North America,100.0,168.0
language,grambank,Sengseng,0.7216,,seng1281,Austronesian,Austronesian,Papunesia,0.0,97.0
language,grambank,Seri,0.6379,,seri1257,,(isolate),North America,900.0,174.0
language,grambank,Serrano,0.7273,,serr1255,Uto-Aztecan,Uto-Aztecan,North America,0.0,176.0
language,grambank,Severn Ojibwa,0.6568,,seve1240,Algic,Algic,North America,10500.0,169.0
language,grambank,S'gaw Karen,0.7792,,sgaw1245,Sino-Tibetan,Sino-Tibetan,Eurasia,4000000.0,154.0
language,grambank,Shabo,0.5525,,shab1252,,(isolate),Africa,400.0,181.0
language,grambank,Shambala,0.6372,,sham1280,Atlantic-Congo,Atlantic-Congo,Africa,664000.0,113.0
language,grambank,Shanenawa,0.6727,,shan1283,Pano-Tacanan,Pano-Tacanan,South America,0.0,165.0
language,grambank,Shasta,0.7464,,shas1239,Shastan,Shastan,North America,0.0,138.0
language,grambank,Shawnee,0.625,,shaw1249,Algic,Algic,North America,0.0,160.0
language,grambank,She,0.9038,,shee1238,Hmong-Mien,Hmong-Mien,Eurasia,0.0,156.0
language,grambank,Sheko,0.4713,,shek1245,Dizoid,Dizoid,Africa,0.0,87.0
language,grambank,Sherdukpen,0.7763,,sher1257,Sino-Tibetan,Sino-Tibetan,Eurasia,9663.0,76.0
language,grambank,Sherbro,0.6875,,sher1258,Atlantic-Congo,Atlantic-Congo,Africa,0.0,112.0
language,grambank,Shilluk,0.7069,,shil1265,Nilotic,Nilotic,Africa,2000000.0,174.0
language,grambank,Shipibo-Conibo,0.6194,,ship1254,Pano-Tacanan,Pano-Tacanan,South America,34152.0,155.0
language,grambank,Shixing,0.6724,,shix1238,Sino-Tibetan,Sino-Tibetan,Eurasia,0.0,174.0
language,grambank,Sholaga,0.703,,shol1240,Dravidian,Dravidian,Eurasia,24000.0,165.0
language,grambank,Shona,0.6322,,shon1251,Atlantic-Congo,Atlantic-Congo,Africa,8300000.0,174.0
language,grambank,Shor,0.6647,,shor1247,Turkic,Turkic,Eurasia,2839.0,170.0
language,grambank,Shoshoni,0.6,,shos1248,Uto-Aztecan,Uto-Aztecan,North America,1000.0,185.0
language,grambank,Shuar,0.6525,,shua1257,Chicham,Chicham,South America,35000.0,141.0
language,grambank,Shwe Palaung,0.8323,,shwe1236,Austroasiatic,Austroasiatic,Eurasia,0.0,161.0
language,grambank,Siamou,0.7578,,siam1242,,(isolate),Africa,0.0,128.0
language,grambank,Siar-Lak,0.7229,,siar1238,Austronesian,Austronesian,Papunesia,0.0,83.0
language,grambank,Siawi,0.5917,,siaw1243,Amto-Musan,Amto-Musan,Papunesia,220.0,120.0
language,grambank,Sichuan Yi,0.7198,,sich1238,Sino-Tibetan,Sino-Tibetan,Eurasia,2000000.0,182.0
language,grambank,Sicilian,0.6743,,sici1248,Indo-European,Indo-European,Eurasia,4700000.0,175.0
language,grambank,Sìcìté Sénoufo,0.7226,,sici1249,Atlantic-Congo,Atlantic-Congo,Africa,0.0,137.0
language,grambank,Sidamo,0.5842,,sida1246,Afro-Asiatic,Afro-Asiatic,Africa,1800000.0,101.0
language,grambank,Sie,0.6226,,siee1239,Austronesian,Austronesian,Papunesia,0.0,159.0
language,grambank,Sierra Negra Nahuatl,0.6115,,sier1248,Uto-Aztecan,Uto-Aztecan,North America,0.0,139.0
language,grambank,Sierra de Juárez Zapotec,0.7179,,sier1250,Otomanguean,Otomanguean,North America,0.0,156.0
language,grambank,Sikaiana,0.7425,,sika1261,Austronesian,Austronesian,Papunesia,0.0,167.0
language,grambank,Siksika,0.6516,,siks1238,Algic,Algic,North America,5000.0,155.0
language,grambank,Sikule,0.7037,,siku1242,Austronesian,Austronesian,Papunesia,0.0,135.0
language,grambank,Sirva,0.6623,,sile1255,Nuclear Trans New Guinea,Nuclear Trans New Guinea,Papunesia,0.0,151.0
language,grambank,Simbo,0.6774,,simb1256,Austronesian,Austronesian,Papunesia,0.0,93.0
language,grambank,Sinaugoro,0.6865,,sina1266,Austronesian,Austronesian,Papunesia,18000.0,185.0
language,grambank,Northern Jinghpaw,0.7174,,sing1264,Sino-Tibetan,Sino-Tibetan,Eurasia,0.0,184.0
language,grambank,Sininkere,0.725,,sini1242,Mande,Mande,Africa,0.0,120.0
language,grambank,Siona-Tetete,0.541,,sion1247,Tucanoan,Tucanoan,South America,550.0,61.0
language,grambank,Sio,0.7515,,sioo1240,Austronesian,Austronesian,Papunesia,0.0,169.0
language,grambank,Sirayaic,0.7692,,sira1267,Austronesian,Austronesian,Papunesia,0.0,169.0
language,grambank,Sirionó,0.6852,,siri1273,Tupian,Tupian,South America,400.0,162.0
language,grambank,Siriano,0.521,,siri1274,Tucanoan,Tucanoan,South America,220.0,119.0
language,grambank,Siroi,0.6702,,siro1249,Nuclear Trans New Guinea,Nuclear Trans New Guinea,Papunesia,0.0,94.0
language,grambank,Sisiqa,0.6957,,sisi1250,Austronesian,Austronesian,Papunesia,0.0,69.0
language,grambank,Situ,0.6102,,situ1238,Sino-Tibetan,Sino-Tibetan,Eurasia,0.0,177.0
language,grambank,Siuslaw,0.6646,,sius1254,,(isolate),North America,0.0,158.0
language,grambank,Siwai,0.5556,,siwa1245,South Bougainville,South Bougainville,Papunesia,0.0,90.0
language,grambank,Siwi,0.6312,,siwi1239,Afro-Asiatic,Afro-Asiatic,Africa,0.0,160.0
language,grambank,Siwu,0.6235,,siwu1238,Atlantic-Congo,Atlantic-Congo,Africa,0.0,85.0
language,grambank,Sizang Chin,0.6744,,siyi1240,Sino-Tibetan,Sino-Tibetan,Eurasia,0.0,129.0
language,grambank,Skolt Saami,0.7391,,skol1241,Uralic,Uralic,Eurasia,420.0,184.0
language,grambank,Slovenian,0.6865,,slov1268,Indo-European,Indo-European,Eurasia,2400000.0,185.0
language,grambank,Sobei,0.696,,sobe1238,Austronesian,Austronesian,Papunesia,0.0,125.0
language,grambank,Sochiapam Chinantec,0.7459,,soch1239,Otomanguean,Otomanguean,North America,0.0,181.0
language,grambank,Soga,0.6724,,soga1242,Atlantic-Congo,Atlantic-Congo,Africa,0.0,174.0
language,grambank,Soli,0.6289,,soli1239,Atlantic-Congo,Atlantic-Congo,Africa,54400.0,97.0
language,grambank,Somali,0.4787,,soma1255,Afro-Asiatic,Afro-Asiatic,Africa,16200000.0,94.0
language,grambank,Soninke,0.7213,,soni1259,Mande,Mande,Africa,1096795.0,122.0
language,grambank,Sonsorol,0.7759,,sons1242,Austronesian,Austronesian,Papunesia,600.0,174.0
language,grambank,Sô,0.8631,,sooo1254,Austroasiatic,Austroasiatic,Eurasia,0.0,168.0
language,grambank,Soo,0.5443,,sooo1256,Kuliak,Kuliak,Africa,50.0,79.0
language,grambank,Sora,0.6739,,sora1254,Austroasiatic,Austroasiatic,Eurasia,410000.0,138.0
language,grambank,Serbian-Croatian-Bosnian,0.6923,,sout1528,Indo-European,Indo-European,Eurasia,0.0,182.0
language,grambank,Southeastern Kolami,0.5342,,sout1549,Dravidian,Dravidian,Eurasia,0.0,73.0
language,grambank,Southern Pashto,0.6529,,sout2649,Indo-European,Indo-European,Eurasia,10900000.0,170.0
language,grambank,South Saami,0.7647,,sout2674,Uralic,Uralic,Eurasia,600.0,187.0
language,grambank,Southern Ghale,0.7568,,sout2715,Sino-Tibetan,Sino-Tibetan,Eurasia,0.0,111.0
language,grambank,Southern Qiang,0.6649,,sout2728,Sino-Tibetan,Sino-Tibetan,Eurasia,0.0,185.0
language,grambank,Southern Pumi,0.7528,,sout2729,Sino-Tibetan,Sino-Tibetan,Eurasia,0.0,178.0
language,grambank,Southern Bai,0.7974,,sout2730,Sino-Tibetan,Sino-Tibetan,Eurasia,0.0,153.0
language,grambank,Southern Dong,0.8478,,sout2741,Tai-Kadai,Tai-Kadai,Eurasia,1500000.0,92.0
language,grambank,South Fali,0.807,,sout2782,Atlantic-Congo,Atlantic-Congo,Africa,0.0,171.0
language,grambank,Southern Toussian,0.5111,,sout2797,Atlantic-Congo,Atlantic-Congo,Africa,0.0,90.0
language,grambank,Southern Sotho,0.6648,,sout2807,Atlantic-Congo,Atlantic-Congo,Africa,6000000.0,176.0
language,grambank,Southern Grebo,0.6905,,sout2826,Kru,Kru,Africa,0.0,84.0
language,grambank,South Efate,0.6556,,sout2856,Austronesian,Austronesian,Papunesia,0.0,180.0
language,grambank,Nahavaq,0.75,,sout2857,Austronesian,Austronesian,Papunesia,0.0,172.0
language,grambank,Southeast Ambrym,0.7025,,sout2859,Austronesian,Austronesian,Papunesia,0.0,121.0
language,grambank,Southwest Tanna,0.6875,,sout2869,Austronesian,Austronesian,Papunesia,0.0,160.0
language,grambank,South Nuaulu,0.7303,,sout2895,Austronesian,Austronesian,Papunesia,0.0,152.0
language,grambank,Eastern Atadei,0.8142,,sout2896,Austronesian,Austronesian,Papunesia,0.0,113.0
language,grambank,Coastal-Virac Bikol,0.7049,,sout2912,Austronesian,Austronesian,Papunesia,0.0,122.0
language,grambank,Southern Sama,0.7451,,sout2918,Austronesian,Austronesian,Papunesia,0.0,153.0
language,grambank,Southern Kiwai,0.686,,sout2949,Kiwaian,Kiwaian,Papunesia,0.0,86.0
language,grambank,Southern Amami-Oshima,0.6731,,sout2954,Japonic,Japonic,Eurasia,1800.0,156.0
language,grambank,Southern Haida,0.623,,sout2956,Haida,Haida,North America,0.0,183.0
language,grambank,South Slavey,0.6452,,sout2959,Athabaskan-Eyak-Tlingit,Athabaskan-Eyak-Tlingit,North America,0.0,186.0
language,grambank,Southeastern Tepehuan,0.675,,sout2976,Uto-Aztecan,Uto-Aztecan,North America,0.0,160.0
language,grambank,Southern Sierra Miwok,0.6188,,sout2985,Miwok-Costanoan,Miwok-Costanoan,North America,0.0,160.0
language,grambank,Southern Lengua,0.5838,,sout2989,Lengua-Mascoy,Lengua-Mascoy,South America,0.0,185.0
language,grambank,Southern Nambikuára,0.6854,,sout2994,Nambiquaran,Nambiquaran,South America,720.0,178.0
language,grambank,Southern Aymara,0.6444,,sout2996,Aymaran,Aymaran,South America,0.0,180.0
language,grambank,Southern Gumuz,0.6,,sout3236,Gumuz,Gumuz,Africa,0.0,155.0
language,grambank,Sri Lanka Malay,0.7303,,sril1245,Austronesian,contact language,Eurasia,46000.0,178.0
language,grambank,Catalan,0.672,,stan1289,Indo-European,Indo-European,Eurasia,4873396.0,186.0
language,grambank,French,0.6578,,stan1290,Indo-European,Indo-European,Eurasia,77200000.0,187.0
language,grambank,English,0.7433,,stan1293,Indo-European,Indo-European,Eurasia,379007140.0,187.0
language,grambank,Standard Malay,0.8142,,stan1306,Austronesian,Austronesian,Eurasia,0.0,183.0
language,grambank,Standard Arabic,0.5563,,stan1318,Afro-Asiatic,Afro-Asiatic,Eurasia,0.0,160.0
language,grambank,Suabo,0.6289,,suab1238,Inanwatan,Inanwatan,Papunesia,0.0,97.0
language,grambank,Suba,0.6514,,suba1238,Atlantic-Congo,Atlantic-Congo,Africa,0.0,109.0
language,grambank,South Sudanese Creole Arabic,0.8042,,suda1237,Afro-Asiatic,contact language,Africa,20000.0,143.0
language,grambank,Sudest,0.7059,,sude1239,Austronesian,Austronesian,Papunesia,0.0,153.0
language,grambank,Suena,0.6667,,suen1241,Nuclear Trans New Guinea,Nuclear Trans New Guinea,Papunesia,0.0,90.0
language,grambank,Suku,0.6744,,suku1259,Atlantic-Congo,Atlantic-Congo,Africa,0.0,129.0
language,grambank,Sukuma,0.5403,,suku1261,Atlantic-Congo,Atlantic-Congo,Africa,5430000.0,124.0
language,grambank,Sukur,0.6837,,suku1272,Afro-Asiatic,Afro-Asiatic,Africa,0.0,98.0
language,grambank,Sulka,0.6854,,sulk1246,,(isolate),Papunesia,0.0,89.0
language,grambank,Sumerian,0.6792,,sume1241,,(isolate),Eurasia,0.0,159.0
language,grambank,Sumi Naga,0.6836,,sumi1235,Sino-Tibetan,Sino-Tibetan,Eurasia,0.0,177.0
language,grambank,Sundanese,0.7469,,sund1252,Austronesian,Austronesian,Papunesia,32400000.0,162.0
language,grambank,Sunwar,0.7349,,sunw1242,Sino-Tibetan,Sino-Tibetan,Eurasia,0.0,166.0
language,grambank,Supyire Senoufo,0.6257,,supy1237,Atlantic-Congo,Atlantic-Congo,Africa,0.0,187.0
language,grambank,Surgut Khanty,0.764,,surg1248,Uralic,Uralic,Eurasia,0.0,178.0
language,grambank,Sursurunga,0.7727,,surs1246,Austronesian,Austronesian,Papunesia,0.0,154.0
language,grambank,Suruí Do Pará,0.6269,,suru1261,Tupian,Tupian,South America,0.0,67.0
language,grambank,Susu,0.7204,,susu1250,Mande,Mande,Africa,2400000.0,93.0
language,grambank,Swahili,0.6667,,swah1253,Atlantic-Congo,Atlantic-Congo,Africa,16010110.0,171.0
language,grambank,Swedish,0.7102,,swed1254,Indo-European,Indo-European,Eurasia,9244250.0,176.0
language,grambank,Tabaru,0.7381,,taba1263,North Halmahera,North Halmahera,Papunesia,15000.0,168.0
language,grambank,Tabo,0.6688,,tabo1241,,(isolate),Papunesia,0.0,157.0
language,grambank,Tafi,0.5281,,tafi1243,Atlantic-Congo,Atlantic-Congo,Africa,0.0,89.0
language,grambank,Tagalog,0.6495,,taga1270,Austronesian,Austronesian,Papunesia,23600000.0,97.0
language,grambank,Tagabawa,0.7516,,taga1272,Austronesian,Austronesian,Papunesia,43000.0,157.0
language,grambank,Tagin,0.663,,tagi1241,Sino-Tibetan,Sino-Tibetan,Eurasia,0.0,92.0
language,grambank,Tagoi,0.6381,,tago1246,Rashad,Rashad,Africa,0.0,105.0
language,grambank,Tagwana Senoufo,0.7965,,tagw1240,Atlantic-Congo,Atlantic-Congo,Africa,0.0,113.0
language,grambank,Tahaggart Tamahaq,0.5765,,taha1241,Afro-Asiatic,Afro-Asiatic,Africa,112900.0,170.0
language,grambank,Tahitian,0.6851,,tahi1242,Austronesian,Austronesian,Papunesia,68000.0,181.0
language,grambank,Taiap,0.669,,taia1239,,(isolate),Papunesia,0.0,145.0
language,grambank,Tainae,0.5581,,tain1253,Angan,Angan,Papunesia,0.0,86.0
language,grambank,Tajio,0.7345,,taji1246,Austronesian,Austronesian,Papunesia,0.0,177.0
language,grambank,Takelma,0.6928,,take1257,,(isolate),North America,0.0,166.0
language,grambank,Takia,0.7079,,taki1248,Austronesian,Austronesian,Papunesia,0.0,89.0
language,grambank,Takuu,0.773,,taku1257,Austronesian,Austronesian,Papunesia,0.0,163.0
language,grambank,Talise,0.7591,,tali1259,Austronesian,Austronesian,Papunesia,0.0,137.0
language,grambank,Tama (Chad),0.6618,,tama1331,Tamaic,Tamaic,Africa,0.0,136.0
language,grambank,Tamasheq,0.5667,,tama1365,Afro-Asiatic,Afro-Asiatic,Africa,500000.0,180.0
language,grambank,Tambunan Dusun,0.7986,,tamb1254,Austronesian,Austronesian,Papunesia,0.0,139.0
language,grambank,Tamil,0.7005,,tami1289,Dravidian,Dravidian,Eurasia,75000000.0,187.0
language,grambank,Tami,0.7719,,tami1290,Austronesian,Austronesian,Papunesia,0.0,114.0
language,grambank,Tanema,0.8378,,tane1237,Austronesian,Austronesian,Papunesia,4.0,148.0
language,grambank,Tangut,0.8138,,tang1334,Sino-Tibetan,Sino-Tibetan,Eurasia,0.0,145.0
language,grambank,East-Central Tangkhul Naga,0.7407,,tang1336,Sino-Tibetan,Sino-Tibetan,Eurasia,0.0,162.0
language,grambank,Movono,0.8092,,tang1347,Austronesian,Austronesian,Papunesia,0.0,152.0
language,grambank,Tangga,0.7239,,tang1348,Austronesian,Austronesian,Papunesia,0.0,134.0
language,grambank,Tangwang,0.7917,,tang1373,Sino-Tibetan,Sino-Tibetan,Eurasia,0.0,144.0
language,grambank,Tangam,0.655,,tang1377,Sino-Tibetan,Sino-Tibetan,Eurasia,0.0,171.0
language,grambank,Tanimuca-Retuarã,0.5152,,tani1257,Tucanoan,Tucanoan,South America,300.0,66.0
language,grambank,Tanzanian Ngoni,0.6778,,tanz1241,Atlantic-Congo,Atlantic-Congo,Africa,0.0,180.0
language,grambank,Tarao,0.7081,,tara1313,Sino-Tibetan,Sino-Tibetan,Eurasia,0.0,161.0
language,grambank,Tariana,0.4248,,tari1256,Arawakan,Arawakan,South America,100.0,153.0
language,grambank,Tarifiyt-Beni-Iznasen-Eastern Middle Atlas Berber,0.5931,,tari1263,Afro-Asiatic,Afro-Asiatic,Africa,4399000.0,145.0
language,grambank,Seediq,0.6667,,taro1264,Austronesian,Austronesian,Papunesia,20000.0,72.0
language,grambank,Tatar,0.6864,,tata1255,Turkic,Turkic,Eurasia,5200000.0,169.0
language,grambank,Tatana,0.6443,,tata1257,Austronesian,Austronesian,Papunesia,0.0,149.0
language,grambank,Tataltepec Chatino,0.7273,,tata1258,Otomanguean,Otomanguean,North America,0.0,121.0
language,grambank,Taulil,0.6313,,taul1251,Taulil-Butam,Taulil-Butam,Papunesia,0.0,179.0
language,grambank,Tausug,0.686,,taus1251,Austronesian,Austronesian,Papunesia,1100000.0,172.0
language,grambank,Taushiro,0.7172,,taus1253,,(isolate),South America,1.0,145.0
language,grambank,Tauya,0.6111,,tauy1241,Nuclear Trans New Guinea,Nuclear Trans New Guinea,Papunesia,0.0,90.0
language,grambank,Tawala,0.6304,,tawa1275,Austronesian,Austronesian,Papunesia,0.0,92.0
language,grambank,Tawallammat Tamajaq,0.6179,,tawa1286,Afro-Asiatic,Afro-Asiatic,Africa,640000.0,123.0
language,grambank,Tayart Tamajeq,0.6144,,taya1257,Afro-Asiatic,Afro-Asiatic,Africa,250000.0,153.0
language,grambank,Tboli,0.759,,tbol1240,Austronesian,Austronesian,Papunesia,95000.0,166.0
language,grambank,Teanu,0.8511,,tean1237,Austronesian,Austronesian,Papunesia,800.0,141.0
language,grambank,Tedaga,0.671,,teda1241,Saharan,Saharan,Africa,42500.0,155.0
language,grambank,Tedim Chin,0.6687,,tedi1235,Sino-Tibetan,Sino-Tibetan,Eurasia,0.0,163.0
language,grambank,Tegali,0.7531,,tega1236,Rashad,Rashad,Africa,0.0,81.0
language,grambank,Tehuelche,0.7126,,tehu1242,Chonan,Chonan,South America,0.0,174.0
language,grambank,Latege,0.686,,teke1275,Atlantic-Congo,Atlantic-Congo,Africa,0.0,172.0
language,grambank,Tektiteko,0.681,,tekt1235,Mayan,Mayan,North America,0.0,163.0
language,grambank,Telefol,0.5625,,tele1256,Nuclear Trans New Guinea,Nuclear Trans New Guinea,Papunesia,0.0,96.0
language,grambank,Telugu,0.5772,,telu1262,Dravidian,Dravidian,Eurasia,82000000.0,123.0
language,grambank,Temascaltepec Nahuatl,0.7027,,tema1239,Uto-Aztecan,Uto-Aztecan,North America,310.0,74.0
language,grambank,Motembo-Kunda,0.604,,temb1272,Atlantic-Congo,Atlantic-Congo,Africa,0.0,101.0
language,grambank,Temiar,0.7391,,temi1246,Austroasiatic,Austroasiatic,Eurasia,0.0,161.0
language,grambank,Temoaya Otomi,0.6809,,temo1245,Otomanguean,Otomanguean,North America,0.0,141.0
language,grambank,Tempasuk Dusun,0.7459,,temp1235,Austronesian,Austronesian,Papunesia,0.0,122.0
language,grambank,Tengou-Togo Dogon,0.6795,,tene1248,Dogon,Dogon,Africa,0.0,156.0
language,grambank,Tengger,0.7119,,teng1272,Austronesian,Austronesian,Papunesia,0.0,118.0
language,grambank,Tennet,0.6053,,tenn1246,Surmic,Surmic,Africa,0.0,152.0
language,grambank,Teop,0.6944,,teop1238,Austronesian,Austronesian,Papunesia,0.0,144.0
language,grambank,Tepecano,0.6723,,tepe1278,Uto-Aztecan,Uto-Aztecan,North America,0.0,119.0
language,grambank,Tera,0.7724,,tera1251,Afro-Asiatic,Afro-Asiatic,Africa,0.0,145.0
language,grambank,Teribe,0.6815,,teri1250,Chibchan,Chibchan,North America,3000.0,157.0
language,grambank,Termanu,0.7576,,term1237,Austronesian,Austronesian,Papunesia,0.0,165.0
language,grambank,Ternate,0.7747,,tern1247,North Halmahera,North Halmahera,Papunesia,42000.0,182.0
language,grambank,Tetelcingo Nahuatl,0.6766,,tete1251,Uto-Aztecan,Uto-Aztecan,North America,3500.0,167.0
language,grambank,Tetum,0.7229,,tetu1245,Austronesian,Austronesian,Papunesia,463500.0,83.0
language,grambank,Tetun Dili,0.7966,,tetu1246,Austronesian,Austronesian,Papunesia,0.0,177.0
language,grambank,Tezoatlán Mixtec,0.6709,,tezo1238,Otomanguean,Otomanguean,North America,0.0,158.0
language,grambank,Thado Chin,0.6102,,thad1238,Sino-Tibetan,Sino-Tibetan,Eurasia,0.0,177.0
language,grambank,Thai,0.8144,,thai1261,Tai-Kadai,Tai-Kadai,Eurasia,20700000.0,97.0
language,grambank,Thakali,0.7459,,thak1245,Sino-Tibetan,Sino-Tibetan,Eurasia,0.0,185.0
language,grambank,Thangmi,0.7353,,than1259,Sino-Tibetan,Sino-Tibetan,Eurasia,0.0,170.0
language,grambank,Thao,0.7423,,thao1240,Austronesian,Austronesian,Papunesia,0.0,163.0
language,grambank,Tharaka,0.6327,,thar1283,Atlantic-Congo,Atlantic-Congo,Africa,176000.0,98.0
language,grambank,Thayore,0.6,,thay1249,Pama-Nyungan,Pama-Nyungan,Australia,0.0,95.0
language,grambank,Thulung,0.6946,,thul1246,Sino-Tibetan,Sino-Tibetan,Eurasia,0.0,167.0
language,grambank,Thurawal,0.6024,,thur1254,Pama-Nyungan,Pama-Nyungan,Australia,0.0,83.0
language,grambank,Tibetan,0.6237,,tibe1272,Sino-Tibetan,Sino-Tibetan,Eurasia,1200000.0,186.0
language,grambank,Tibea,0.8022,,tibe1274,Atlantic-Congo,Atlantic-Congo,Africa,0.0,91.0
language,grambank,Ticuna,0.6554,,ticu1245,Ticuna-Yuri,Ticuna-Yuri,South America,61000.0,148.0
language,grambank,Tidore,0.75,,tido1248,North Halmahera,North Halmahera,Papunesia,0.0,92.0
language,grambank,Tiefo-Daramandugu,0.7588,,tief1242,Atlantic-Congo,Atlantic-Congo,Africa,0.0,170.0
language,grambank,Tiefo-Nyafogo-Numudara,0.6629,,tief1244,Atlantic-Congo,Atlantic-Congo,Africa,0.0,178.0
language,grambank,Tiene,0.6777,,tien1242,Atlantic-Congo,Atlantic-Congo,Africa,0.0,121.0
language,grambank,Tigak,0.759,,tiga1245,Austronesian,Austronesian,Papunesia,0.0,166.0
language,grambank,Tigon Mbembe,0.7048,,tigo1236,Atlantic-Congo,Atlantic-Congo,Africa,0.0,166.0
language,grambank,Tikar,0.6359,,tika1246,Atlantic-Congo,Atlantic-Congo,Africa,0.0,184.0
language,grambank,Tikopia,0.6645,,tiko1237,Austronesian,Austronesian,Papunesia,3324.0,152.0
language,grambank,Tilung,0.7475,,tilu1238,Sino-Tibetan,Sino-Tibetan,Eurasia,0.0,99.0
language,grambank,Timne,0.6164,,timn1235,Atlantic-Congo,Atlantic-Congo,Africa,0.0,159.0
language,grambank,Timugon Murut,0.7075,,timu1262,Austronesian,Austronesian,Papunesia,0.0,147.0
language,grambank,Tinà Sambal,0.7647,,tina1248,Austronesian,Austronesian,Papunesia,70000.0,136.0
language,grambank,Tira,0.3649,,tira1254,Heibanic,Heibanic,Africa,0.0,74.0
language,grambank,Tiri-Mea,0.7111,,tiri1258,Austronesian,Austronesian,Papunesia,0.0,180.0
language,grambank,Tiruray,0.7429,,tiru1241,Austronesian,Austronesian,Papunesia,50000.0,140.0
language,grambank,Titan,0.759,,tita1241,Austronesian,Austronesian,Papunesia,0.0,166.0
language,grambank,Tiv,0.6822,,tivv1240,Atlantic-Congo,Atlantic-Congo,Africa,0.0,107.0
language,grambank,Tiwi,0.6531,,tiwi1244,,(isolate),Australia,2040.0,98.0
language,grambank,To'abaita,0.7405,,toab1237,Austronesian,Austronesian,Papunesia,0.0,185.0
language,grambank,Toaripi,0.7528,,toar1246,Eleman,Eleman,Papunesia,0.0,178.0
language,grambank,Toba-Maskoy,0.6011,,toba1268,Lengua-Mascoy,Lengua-Mascoy,South America,0.0,183.0
language,grambank,Tobelo,0.6747,,tobe1252,North Halmahera,North Halmahera,Papunesia,27720.0,166.0
language,grambank,Toda,0.7444,,toda1252,Dravidian,Dravidian,Eurasia,0.0,133.0
language,grambank,Tohono O'odham,0.6477,,toho1245,Uto-Aztecan,Uto-Aztecan,North America,15000.0,176.0
language,grambank,Tojolabal,0.6845,,tojo1241,Mayan,Mayan,North America,0.0,187.0
language,grambank,Tokelau,0.6842,,toke1240,Austronesian,Austronesian,Papunesia,3300.0,171.0
language,grambank,Tok Pisin,0.8136,,tokp1240,Indo-European,contact language,Papunesia,122000.0,177.0
language,grambank,Tol,0.6593,,toll1241,Jicaquean,Jicaquean,North America,500.0,135.0
language,grambank,Tolomako,0.681,,tolo1255,Austronesian,Austronesian,Papunesia,0.0,116.0
language,grambank,Toma,0.6077,,toma1245,Mande,Mande,Africa,0.0,130.0
language,grambank,Tombonuo,0.8308,,tomb1244,Austronesian,Austronesian,Papunesia,0.0,130.0
language,grambank,Tommo So Dogon,0.6667,,tomm1242,Dogon,Dogon,Africa,0.0,159.0
language,grambank,Tondi Songway Kiini,0.7744,,tond1249,Songhay,Songhay,Africa,0.0,164.0
language,grambank,Maniq,0.7871,,tong1308,Austroasiatic,Austroasiatic,Eurasia,0.0,155.0
language,grambank,Tonga (Zambia),0.6667,,tong1318,Atlantic-Congo,Atlantic-Congo,Africa,1270000.0,153.0
language,grambank,Tonga (Tonga Islands),0.6707,,tong1325,Austronesian,Austronesian,Papunesia,186010.0,164.0
language,grambank,Tongva,0.729,,tong1329,Uto-Aztecan,Uto-Aztecan,North America,0.0,155.0
language,grambank,Tonkawa,0.6291,,tonk1249,,(isolate),North America,0.0,151.0
language,grambank,Tooro,0.6705,,toor1238,Atlantic-Congo,Atlantic-Congo,Africa,0.0,176.0
language,grambank,Torau,0.693,,tora1259,Austronesian,Austronesian,Papunesia,0.0,114.0
language,grambank,Torres Strait-Lockhart River Creole,0.8033,,torr1261,Indo-European,contact language,Australia,7800.0,183.0
language,grambank,Northern Tosk Albanian,0.6322,,tosk1239,Indo-European,Indo-European,Eurasia,3000000.0,174.0
language,grambank,Totela,0.6306,,tote1238,Atlantic-Congo,Atlantic-Congo,Africa,0.0,157.0
language,grambank,Toto,0.7533,,toto1302,Sino-Tibetan,Sino-Tibetan,Eurasia,0.0,150.0
language,grambank,Touo,0.6476,,touo1238,,(isolate),Papunesia,0.0,105.0
language,grambank,Trinitario-Javeriano-Loretano,0.5429,,trin1274,Arawakan,Arawakan,South America,0.0,140.0
language,grambank,Trió,0.7056,,trio1238,Cariban,Cariban,South America,2100.0,180.0
language,grambank,Trumai,0.703,,trum1247,,(isolate),South America,120.0,165.0
language,grambank,Tsamai,0.6384,,tsam1247,Afro-Asiatic,Afro-Asiatic,Africa,0.0,177.0
language,grambank,Tsat,0.8523,,tsat1238,Austronesian,Austronesian,Eurasia,3800.0,176.0
language,grambank,Tshangla,0.6848,,tsha1245,Sino-Tibetan,Sino-Tibetan,Eurasia,175000.0,165.0
language,grambank,Salka-Tsishingini,0.6879,,tsis1238,Atlantic-Congo,Atlantic-Congo,Africa,0.0,157.0
language,grambank,Ts'ixa,0.5892,,tsix1234,Khoe-Kwadi,Khoe-Kwadi,Africa,0.0,185.0
language,grambank,Tsogo,0.6832,,tsog1243,Atlantic-Congo,Atlantic-Congo,Africa,0.0,161.0
language,grambank,Tsonga,0.7627,,tson1249,Atlantic-Congo,Atlantic-Congo,Africa,13000000.0,177.0
language,grambank,Tsou,0.6,,tsou1248,Austronesian,Austronesian,Papunesia,2100.0,95.0
language,grambank,Tswana,0.686,,tswa1253,Atlantic-Congo,Atlantic-Congo,Africa,4500000.0,172.0
language,grambank,Tswa,0.6879,,tswa1255,Atlantic-Congo,Atlantic-Congo,Africa,1200000.0,157.0
language,grambank,Tübatulabal,0.7211,,tuba1278,Uto-Aztecan,Uto-Aztecan,North America,0.0,147.0
language,grambank,Tucano,0.5,,tuca1252,Tucanoan,Tucanoan,South America,0.0,64.0
language,grambank,Tugen,0.65,,tuge1241,Nilotic,Nilotic,Africa,0.0,120.0
language,grambank,Tugun,0.764,,tugu1245,Austronesian,Austronesian,Papunesia,0.0,161.0
language,grambank,Tukang Besi North,0.6471,,tuka1248,Austronesian,Austronesian,Papunesia,0.0,170.0
language,grambank,Tuki,0.6601,,tuki1240,Atlantic-Congo,Atlantic-Congo,Africa,0.0,153.0
language,grambank,Tula,0.7063,,tula1252,Atlantic-Congo,Atlantic-Congo,Africa,30000.0,160.0
language,grambank,Tule-Kaweah Yokuts,0.6928,,tule1245,Yokutsan,Yokutsan,North America,0.0,166.0
language,grambank,Tulu,0.6603,,tulu1258,Dravidian,Dravidian,Eurasia,2000000.0,156.0
language,grambank,Tumleo,0.7723,,tuml1238,Austronesian,Austronesian,Papunesia,0.0,101.0
language,grambank,Tumulung Sisaala,0.7128,,tumu1242,Atlantic-Congo,Atlantic-Congo,Africa,0.0,94.0
language,grambank,Tunen,0.6702,,tune1261,Atlantic-Congo,Atlantic-Congo,Africa,35000.0,94.0
language,grambank,Tungag,0.7442,,tung1290,Austronesian,Austronesian,Papunesia,12000.0,172.0
language,grambank,Tunica,0.6903,,tuni1252,,(isolate),North America,0.0,155.0
language,grambank,Tunni,0.6932,,tunn1238,Afro-Asiatic,Afro-Asiatic,Africa,0.0,176.0
language,grambank,Tupinambá,0.5506,,tupi1273,Tupian,Tupian,South America,0.0,158.0
language,grambank,Turkic Khalaj,0.6933,,turk1303,Turkic,Turkic,Eurasia,53900.0,163.0
language,grambank,Turkmen,0.64,,turk1304,Turkic,Turkic,Eurasia,16000000.0,175.0
language,grambank,Turkana,0.4,,turk1308,Nilotic,Nilotic,Africa,0.0,95.0
language,grambank,Tuscarora,0.6447,,tusc1257,Iroquoian,Iroquoian,North America,0.0,152.0
language,grambank,Tutuba,0.7514,,tutu1241,Austronesian,Austronesian,Papunesia,0.0,177.0
language,grambank,Tuvalu,0.6802,,tuva1244,Austronesian,Austronesian,Papunesia,13000.0,172.0
language,grambank,Tuvinian,0.6867,,tuvi1240,Turkic,Turkic,Eurasia,297000.0,150.0
language,grambank,Tuwali Ifugao,0.712,,tuwa1243,Austronesian,Austronesian,Papunesia,0.0,184.0
language,grambank,Tuwuli,0.765,,tuwu1238,Atlantic-Congo,Atlantic-Congo,Africa,0.0,183.0
language,grambank,Twana,0.6353,,twan1247,Salishan,Salishan,North America,0.0,85.0
language,grambank,Ubir,0.7778,,ubir1237,Austronesian,Austronesian,Papunesia,0.0,144.0
language,grambank,Ubykh,0.5879,,ubyk1235,Abkhaz-Adyge,Abkhaz-Adyge,Eurasia,0.0,165.0
language,grambank,Udihe,0.6075,,udih1248,Tungusic,Tungusic,Eurasia,103.0,186.0
language,grambank,Udi,0.6736,,udii1243,Nakh-Daghestanian,Nakh-Daghestanian,Eurasia,8000.0,144.0
language,grambank,Uduk,0.5891,,uduk1239,Koman,Koman,Africa,0.0,129.0
language,grambank,Ugaritic,0.6375,,ugar1238,Afro-Asiatic,Afro-Asiatic,Eurasia,0.0,160.0
language,grambank,Ughele,0.7701,,ughe1237,Austronesian,Austronesian,Papunesia,0.0,174.0
language,grambank,Ugong,0.8359,,ugon1239,Sino-Tibetan,Sino-Tibetan,Eurasia,0.0,128.0
language,grambank,Ukrainian,0.6933,,ukra1253,Indo-European,Indo-European,Eurasia,26900000.0,163.0
language,grambank,Ulch,0.6646,,ulch1241,Tungusic,Tungusic,Eurasia,154.0,158.0
language,grambank,Ulithian,0.7353,,ulit1238,Austronesian,Austronesian,Papunesia,0.0,170.0
language,grambank,Ulwa,0.6561,,ulwa1239,Misumalpan,Misumalpan,North America,0.0,157.0
language,grambank,Uma,0.6017,,umaa1242,Austronesian,Austronesian,Papunesia,0.0,118.0
language,grambank,Umanakaina,0.6947,,uman1240,Dagan,Dagan,Papunesia,0.0,95.0
language,grambank,Umbugarla,0.6475,,umbu1235,,(isolate),Australia,0.0,122.0
language,grambank,Umbundu,0.6014,,umbu1257,Atlantic-Congo,Atlantic-Congo,Africa,6000000.0,148.0
language,grambank,Umbu-Ungu,0.6709,,umbu1258,Nuclear Trans New Guinea,Nuclear Trans New Guinea,Papunesia,0.0,158.0
language,grambank,Ume Saami,0.7684,,umes1235,Uralic,Uralic,Eurasia,100.0,177.0
language,grambank,Umiida-Unggarangu,0.5698,,umii1235,Worrorran,Worrorran,Australia,0.0,86.0
language,grambank,Umotína,0.6714,,umot1240,Bororoan,Bororoan,South America,0.0,70.0
language,grambank,Una,0.5542,,unaa1239,Nuclear Trans New Guinea,Nuclear Trans New Guinea,Papunesia,0.0,83.0
language,grambank,Uneapa,0.6988,,unea1237,Austronesian,Austronesian,Papunesia,0.0,83.0
language,grambank,Unua,0.7826,,unua1237,Austronesian,Austronesian,Papunesia,0.0,184.0
language,grambank,Upper Necaxa Totonac,0.6272,,uppe1275,Totonacan,Totonacan,North America,0.0,169.0
language,grambank,Upper Kinabatangan,0.8182,,uppe1427,Austronesian,Austronesian,Papunesia,0.0,110.0
language,grambank,Upper Chehalis,0.5796,,uppe1439,Salishan,Salishan,North America,0.0,157.0
language,grambank,Urak Lawoi',0.8063,,urak1238,Austronesian,Austronesian,Eurasia,5000.0,160.0
language,grambank,Urarina,0.6867,,urar1246,,(isolate),South America,0.0,166.0
language,grambank,Ura (Vanuatu),0.679,,urav1235,Austronesian,Austronesian,Papunesia,0.0,162.0
language,grambank,Urim,0.7062,,urim1252,Nuclear Torricelli,Nuclear Torricelli,Papunesia,0.0,177.0
language,grambank,Uripiv-Wala-Rano-Atchin,0.7333,,urip1239,Austronesian,Austronesian,Papunesia,0.0,180.0
language,grambank,Urningangg,0.7,,urni1239,Giimbiyu,Giimbiyu,Australia,0.0,150.0
language,grambank,Uruava,0.6807,,urua1242,Austronesian,Austronesian,Papunesia,0.0,119.0
language,grambank,Uru,0.7212,,uruu1244,Uru-Chipaya,Uru-Chipaya,South America,200.0,165.0
language,grambank,Usan,0.6354,,usan1239,Nuclear Trans New Guinea,Nuclear Trans New Guinea,Papunesia,0.0,96.0
language,grambank,Ute-Southern Paiute,0.6461,,utes1238,Uto-Aztecan,Uto-Aztecan,North America,0.0,178.0
language,grambank,U,0.9111,,uuuu1243,Austroasiatic,Austroasiatic,Eurasia,40000.0,135.0
language,grambank,Lovono,0.8286,,vano1237,Austronesian,Austronesian,Papunesia,0.0,140.0
language,grambank,Veps,0.7111,,veps1250,Uralic,Uralic,Eurasia,1276.0,180.0
language,grambank,Vera'a,0.7486,,vera1241,Austronesian,Austronesian,Papunesia,0.0,183.0
language,grambank,Viemo,0.6458,,viem1243,Atlantic-Congo,Atlantic-Congo,Africa,0.0,144.0
language,grambank,Vietnamese,0.8222,,viet1252,Austroasiatic,Austroasiatic,Eurasia,76000000.0,135.0
language,grambank,Neve'ei,0.7536,,vinm1237,Austronesian,Austronesian,Papunesia,0.0,138.0
language,grambank,Votic,0.7267,,voti1245,Uralic,Uralic,Eurasia,62.0,161.0
language,grambank,Vunjo,0.7325,,vunj1238,Atlantic-Congo,Atlantic-Congo,Africa,0.0,157.0
language,grambank,Vurës,0.7903,,vure1239,Austronesian,Austronesian,Papunesia,0.0,186.0
language,grambank,Vwanji,0.592,,vwan1235,Atlantic-Congo,Atlantic-Congo,Africa,0.0,125.0
language,grambank,Wadjiginy,0.7059,,wadj1254,,(isolate),Australia,5.0,136.0
language,grambank,Wagaya,0.6772,,waga1260,Pama-Nyungan,Pama-Nyungan,Australia,0.0,127.0
language,grambank,Wageman,0.7305,,wage1238,,(isolate),Australia,0.0,167.0
language,grambank,Waigeo,0.7515,,waig1244,Austronesian,Austronesian,Papunesia,0.0,169.0
language,grambank,Waima,0.6685,,waim1251,Austronesian,Austronesian,Papunesia,0.0,178.0
language,grambank,Waima'a,0.8273,,waim1252,Austronesian,Austronesian,Papunesia,0.0,139.0
language,grambank,Waimiri-Atroari,0.6667,,waim1253,Cariban,Cariban,South America,0.0,123.0
language,grambank,Waiwai,0.6706,,waiw1244,Cariban,Cariban,South America,0.0,170.0
language,grambank,Wajarri,0.75,,waja1257,Pama-Nyungan,Pama-Nyungan,Australia,0.0,64.0
language,grambank,Waja,0.7422,,waja1259,Atlantic-Congo,Atlantic-Congo,Africa,60000.0,128.0
language,grambank,Wala,0.7361,,wala1266,Austronesian,Austronesian,Papunesia,0.0,144.0
language,grambank,East Uvean,0.7143,,wall1257,Austronesian,Austronesian,Papunesia,0.0,182.0
language,grambank,Wambule,0.6484,,wamb1257,Sino-Tibetan,Sino-Tibetan,Eurasia,0.0,182.0
language,grambank,Wambayan,0.5859,,wamb1258,Mirndi,Mirndi,Australia,0.0,99.0
language,grambank,Wambon,0.6889,,wamb1259,Nuclear Trans New Guinea,Nuclear Trans New Guinea,Papunesia,0.0,90.0
language,grambank,Wandamen,0.7303,,wand1267,Austronesian,Austronesian,Papunesia,0.0,152.0
language,grambank,Wandala,0.6389,,wand1278,Afro-Asiatic,Afro-Asiatic,Africa,0.0,180.0
language,grambank,Ngiyambaa,0.5901,,wang1291,Pama-Nyungan,Pama-Nyungan,Australia,0.0,161.0
language,grambank,Wanman,0.6693,,wanm1242,Pama-Nyungan,Pama-Nyungan,Australia,0.0,127.0
language,grambank,Wan,0.6917,,wann1242,Mande,Mande,Africa,0.0,120.0
language,grambank,Waorani,0.7431,,waor1240,,(isolate),South America,1650.0,144.0
language,grambank,Wapishana,0.5802,,wapi1253,Arawakan,Arawakan,South America,13000.0,81.0
language,grambank,Wappo,0.7353,,wapp1239,Yuki-Wappo,Yuki-Wappo,North America,0.0,170.0
language,grambank,Samue,0.5873,,wara1292,Atlantic-Congo,Atlantic-Congo,Africa,0.0,63.0
language,grambank,Anta-Komnzo-Wára-Wérè-Kémä,0.6196,,wara1294,Yam,Yam,Papunesia,0.0,184.0
language,grambank,Waray (Philippines),0.6068,,wara1300,Austronesian,Austronesian,Papunesia,3100000.0,117.0
language,grambank,Warao,0.6983,,wara1303,,(isolate),South America,28100.0,179.0
language,grambank,Wardaman,0.7006,,ward1246,Yangmanic,Yangmanic,Australia,0.0,157.0
language,grambank,Warembori,0.7301,,ware1253,Austronesian,Austronesian,Papunesia,0.0,163.0
language,grambank,Warekena do San Miguel,0.6378,,ware1255,Arawakan,Arawakan,South America,0.0,127.0
language,grambank,Wari',0.7684,,wari1268,Chapacuran,Chapacuran,South America,1930.0,177.0
language,grambank,War-Jaintia,0.7391,,warj1242,Austroasiatic,Austroasiatic,Eurasia,0.0,161.0
language,grambank,Warlpiri,0.5638,,warl1254,Pama-Nyungan,Pama-Nyungan,Australia,2507.0,94.0
language,grambank,Warluwara,0.6264,,warl1256,Pama-Nyungan,Pama-Nyungan,Australia,0.0,91.0
language,grambank,Waropen,0.7576,,waro1242,Austronesian,Austronesian,Papunesia,0.0,132.0
language,grambank,Warrgamay,0.7436,,warr1255,Pama-Nyungan,Pama-Nyungan,Australia,0.0,78.0
language,grambank,Warrwa,0.6846,,warr1258,Nyulnyulan,Nyulnyulan,Australia,0.0,130.0
language,grambank,Warrongo,0.6143,,waru1264,Pama-Nyungan,Pama-Nyungan,Australia,0.0,70.0
language,grambank,Warumungu,0.6867,,waru1265,Pama-Nyungan,Pama-Nyungan,Australia,200.0,166.0
language,grambank,Washo,0.6712,,wash1253,,(isolate),North America,20.0,146.0
language,grambank,Waskia,0.6341,,wask1241,Nuclear Trans New Guinea,Nuclear Trans New Guinea,Papunesia,0.0,82.0
language,grambank,Waurá,0.6296,,waur1244,Arawakan,Arawakan,South America,320.0,81.0
language,grambank,Wawa,0.6944,,wawa1246,Atlantic-Congo,Atlantic-Congo,Africa,0.0,180.0
language,grambank,Wayana,0.6588,,waya1269,Cariban,Cariban,South America,1700.0,170.0
language,grambank,Wayu,0.7386,,wayu1241,Sino-Tibetan,Sino-Tibetan,Eurasia,1500.0,176.0
language,grambank,Wayuu,0.5676,,wayu1243,Arawakan,Arawakan,South America,300000.0,111.0
language,grambank,Wedau,0.7027,,weda1241,Austronesian,Austronesian,Papunesia,0.0,111.0
language,grambank,Welsh,0.6726,,wels1247,Indo-European,Indo-European,Eurasia,724000.0,168.0
language,grambank,Weri,0.7025,,weri1253,Goilalan,Goilalan,Papunesia,0.0,158.0
language,grambank,Western Frisian,0.7556,,west2354,Indo-European,Indo-European,Eurasia,845100.0,180.0
language,grambank,Western Farsi,0.6591,,west2369,Indo-European,Indo-European,Eurasia,52800000.0,176.0
language,grambank,Western Panjabi,0.7083,,west2386,Indo-European,Indo-European,Eurasia,0.0,144.0
language,grambank,Western Mari,0.7007,,west2392,Uralic,Uralic,Eurasia,30000.0,147.0
language,grambank,Western Lawa,0.8516,,west2396,Austroasiatic,Austroasiatic,Eurasia,0.0,182.0
language,grambank,Western Bru,0.8278,,west2397,Austroasiatic,Austroasiatic,Eurasia,0.0,151.0
language,grambank,Western Tamang,0.6852,,west2415,Sino-Tibetan,Sino-Tibetan,Eurasia,0.0,162.0
language,grambank,Western Muya,0.7963,,west2417,Sino-Tibetan,Sino-Tibetan,Eurasia,0.0,108.0
language,grambank,Western Magar,0.6417,,west2418,Sino-Tibetan,Sino-Tibetan,Eurasia,0.0,187.0
language,grambank,Western Xiangxi Miao,0.8218,,west2430,Hmong-Mien,Hmong-Mien,Eurasia,0.0,174.0
language,grambank,Western Arrarnta,0.7171,,west2441,Pama-Nyungan,Pama-Nyungan,Australia,0.0,152.0
language,grambank,Western Karaboro,0.618,,west2466,Atlantic-Congo,Atlantic-Congo,Africa,0.0,178.0
language,grambank,West Uvean,0.6978,,west2516,Austronesian,Austronesian,Papunesia,2200.0,182.0
language,grambank,West Damar,0.8013,,west2548,Austronesian,Austronesian,Papunesia,800.0,156.0
language,grambank,Western Bukidnon Manobo,0.7573,,west2555,Austronesian,Austronesian,Papunesia,15000.0,103.0
language,grambank,Western Subanon,0.6923,,west2557,Austronesian,Austronesian,Papunesia,0.0,169.0
language,grambank,West Coast Bajau,0.75,,west2560,Austronesian,Austronesian,Papunesia,210000.0,172.0
language,grambank,West Berawan,0.7407,,west2564,Austronesian,Austronesian,Papunesia,0.0,81.0
language,grambank,Western Dani,0.6556,,west2594,Nuclear Trans New Guinea,Nuclear Trans New Guinea,Papunesia,180000.0,180.0
language,grambank,West Kewa,0.602,,west2599,Nuclear Trans New Guinea,Nuclear Trans New Guinea,Papunesia,0.0,98.0
language,grambank,West Makian,0.7808,,west2600,North Halmahera,North Halmahera,Papunesia,12000.0,146.0
language,grambank,Western Apache,0.6962,,west2615,Athabaskan-Eyak-Tlingit,Athabaskan-Eyak-Tlingit,North America,13445.0,158.0
language,grambank,Western Canadian Inuktitut,0.6991,,west2618,Eskimo-Aleut,Eskimo-Aleut,North America,0.0,113.0
language,grambank,Western Huasteca Nahuatl,0.6585,,west2624,Uto-Aztecan,Uto-Aztecan,North America,0.0,123.0
language,grambank,Western Keres,0.719,,west2632,Keresan,Keresan,North America,0.0,153.0
language,grambank,Akateko,0.6491,,west2635,Mayan,Mayan,North America,0.0,171.0
language,grambank,Western Highland Chatino,0.7403,,west2644,Otomanguean,Otomanguean,North America,0.0,181.0
language,grambank,Western Cham,0.8851,,west2650,Austronesian,Austronesian,Eurasia,400000.0,148.0
language,grambank,Western Neo-Aramaic,0.6713,,west2763,Afro-Asiatic,Afro-Asiatic,Eurasia,0.0,143.0
language,grambank,Western Durango Nahuatl,0.6899,,west2778,Uto-Aztecan,Uto-Aztecan,North America,0.0,129.0
language,grambank,Whitesands,0.7037,,whit1269,Austronesian,Austronesian,Papunesia,7500.0,162.0
language,grambank,Wik-Mungkan,0.6797,,wikm1247,Pama-Nyungan,Pama-Nyungan,Australia,0.0,128.0
language,grambank,Wilawila,0.6803,,wila1240,Worrorran,Worrorran,Australia,0.0,122.0
language,grambank,Winjarumi,0.6612,,winj1235,Worrorran,Worrorran,Australia,0.0,121.0
language,grambank,Wintu,0.539,,wint1259,Wintuan,Wintuan,North America,0.0,154.0
language,grambank,Wirangu,0.6923,,wira1265,Pama-Nyungan,Pama-Nyungan,Australia,0.0,65.0
language,grambank,Wiru,0.5954,,wiru1244,,(isolate),Papunesia,0.0,173.0
language,grambank,Woi,0.7772,,woii1237,Austronesian,Austronesian,Papunesia,0.0,184.0
language,grambank,Woiwurrung-Thagungwurrung,0.6947,,woiw1237,Pama-Nyungan,Pama-Nyungan,Australia,0.0,95.0
language,grambank,Wolaytta,0.6541,,wola1242,Ta-Ne-Omotic,Ta-Ne-Omotic,Africa,5830000.0,185.0
language,grambank,Wolane,0.6051,,wola1253,Afro-Asiatic,Afro-Asiatic,Africa,0.0,157.0
language,grambank,Woleaian,0.7589,,wole1240,Austronesian,Austronesian,Papunesia,1700.0,141.0
language,grambank,Wolio,0.7273,,woli1241,Austronesian,Austronesian,Papunesia,65000.0,176.0
language,grambank,Woods Cree,0.6818,,wood1236,Algic,Algic,North America,0.0,154.0
language,grambank,Worrorra,0.6181,,worr1237,Worrorran,Worrorran,Australia,0.0,144.0
language,grambank,Wotu,0.7746,,wotu1240,Austronesian,Austronesian,Papunesia,0.0,173.0
language,grambank,Woun Meu,0.6345,,woun1238,Chocoan,Chocoan,South America,0.0,145.0
language,grambank,Wu Chinese,0.837,,wuch1236,Sino-Tibetan,Sino-Tibetan,Eurasia,81400000.0,184.0
language,grambank,Wuding-Luquan Yi,0.758,,wudi1238,Sino-Tibetan,Sino-Tibetan,Eurasia,0.0,157.0
language,grambank,Wunambal,0.6364,,wuna1249,Worrorran,Worrorran,Australia,0.0,121.0
language,grambank,Wusa Nasu,0.8315,,wusa1235,Sino-Tibetan,Sino-Tibetan,Eurasia,0.0,184.0
language,grambank,Wutunhua,0.7059,,wutu1241,Sino-Tibetan,Sino-Tibetan,Eurasia,4000.0,187.0
language,grambank,Wuvulu-Aua,0.7143,,wuvu1239,Austronesian,Austronesian,Papunesia,0.0,147.0
language,grambank,Huron-Wyandot,0.717,,wyan1247,Iroquoian,Iroquoian,North America,0.0,106.0
language,grambank,Xamtanga,0.6464,,xamt1239,Afro-Asiatic,Afro-Asiatic,Africa,210000.0,181.0
language,grambank,Xârâcùù,0.7033,,xara1244,Austronesian,Austronesian,Papunesia,0.0,182.0
language,grambank,Xavánte,0.6242,,xava1240,Nuclear-Macro-Je,Nuclear-Macro-Je,South America,9600.0,157.0
language,grambank,Xhosa,0.5926,,xhos1239,Atlantic-Congo,Atlantic-Congo,Africa,8177300.0,135.0
language,grambank,Xinca-Chiquimulilla,0.6903,,xinc1242,Xincan,Xincan,North America,0.0,155.0
language,grambank,Xinca-Yupiltepeque,0.726,,xinc1243,Xincan,Xincan,North America,0.0,146.0
language,grambank,Xinca-Guazacapan,0.6815,,xinc1246,Xincan,Xincan,North America,0.0,157.0
language,grambank,Xinka-Jumaytepeque,0.6993,,xink1235,Xincan,Xincan,North America,0.0,143.0
language,grambank,Xishanba Lalo,0.8036,,xish1235,Sino-Tibetan,Sino-Tibetan,Eurasia,0.0,168.0
language,grambank,Xokleng,0.6301,,xokl1240,Nuclear-Macro-Je,Nuclear-Macro-Je,South America,760.0,146.0
language,grambank,Yaaku,0.6959,,yaak1241,Afro-Asiatic,Afro-Asiatic,Africa,0.0,171.0
language,grambank,Yabem,0.7582,,yabe1254,Austronesian,Austronesian,Papunesia,0.0,91.0
language,grambank,Yaeyama,0.7285,,yaey1239,Japonic,Japonic,Eurasia,47600.0,151.0
language,grambank,Yagua,0.6667,,yagu1244,Peba-Yagua,Peba-Yagua,South America,5700.0,162.0
language,grambank,Yaka-Pelende-Lonzo,0.6635,,yaka1269,Atlantic-Congo,Atlantic-Congo,Africa,0.0,104.0
language,grambank,Yaka (Central African Republic),0.5704,,yaka1272,Atlantic-Congo,Atlantic-Congo,Africa,0.0,135.0
language,grambank,Yakan,0.75,,yaka1277,Austronesian,Austronesian,Papunesia,110000.0,172.0
language,grambank,Northwest Sahaptin,0.7056,,yaki1237,Sahaptian,Sahaptian,North America,0.0,180.0
language,grambank,Yakkha,0.6863,,yakk1236,Sino-Tibetan,Sino-Tibetan,Eurasia,0.0,153.0
language,grambank,Yakoma,0.7986,,yako1252,Atlantic-Congo,Atlantic-Congo,Africa,110000.0,139.0
language,grambank,Sakha,0.6593,,yaku1245,Turkic,Turkic,Eurasia,450000.0,182.0
language,grambank,Yalarnnga,0.7,,yala1262,Pama-Nyungan,Pama-Nyungan,Australia,0.0,150.0
language,grambank,Yale,0.6747,,yale1246,,(isolate),Papunesia,600.0,166.0
language,grambank,Yámana,0.6288,,yama1264,,(isolate),South America,0.0,132.0
language,grambank,Yami,0.6774,,yami1254,Austronesian,Austronesian,Papunesia,3800.0,186.0
language,grambank,Yaminahua,0.6207,,yami1256,Pano-Tacanan,Pano-Tacanan,South America,2729.0,174.0
language,grambank,Yamphu,0.6567,,yamp1242,Sino-Tibetan,Sino-Tibetan,Eurasia,0.0,134.0
language,grambank,Yana,0.5568,,yana1271,,(isolate),North America,0.0,88.0
language,grambank,Yandruwandha,0.6812,,yand1253,Pama-Nyungan,Pama-Nyungan,Australia,0.0,69.0
language,grambank,Yanesha',0.5229,,yane1238,Arawakan,Arawakan,South America,0.0,109.0
language,grambank,Yankunytjatjara,0.6719,,yank1247,Pama-Nyungan,Pama-Nyungan,Australia,600.0,128.0
language,grambank,Yanomamö,0.5818,,yano1261,Yanomamic,Yanomamic,South America,16200.0,165.0
language,grambank,Yanomám,0.5625,,yano1262,Yanomamic,Yanomamic,South America,6000.0,64.0
language,grambank,Yanyuwa,0.5977,,yany1243,Pama-Nyungan,Pama-Nyungan,Australia,0.0,87.0
language,grambank,Yao,0.6515,,yaoo1241,Atlantic-Congo,Atlantic-Congo,Africa,0.0,132.0
language,grambank,Yaouré,0.68,,yaou1238,Mande,Mande,Africa,0.0,125.0
language,grambank,Yapese,0.7091,,yape1248,Austronesian,Austronesian,Papunesia,5130.0,165.0
language,grambank,Yeri,0.671,,yapu1240,Nuclear Torricelli,Nuclear Torricelli,Papunesia,0.0,155.0
language,grambank,Yaqui,0.6859,,yaqu1251,Uto-Aztecan,Uto-Aztecan,North America,0.0,156.0
language,grambank,Yareba,0.7386,,yare1248,Yareban,Yareban,Papunesia,0.0,153.0
language,grambank,Yasa,0.701,,yasa1242,Atlantic-Congo,Atlantic-Congo,Africa,0.0,97.0
language,grambank,Yatzachi Zapotec,0.6517,,yatz1235,Otomanguean,Otomanguean,North America,2500.0,178.0
language,grambank,Ulwa (Papua New Guinea),0.6961,,yaul1241,Keram,Keram,Papunesia,0.0,181.0
language,grambank,Yau (Morobe Province),0.6301,,yaum1237,Nuclear Trans New Guinea,Nuclear Trans New Guinea,Papunesia,0.0,173.0
language,grambank,Yavitero-Pareni,0.6518,,yavi1244,Arawakan,Arawakan,South America,0.0,112.0
language,grambank,Yawanawa,0.6479,,yawa1260,Pano-Tacanan,Pano-Tacanan,South America,0.0,142.0
language,grambank,Yawuru,0.7288,,yawu1244,Nyulnyulan,Nyulnyulan,Australia,6.0,177.0
language,grambank,Yaygir,0.7297,,yayg1236,Pama-Nyungan,Pama-Nyungan,Australia,5.0,148.0
language,grambank,Yecuatla Totonac,0.6627,,yecu1235,Totonacan,Totonacan,North America,0.0,166.0
language,grambank,Yele,0.5179,,yele1255,,(isolate),Papunesia,5000.0,168.0
language,grambank,Yemsa,0.6839,,yems1235,Ta-Ne-Omotic,Ta-Ne-Omotic,Africa,0.0,174.0
language,grambank,Yessan-Mayo,0.7386,,yess1239,Sepik,Sepik,Papunesia,0.0,88.0
language,grambank,Yeyi,0.596,,yeyi1239,Atlantic-Congo,Atlantic-Congo,Africa,24000.0,99.0
language,grambank,Yidiñ,0.6887,,yidi1250,Pama-Nyungan,Pama-Nyungan,Australia,52.0,151.0
language,grambank,Yimas,0.5,,yima1243,Lower Sepik-Ramu,Lower Sepik-Ramu,Papunesia,300.0,96.0
language,grambank,Yinchia,0.8615,,yinc1238,Austroasiatic,Austroasiatic,Eurasia,0.0,65.0
language,grambank,Yindjibarndi,0.6726,,yind1247,Pama-Nyungan,Pama-Nyungan,Australia,377.0,168.0
language,grambank,Yindjilandji,0.6389,,yind1248,Pama-Nyungan,Pama-Nyungan,Australia,0.0,72.0
language,grambank,Yine,0.5747,,yine1238,Arawakan,Arawakan,South America,5000.0,87.0
language,grambank,Yinggarda,0.7188,,ying1247,Pama-Nyungan,Pama-Nyungan,Australia,0.0,64.0
language,grambank,Yogad,0.7459,,yoga1237,Austronesian,Austronesian,Papunesia,16000.0,185.0
language,grambank,Northern Yokuts,0.7006,,yoku1256,Yokutsan,Yokutsan,North America,0.0,167.0
language,grambank,Yonaguni,0.6855,,yona1241,Japonic,Japonic,Eurasia,400.0,159.0
language,grambank,Narua,0.7434,,yong1270,Sino-Tibetan,Sino-Tibetan,Eurasia,0.0,152.0
language,grambank,Yongbei Zhuang,0.8454,,yong1276,Tai-Kadai,Tai-Kadai,Eurasia,1980000.0,97.0
language,grambank,Yonggom,0.6905,,yong1280,Nuclear Trans New Guinea,Nuclear Trans New Guinea,Papunesia,0.0,168.0
language,grambank,Yora,0.6,,yora1241,Pano-Tacanan,Pano-Tacanan,South America,0.0,125.0
language,grambank,Youle Jinuo,0.7459,,youl1235,Sino-Tibetan,Sino-Tibetan,Eurasia,0.0,185.0
language,grambank,Younuo Bunu,0.8541,,youn1235,Hmong-Mien,Hmong-Mien,Eurasia,0.0,185.0
language,grambank,Yucatec Maya,0.6593,,yuca1254,Mayan,Mayan,North America,706000.0,182.0
language,grambank,Yuchi,0.7143,,yuch1247,,(isolate),North America,0.0,168.0
language,grambank,Yucuna,0.6508,,yucu1253,Arawakan,Arawakan,South America,1800.0,63.0
language,grambank,Yue Chinese,0.7168,,yuec1235,Sino-Tibetan,Sino-Tibetan,Eurasia,73100000.0,173.0
language,grambank,Northern Yukian,0.6429,,yuki1243,Yuki-Wappo,Yuki-Wappo,North America,0.0,168.0
language,grambank,Yukpa,0.6095,,yukp1241,Cariban,Cariban,South America,7500.0,105.0
language,grambank,Yulparija,0.6887,,yulp1239,Pama-Nyungan,Pama-Nyungan,Australia,0.0,151.0
language,grambank,Yulu-Binga,0.7273,,yulu1243,Central Sudanic,Central Sudanic,Africa,13000.0,143.0
language,grambank,Yuqui,0.6122,,yuqu1240,Tupian,Tupian,South America,0.0,147.0
language,grambank,Yuracaré,0.6725,,yura1255,,(isolate),South America,2700.0,171.0
language,grambank,Yurok,0.7687,,yuro1248,Algic,Algic,North America,0.0,147.0
language,grambank,Zabana,0.6923,,zaba1237,Austronesian,Austronesian,Papunesia,0.0,156.0
language,grambank,Zacatlán-Ahuacatlán-Tepetzintla Nahuatl,0.6625,,zaca1241,Uto-Aztecan,Uto-Aztecan,North America,0.0,160.0
language,grambank,Zacatepec Chatino,0.7975,,zaca1242,Otomanguean,Otomanguean,North America,300.0,163.0
language,grambank,Beria,0.6514,,zagh1240,Saharan,Saharan,Africa,274000.0,175.0
language,grambank,Zaiwa,0.7738,,zaiw1241,Sino-Tibetan,Sino-Tibetan,Eurasia,80000.0,168.0
language,grambank,Zakhring,0.75,,zakh1243,Sino-Tibetan,Sino-Tibetan,Eurasia,0.0,108.0
language,grambank,Zamba,0.6966,,zamb1245,Atlantic-Congo,Atlantic-Congo,Africa,0.0,145.0
language,grambank,Zande,0.614,,zand1248,Atlantic-Congo,Atlantic-Congo,Africa,0.0,114.0
language,grambank,Zaniza Zapotec,0.6329,,zani1235,Otomanguean,Otomanguean,North America,0.0,158.0
language,grambank,Záparo,0.8273,,zapa1253,Zaparoan,Zaparoan,South America,0.0,139.0
language,grambank,Zarma,0.7459,,zarm1239,Songhay,Songhay,Africa,0.0,181.0
language,grambank,Lahta-Zayein Karen,0.8541,,zaye1235,Sino-Tibetan,Sino-Tibetan,Eurasia,9300.0,185.0
language,grambank,Zayse-Zergulla,0.6768,,zays1235,Ta-Ne-Omotic,Ta-Ne-Omotic,Africa,0.0,164.0
language,grambank,Zeme Naga,0.7643,,zeme1240,Sino-Tibetan,Sino-Tibetan,Eurasia,0.0,157.0
language,grambank,Zenzontepec Chatino,0.7266,,zenz1235,Otomanguean,Otomanguean,North America,0.0,128.0
language,grambank,Zhaba,0.766,,zhab1238,Sino-Tibetan,Sino-Tibetan,Eurasia,0.0,141.0
language,grambank,Zinza,0.5437,,zinz1238,Atlantic-Congo,Atlantic-Congo,Africa,0.0,103.0
language,grambank,Zoogocho Zapotec,0.7024,,zoog1238,Otomanguean,Otomanguean,North America,0.0,168.0
language,grambank,Zulgo-Gemzek,0.7795,,zulg1242,Afro-Asiatic,Afro-Asiatic,Africa,26000.0,127.0
language,grambank,Zuni,0.6291,,zuni1245,,(isolate),North America,9650.0,151.0
by_group,grambank,Hmong-Mien,0.8554,0.8491,,,,,820000.0,10.0
by_group,grambank,Tai-Kadai,0.8459,0.8301,,,,,32215552.000000004,16.0
by_group,grambank,contact language,0.8212,0.684,,,,,33284799.999999996,19.0
by_group,grambank,Austroasiatic,0.7963,0.804,,,,,108461399.0,78.0
by_group,grambank,Austronesian,0.7322,0.7202,,,,,359241856.0,501.0
by_group,grambank,Uralic,0.7321,0.684,,,,,19610994.0,25.0
by_group,grambank,Central Sudanic,0.7271,0.7111,,,,,183800.0,24.0
by_group,grambank,Sino-Tibetan,0.7256,0.8246,,,,,1172145269.0,184.0
by_group,grambank,Mande,0.7067,0.7373,,,,,11746795.0,16.0
by_group,grambank,Otomanguean,0.7004,0.7469,,,,,38200.0,32.0
by_group,grambank,Mongolic-Khitan,0.697,0.6855,,,,,3660915.0,8.0
by_group,grambank,Ta-Ne-Omotic,0.6934,0.674,,,,,7930900.0,15.0
by_group,grambank,Mayan,0.6848,0.6986,,,,,3432370.0,15.0
by_group,grambank,Pama-Nyungan,0.6783,0.6008,,,,,9042.0,68.0
by_group,grambank,Indo-European,0.6753,0.6832,,,,,1893033415.0,64.0
by_group,grambank,Atlantic-Congo,0.6746,0.6735,,,,,175731800.0,296.0
by_group,grambank,(isolate),0.67,0.6703,,,,,1367286.0,95.0
by_group,grambank,Turkic,0.6699,0.6697,,,,,141238103.0,14.0
by_group,grambank,Nuclear-Macro-Je,0.6697,0.6246,,,,,10360.0,12.0
by_group,grambank,Athabaskan-Eyak-Tlingit,0.6692,0.6189,,,,,195174.0,11.0
by_group,grambank,Tungusic,0.6687,0.6676,,,,,23228.0,9.0
by_group,grambank,Dravidian,0.6671,0.644,,,,,242692000.0,30.0
by_group,grambank,Uto-Aztecan,0.665,0.6334,,,,,260627.0,40.0
by_group,grambank,Afro-Asiatic,0.6647,0.5952,,,,,219017505.0,112.0
by_group,grambank,Algic,0.6644,0.6402,,,,,72180.0,16.0
by_group,grambank,Chibchan,0.6597,0.6563,,,,,5590.0,18.0
by_group,grambank,Salishan,0.6591,0.6545,,,,,44.0,13.0
by_group,grambank,Nuclear Trans New Guinea,0.6574,0.6532,,,,,216800.0,64.0
by_group,grambank,Quechuan,0.6542,0.6534,,,,,2506200.0,9.0
by_group,grambank,Tupian,0.6492,0.6187,,,,,15820.0,16.0
by_group,grambank,Sepik,0.6486,0.6374,,,,,8770.0,9.0
by_group,grambank,Worrorran,0.6481,,,,,,0.0,9.0
by_group,grambank,Nakh-Daghestanian,0.6481,0.6239,,,,,2599512.0,21.0
by_group,grambank,Pano-Tacanan,0.6368,0.6225,,,,,41804.0,17.0
by_group,grambank,Cariban,0.6337,0.6382,,,,,36000.0,11.0
by_group,grambank,Nilotic,0.6122,0.6889,,,,,9340000.0,14.0
by_group,grambank,Arawakan,0.5873,0.5517,,,,,610452.0,32.0
by_group,grambank,Tucanoan,0.5595,0.5776,,,,,21002.0,10.0
by_Macroarea,grambank,Eurasia,0.7249,0.7261,,,,,3872799492.0,523.0
by_Macroarea,grambank,Papunesia,0.7113,0.7195,,,,,358028179.0,690.0
by_Macroarea,grambank,Africa,0.6723,0.635,,,,,413691740.0,530.0
by_Macroarea,grambank,North America,0.6685,0.7868,,,,,17872505.0,237.0
by_Macroarea,grambank,Australia,0.6659,0.6684,,,,,23666.0,120.0
by_Macroarea,grambank,South America,0.6451,0.6487,,,,,3928341.0,199.0
spotlight,grambank,Mandarin,0.8396,,mand1415,,,,918000000.0,187.0
spotlight,grambank,Hindi,0.6851,,hind1269,,,,341000000.0,181.0
spotlight,grambank,Swahili,0.6667,,swah1253,,,,16010110.0,171.0
spotlight,grambank,Indonesian,0.7391,,indo1316,,,,43627550.0,92.0
spotlight,grambank,Japanese,0.6649,,nucl1643,,,,128000000.0,185.0
spotlight,grambank,Standard Arabic,0.5563,,stan1318,,,,0.0,160.0
spotlight,grambank,Egyptian Arabic,0.6375,,egyp1253,,,,64600000.0,160.0
spotlight,grambank,Turkish,0.6631,,nucl1301,,,,82231620.0,187.0
spotlight,grambank,English,0.7433,,stan1293,,,,379007140.0,187.0
spotlight,grambank,French,0.6578,,stan1290,,,,77200000.0,187.0
spotlight,grambank,Russian,0.6237,,russ1263,,,,154000000.0,186.0
spotlight,grambank,Korean,0.661,,kore1280,,,,77300000.0,177.0
spotlight,grambank,Vietnamese,0.8222,,viet1252,,,,76000000.0,135.0
spotlight,grambank,Thai,0.8144,,thai1261,,,,20700000.0,97.0
spotlight,grambank,Tagalog,0.6495,,taga1270,,,,23600000.0,97.0
spotlight,grambank,Igbo,0.8011,,nucl1417,,,,27000000.0,181.0
spotlight,grambank,Hausa,0.5632,,haus1257,,,,43900000.0,87.0
spotlight,grambank,Ewe,0.6859,,ewee1241,,,,3000000.0,156.0
spotlight,grambank,Tamil,0.7005,,tami1289,,,,75000000.0,187.0
spotlight,grambank,Burmese,0.6319,,nucl1310,,,,32900000.0,182.0
spotlight,grambank,Javanese,0.7125,,java1254,,,,68300000.0,80.0
spotlight,grambank,Marathi,0.6484,,mara1378,,,,83100000.0,182.0
spotlight-set,grambank,"SAE nucleus (Haspelmath, minus German: absent)",0.6736,0.6608,,,,,,4.0
spotlight-set,grambank,SAE wide (western + central Europe),0.6749,0.683,,,,,,23.0
contact-grambank,grambank,Ambonese Malay,0.8539,,ambo1250,,,,,178.0
contact-grambank,grambank,Baba Malay,0.8579,,baba1267,,,,,183.0
contact-grambank,grambank,Bahamas Creole English,0.8317,,baha1260,,,,,101.0
contact-grambank,grambank,Berbice Creole Dutch,0.8528,,berb1259,,,,,163.0
contact-grambank,grambank,Bislama,0.809,,bisl1239,,,,,178.0
contact-grambank,grambank,Haitian,0.814,,hait1244,,,,,172.0
contact-grambank,grambank,Jamaican Creole English,0.8667,,jama1262,,,,,150.0
contact-grambank,grambank,Kinshasa Lingala,0.589,,ling1263,,,,,73.0
contact-grambank,grambank,Nubi,0.775,,nubi1253,,,,,160.0
contact-grambank,grambank,San Andres Creole English,0.9068,,sana1297,,,,,161.0
contact-grambank,grambank,Saramaccan,0.7841,,sara1340,,,,,176.0
contact-grambank,grambank,Sri Lanka Malay,0.7303,,sril1245,,,,,178.0
contact-grambank,grambank,South Sudanese Creole Arabic,0.8042,,suda1237,,,,,143.0
contact-grambank,grambank,Tok Pisin,0.8136,,tokp1240,,,,,177.0
contact-grambank,grambank,Belize Kriol English,0.9032,,beli1260,,,,,124.0
contact-grambank,grambank,Nicaragua Creole English,0.88,,nica1252,,,,,150.0
contact-grambank,grambank,Limonese Creole,0.8551,,limo1249,,,,,138.0
contact-grambank,grambank,Pijin,0.8716,,piji1239,,,,,148.0
contact-grambank,grambank,Torres Strait-Lockhart River Creole,0.8033,,torr1261,,,,,183.0
sensitivity,grambank,all contested flipped,0.6779,0.7082,,,,,,
contact-apics,apics,Early Sranan,0.4219,,,English,3 creole,Caribbean,,64.0
contact-apics,apics,Sranan,0.4462,,,English,3 creole,Caribbean,,65.0
contact-apics,apics,Saramaccan,0.4769,,,English,3 creole,Caribbean,,65.0
contact-apics,apics,Nengee,0.4308,,,English,3 creole,Caribbean,,65.0
contact-apics,apics,Creolese,0.4154,,,English,3 creole,Caribbean,,65.0
contact-apics,apics,Trinidad English Creole,0.5397,,,English,3 creole,Caribbean,,63.0
contact-apics,apics,Vincentian Creole,0.4462,,,English,3 creole,Caribbean,,65.0
contact-apics,apics,Jamaican,0.4615,,,English,3 creole,Caribbean,,65.0
contact-apics,apics,Belizean Creole,0.5231,,,English,3 creole,Caribbean,,65.0
contact-apics,apics,San Andres Creole English,0.5385,,,English,3 creole,Caribbean,,65.0
contact-apics,apics,Nicaraguan Creole English,0.5231,,,English,3 creole,Caribbean,,65.0
contact-apics,apics,Bahamian Creole,0.4462,,,English,3 creole,North America,,65.0
contact-apics,apics,Gullah,0.4615,,,English,3 creole,North America,,65.0
contact-apics,apics,African American English,0.4615,,,English,3 creole,North America,,65.0
contact-apics,apics,Krio,0.4462,,,English,3 creole,West Africa,,65.0
contact-apics,apics,Ghanaian Pidgin English,0.4615,,,English,2 expanded pidgin,West Africa,,65.0
contact-apics,apics,Nigerian Pidgin,0.3692,,,English,2 expanded pidgin,West Africa,,65.0
contact-apics,apics,Cameroon Pidgin English,0.4769,,,English,2 expanded pidgin,West Africa,,65.0
contact-apics,apics,Pichi,0.4308,,,English,3 creole,West Africa,,65.0
contact-apics,apics,Chinese Pidgin English,0.5082,,,English,1 restricted pidgin,East Asia,,61.0
contact-apics,apics,Singlish,0.4615,,,English,3 creole,Southeast Asia,,65.0
contact-apics,apics,Tok Pisin,0.5538,,,English,2 expanded pidgin,Pacific,,65.0
contact-apics,apics,Bislama,0.4769,,,English,2 expanded pidgin,Pacific,,65.0
contact-apics,apics,Norf'k,0.4918,,,English,3 creole,Pacific,,61.0
contact-apics,apics,Kriol,0.4375,,,English,3 creole,Australia,,64.0
contact-apics,apics,Hawai‘i Creole,0.5077,,,English,3 creole,Pacific,,65.0
contact-apics,apics,Negerhollands,0.4762,,,Dutch,3 creole,Caribbean,,63.0
contact-apics,apics,Berbice Dutch,0.5077,,,Dutch,3 creole,Caribbean,,65.0
contact-apics,apics,Afrikaans,0.4923,,,Dutch,3 creole,Southern Africa,,65.0
contact-apics,apics,Cape Verdean Creole of Santiago,0.4615,,,Portuguese,3 creole,West Africa,,65.0
contact-apics,apics,Cape Verdean Creole of Brava,0.4923,,,Portuguese,3 creole,West Africa,,65.0
contact-apics,apics,Cape Verdean Creole of São Vicente,0.4462,,,Portuguese,3 creole,West Africa,,65.0
contact-apics,apics,Guinea-Bissau Kriyol,0.4,,,Portuguese,3 creole,West Africa,,65.0
contact-apics,apics,Casamancese Creole,0.4308,,,Portuguese,3 creole,West Africa,,65.0
contact-apics,apics,Santome,0.3692,,,Portuguese,3 creole,West Africa,,65.0
contact-apics,apics,Angolar,0.3385,,,Portuguese,3 creole,West Africa,,65.0
contact-apics,apics,Principense,0.4154,,,Portuguese,3 creole,West Africa,,65.0
contact-apics,apics,Fa d’Ambô,0.3226,,,Portuguese,3 creole,West Africa,,62.0
contact-apics,apics,Diu Indo-Portuguese,0.5938,,,Portuguese,3 creole,South Asia,,64.0
contact-apics,apics,Korlai,0.5231,,,Portuguese,3 creole,South Asia,,65.0
contact-apics,apics,Sri Lanka Portuguese,0.4308,,,Portuguese,3 creole,South Asia,,65.0
contact-apics,apics,Papiá Kristang,0.4769,,,Portuguese,3 creole,Southeast Asia,,65.0
contact-apics,apics,Batavia Creole,0.5,,,Portuguese,3 creole,Southeast Asia,,54.0
contact-apics,apics,Ternate Chabacano,0.4462,,,Spanish,3 creole,Southeast Asia,,65.0
contact-apics,apics,Cavite Chabacano,0.5,,,Spanish,3 creole,Southeast Asia,,64.0
contact-apics,apics,Zamboanga Chabacano,0.4154,,,Spanish,3 creole,Southeast Asia,,65.0
contact-apics,apics,Papiamentu,0.4923,,,Spanish,3 creole,Caribbean,,65.0
contact-apics,apics,Palenquero,0.5156,,,Spanish,3 creole,Caribbean,,64.0
contact-apics,apics,Haitian Creole,0.3846,,,French,3 creole,Caribbean,,65.0
contact-apics,apics,Guadeloupean Creole,0.3846,,,French,3 creole,Caribbean,,65.0
contact-apics,apics,Martinican Creole,0.4308,,,French,3 creole,Caribbean,,65.0
contact-apics,apics,Guyanais,0.4,,,French,3 creole,Caribbean,,65.0
contact-apics,apics,Louisiana Creole,0.4462,,,French,3 creole,North America,,65.0
contact-apics,apics,Reunion Creole,0.4531,,,French,3 creole,Indian Ocean,,64.0
contact-apics,apics,Mauritian Creole,0.4154,,,French,3 creole,Indian Ocean,,65.0
contact-apics,apics,Seychelles Creole,0.4462,,,French,3 creole,Indian Ocean,,65.0
contact-apics,apics,Tayo,0.625,,,French,3 creole,Pacific,,64.0
contact-apics,apics,Kikongo-Kituba,0.5714,,,Bantu,2 expanded pidgin,Central and East Africa,,63.0
contact-apics,apics,Sango,0.4154,,,Other,2 expanded pidgin,Central and East Africa,,65.0
contact-apics,apics,Lingala,0.4615,,,Bantu,2 expanded pidgin,Central and East Africa,,65.0
contact-apics,apics,Fanakalo,0.4531,,,Bantu,1 restricted pidgin,Southern Africa,,64.0
contact-apics,apics,Kinubi,0.4308,,,Arabic,3 creole,Central and East Africa,,65.0
contact-apics,apics,Juba Arabic,0.5469,,,Arabic,2 expanded pidgin,Central and East Africa,,64.0
contact-apics,apics,Chinese Pidgin Russian,0.55,,,Other,1 restricted pidgin,East Asia,,60.0
contact-apics,apics,Sri Lankan Malay,0.4531,,,Malay,3 creole,South Asia,,64.0
contact-apics,apics,Singapore Bazaar Malay,0.4308,,,Malay,1 restricted pidgin,Southeast Asia,,65.0
contact-apics,apics,Ambon Malay,0.4923,,,Malay,3 creole,Southeast Asia,,65.0
contact-apics,apics,Yimas-Arafundi Pidgin,0.38,,,Other,1 restricted pidgin,Pacific,,50.0
contact-apics,apics,Pidgin Hindustani,0.629,,,Other,1 restricted pidgin,Pacific,,62.0
contact-apics,apics,Pidgin Hawaiian,0.5,,,Other,1 restricted pidgin,Pacific,,64.0
contact-apics,apics,Chinuk Wawa,0.7143,,,Other,1 restricted pidgin,North America,,63.0
contact-apics,apics,Eskimo Pidgin,0.617,,,Other,1 restricted pidgin,North America,,47.0
contact-apics,apics,Louisiana Creole (old texts),0.36,,,French,3 creole,,,25.0
apics-stratum,apics,1 restricted pidgin,0.5314,,,,,,,9.0
apics-stratum,apics,2 expanded pidgin,0.4815,,,,,,,9.0
apics-stratum,apics,3 creole,0.457,,,,,,,55.0
override,wals,No politeness distinction in pronouns,85.1,85.1,,,34.6,,,205.0
override,wals,No gender in pronouns,77.8,77.8,,,32.8,,,375.0
override,grambank,No pro-drop - the subject is obligatory,66.9,66.9,,,73.6,,,1492.0
override,wals,"A relativizer, not the bare gap",65.4,65.4,,,75.2,,,165.0
override,grambank,"No comparative degree marker ('more', '-er')",56.7,56.7,,,33.2,,,1258.0
override,wals,The prohibitive uses the ordinary negator,54.7,54.7,,,66.3,,,492.0
override,grambank,No serial verb constructions,48.4,48.4,,,53.0,,,1543.0
override,grambank,"Adjectives take the copula, they are not stative verbs",43.7,43.7,,,48.6,,,1892.0
override,grambank,No 'exceed' comparative,41.5,41.5,,,32.1,,,1241.0
override,grambank,No clusivity,37.3,37.3,,,52.6,,,2289.0
override,grambank,No numeral classifiers,36.4,36.4,,,23.6,,,2110.0
override,grambank,No dual,1.4,1.4,,,26.3,,,2264.0
override-reversed,wals,A passive: preverbal `self`,95.2,,,,,,,
unchosen,grambank,GB134,94.0,96.4,,,Is the order of constituents the same in main and subordinate clauses?,,,
unchosen,grambank,GB328,70.0,41.6,,,Can the relative clause precede the noun?,,,
unchosen,grambank,GB322,85.0,95.4,,,Is there grammatical marking of direct evidence (perceived with the senses)?,,,
unchosen,grambank,GB323,70.2,79.4,,,"Is there grammatical marking of indirect evidence (hearsay, inference, etc.)?",,,
unchosen,grambank,GB401,72.0,58.8,,,Is there a class of patient-labile verbs?,,,
unchosen,grambank,GB137,61.0,75.9,,,Can standard negation be marked clause-finally?,,,
unchosen,grambank,GB138,58.6,62.5,,,Can standard negation be marked clause-initially?,,,
unchosen,grambank,GB257,51.0,77.4,,,Can polar interrogation be marked by intonation only?,,,
unchosen,grambank,GB422,87.8,87.9,,,Is there a postposed complementizer in complements of verbs of thinking and/or knowing?,,,
unchosen,grambank,GB123,65.3,28.6,,,Are there verb-adjunct (aka light-verb) constructions?,,,
