word,domain,intl,variant,final_policy,form,phonemes,syl_before,syl_after,syl_inflation,len_before,len_after,len_inflation,n_epenthesis,n_deleted,n_lossy_segment,n_attested,attested_langs,sim_attested,sim_attested_min,sim_restrictive,sim_permissive,sim_attested_learned,sim_ceiling,sim_attested_pairwise,why,intl_note,retention
atom,chem/phys,atom,V1,delete,ato,atom,2,2,1.0,4,3,0.75,0,1,0,8,sw|id|tr|ru|es|fi|hu|cs,0.6937,0.6,0.6,0.7071,0.5986,0.925,0.8889,"the canonical case; vowel-initial, final /m/ - the one coda V3 buys and V2 does not",,0.7499
atom,chem/phys,atom,V1,epenthesize,atomu,atom,2,3,1.5,4,5,1.25,1,0,0,8,sw|id|tr|ru|es|fi|hu|cs,0.8664,0.8,1.0,0.8473,0.851,0.925,0.8889,"the canonical case; vowel-initial, final /m/ - the one coda V3 buys and V2 does not",,0.9366
atom,chem/phys,atom,V2,delete,aton,atom,2,2,1.0,4,4,1.0,0,0,0,8,sw|id|tr|ru|es|fi|hu|cs,0.8891,0.769,0.769,0.9063,0.7576,0.925,0.8889,"the canonical case; vowel-initial, final /m/ - the one coda V3 buys and V2 does not",,0.9612
atom,chem/phys,atom,V2,epenthesize,aton,atom,2,2,1.0,4,4,1.0,0,0,0,8,sw|id|tr|ru|es|fi|hu|cs,0.8891,0.769,0.769,0.9063,0.7576,0.925,0.8889,"the canonical case; vowel-initial, final /m/ - the one coda V3 buys and V2 does not",,0.9612
atom,chem/phys,atom,V3,delete,atom,atom,2,2,1.0,4,4,1.0,0,0,0,8,sw|id|tr|ru|es|fi|hu|cs,0.925,0.8,0.8,0.9429,0.929,0.925,0.8889,"the canonical case; vowel-initial, final /m/ - the one coda V3 buys and V2 does not",,1.0
atom,chem/phys,atom,V3,epenthesize,atom,atom,2,2,1.0,4,4,1.0,0,0,0,8,sw|id|tr|ru|es|fi|hu|cs,0.925,0.8,0.8,0.9429,0.929,0.925,0.8889,"the canonical case; vowel-initial, final /m/ - the one coda V3 buys and V2 does not",,1.0
atom,chem/phys,atom,V4,delete,atom,atom,2,2,1.0,4,4,1.0,0,0,0,8,sw|id|tr|ru|es|fi|hu|cs,0.925,0.8,0.8,0.9429,0.929,0.925,0.8889,"the canonical case; vowel-initial, final /m/ - the one coda V3 buys and V2 does not",,1.0
atom,chem/phys,atom,V4,epenthesize,atom,atom,2,2,1.0,4,4,1.0,0,0,0,8,sw|id|tr|ru|es|fi|hu|cs,0.925,0.8,0.8,0.9429,0.929,0.925,0.8889,"the canonical case; vowel-initial, final /m/ - the one coda V3 buys and V2 does not",,1.0
atom,chem/phys,atom,V5,delete,atom,atom,2,2,1.0,4,4,1.0,0,0,0,8,sw|id|tr|ru|es|fi|hu|cs,0.925,0.8,0.8,0.9429,0.929,0.925,0.8889,"the canonical case; vowel-initial, final /m/ - the one coda V3 buys and V2 does not",,1.0
atom,chem/phys,atom,V5,epenthesize,atom,atom,2,2,1.0,4,4,1.0,0,0,0,8,sw|id|tr|ru|es|fi|hu|cs,0.925,0.8,0.8,0.9429,0.929,0.925,0.8889,"the canonical case; vowel-initial, final /m/ - the one coda V3 buys and V2 does not",,1.0
atom,chem/phys,atom,V3C,delete,atom,atom,2,2,1.0,4,4,1.0,0,0,0,8,sw|id|tr|ru|es|fi|hu|cs,0.925,0.8,0.8,0.9429,0.929,0.925,0.8889,"the canonical case; vowel-initial, final /m/ - the one coda V3 buys and V2 does not",,1.0
atom,chem/phys,atom,V3C,epenthesize,atom,atom,2,2,1.0,4,4,1.0,0,0,0,8,sw|id|tr|ru|es|fi|hu|cs,0.925,0.8,0.8,0.9429,0.929,0.925,0.8889,"the canonical case; vowel-initial, final /m/ - the one coda V3 buys and V2 does not",,1.0
proton,chem/phys,proton,V1,delete,puroto,proton,2,3,1.5,6,6,1.0,1,1,0,10,hi|sw|id|tr|ru|es|fi|vi|hu|cs,0.6597,0.5977,0.6363,0.6655,0.6242,0.9628,0.9325,initial /pr/ onset cluster + final /n/: the V3+onsets test in one word,,0.6852
proton,chem/phys,proton,V1,epenthesize,purotoni,proton,2,4,2.0,6,8,1.3333,2,0,0,10,hi|sw|id|tr|ru|es|fi|vi|hu|cs,0.7685,0.6983,0.7866,0.764,0.8097,0.9628,0.9325,initial /pr/ onset cluster + final /n/: the V3+onsets test in one word,,0.7982
proton,chem/phys,proton,V2,delete,puroton,proton,2,3,1.5,6,7,1.1667,1,0,0,10,hi|sw|id|tr|ru|es|fi|vi|hu|cs,0.8212,0.7143,0.7562,0.8374,0.851,0.9628,0.9325,initial /pr/ onset cluster + final /n/: the V3+onsets test in one word,,0.8529
proton,chem/phys,proton,V2,epenthesize,puroton,proton,2,3,1.5,6,7,1.1667,1,0,0,10,hi|sw|id|tr|ru|es|fi|vi|hu|cs,0.8212,0.7143,0.7562,0.8374,0.851,0.9628,0.9325,initial /pr/ onset cluster + final /n/: the V3+onsets test in one word,,0.8529
proton,chem/phys,proton,V3,delete,puroton,proton,2,3,1.5,6,7,1.1667,1,0,0,10,hi|sw|id|tr|ru|es|fi|vi|hu|cs,0.8212,0.7143,0.7562,0.8374,0.851,0.9628,0.9325,initial /pr/ onset cluster + final /n/: the V3+onsets test in one word,,0.8529
proton,chem/phys,proton,V3,epenthesize,puroton,proton,2,3,1.5,6,7,1.1667,1,0,0,10,hi|sw|id|tr|ru|es|fi|vi|hu|cs,0.8212,0.7143,0.7562,0.8374,0.851,0.9628,0.9325,initial /pr/ onset cluster + final /n/: the V3+onsets test in one word,,0.8529
proton,chem/phys,proton,V4,delete,puroton,proton,2,3,1.5,6,7,1.1667,1,0,0,10,hi|sw|id|tr|ru|es|fi|vi|hu|cs,0.8212,0.7143,0.7562,0.8374,0.851,0.9628,0.9325,initial /pr/ onset cluster + final /n/: the V3+onsets test in one word,,0.8529
proton,chem/phys,proton,V4,epenthesize,puroton,proton,2,3,1.5,6,7,1.1667,1,0,0,10,hi|sw|id|tr|ru|es|fi|vi|hu|cs,0.8212,0.7143,0.7562,0.8374,0.851,0.9628,0.9325,initial /pr/ onset cluster + final /n/: the V3+onsets test in one word,,0.8529
proton,chem/phys,proton,V5,delete,puroton,proton,2,3,1.5,6,7,1.1667,1,0,0,10,hi|sw|id|tr|ru|es|fi|vi|hu|cs,0.8212,0.7143,0.7562,0.8374,0.851,0.9628,0.9325,initial /pr/ onset cluster + final /n/: the V3+onsets test in one word,,0.8529
proton,chem/phys,proton,V5,epenthesize,puroton,proton,2,3,1.5,6,7,1.1667,1,0,0,10,hi|sw|id|tr|ru|es|fi|vi|hu|cs,0.8212,0.7143,0.7562,0.8374,0.851,0.9628,0.9325,initial /pr/ onset cluster + final /n/: the V3+onsets test in one word,,0.8529
proton,chem/phys,proton,V3C,delete,proton,proton,2,2,1.0,6,6,1.0,0,0,0,10,hi|sw|id|tr|ru|es|fi|vi|hu|cs,0.9628,0.8571,0.8941,0.98,0.9583,0.9628,0.9325,initial /pr/ onset cluster + final /n/: the V3+onsets test in one word,,1.0
proton,chem/phys,proton,V3C,epenthesize,proton,proton,2,2,1.0,6,6,1.0,0,0,0,10,hi|sw|id|tr|ru|es|fi|vi|hu|cs,0.9628,0.8571,0.8941,0.98,0.9583,0.9628,0.9325,initial /pr/ onset cluster + final /n/: the V3+onsets test in one word,,1.0
electron,chem/phys,electron,V1,delete,elekitiro,elektron,3,5,1.6667,8,9,1.125,2,1,1,10,hi|sw|id|tr|ru|es|fi|vi|hu|cs,0.6808,0.6475,0.7184,0.6715,0.6387,0.9623,0.9306,worst case: /kt/ medial cluster AND /tr/ onset cluster AND final /n/,,0.7075
electron,chem/phys,electron,V1,epenthesize,elekitironi,elektron,3,6,2.0,8,11,1.375,3,0,1,10,hi|sw|id|tr|ru|es|fi|vi|hu|cs,0.7342,0.6301,0.7241,0.7367,0.7818,0.9623,0.9306,worst case: /kt/ medial cluster AND /tr/ onset cluster AND final /n/,,0.763
electron,chem/phys,electron,V2,delete,elekitiron,elektron,3,5,1.6667,8,10,1.25,2,0,1,10,hi|sw|id|tr|ru|es|fi|vi|hu|cs,0.7676,0.6931,0.6966,0.7853,0.8094,0.9623,0.9306,worst case: /kt/ medial cluster AND /tr/ onset cluster AND final /n/,,0.7977
electron,chem/phys,electron,V2,epenthesize,elekitiron,elektron,3,5,1.6667,8,10,1.25,2,0,1,10,hi|sw|id|tr|ru|es|fi|vi|hu|cs,0.7676,0.6931,0.6966,0.7853,0.8094,0.9623,0.9306,worst case: /kt/ medial cluster AND /tr/ onset cluster AND final /n/,,0.7977
electron,chem/phys,electron,V3,delete,elekitiron,elektron,3,5,1.6667,8,10,1.25,2,0,1,10,hi|sw|id|tr|ru|es|fi|vi|hu|cs,0.7676,0.6931,0.6966,0.7853,0.8094,0.9623,0.9306,worst case: /kt/ medial cluster AND /tr/ onset cluster AND final /n/,,0.7977
electron,chem/phys,electron,V3,epenthesize,elekitiron,elektron,3,5,1.6667,8,10,1.25,2,0,1,10,hi|sw|id|tr|ru|es|fi|vi|hu|cs,0.7676,0.6931,0.6966,0.7853,0.8094,0.9623,0.9306,worst case: /kt/ medial cluster AND /tr/ onset cluster AND final /n/,,0.7977
electron,chem/phys,electron,V4,delete,elekitiron,elektron,3,5,1.6667,8,10,1.25,2,0,1,10,hi|sw|id|tr|ru|es|fi|vi|hu|cs,0.7676,0.6931,0.6966,0.7853,0.8094,0.9623,0.9306,worst case: /kt/ medial cluster AND /tr/ onset cluster AND final /n/,,0.7977
electron,chem/phys,electron,V4,epenthesize,elekitiron,elektron,3,5,1.6667,8,10,1.25,2,0,1,10,hi|sw|id|tr|ru|es|fi|vi|hu|cs,0.7676,0.6931,0.6966,0.7853,0.8094,0.9623,0.9306,worst case: /kt/ medial cluster AND /tr/ onset cluster AND final /n/,,0.7977
electron,chem/phys,electron,V5,delete,elektiron,elektron,3,4,1.3333,8,9,1.125,1,0,1,10,hi|sw|id|tr|ru|es|fi|vi|hu|cs,0.8529,0.7701,0.7739,0.8726,0.8785,0.9623,0.9306,worst case: /kt/ medial cluster AND /tr/ onset cluster AND final /n/,,0.8863
electron,chem/phys,electron,V5,epenthesize,elektiron,elektron,3,4,1.3333,8,9,1.125,1,0,1,10,hi|sw|id|tr|ru|es|fi|vi|hu|cs,0.8529,0.7701,0.7739,0.8726,0.8785,0.9623,0.9306,worst case: /kt/ medial cluster AND /tr/ onset cluster AND final /n/,,0.8863
electron,chem/phys,electron,V3C,delete,elekitron,elektron,3,4,1.3333,8,9,1.125,1,0,1,10,hi|sw|id|tr|ru|es|fi|vi|hu|cs,0.8529,0.7701,0.7739,0.8726,0.8785,0.9623,0.9306,worst case: /kt/ medial cluster AND /tr/ onset cluster AND final /n/,,0.8863
electron,chem/phys,electron,V3C,epenthesize,elekitron,elektron,3,4,1.3333,8,9,1.125,1,0,1,10,hi|sw|id|tr|ru|es|fi|vi|hu|cs,0.8529,0.7701,0.7739,0.8726,0.8785,0.9623,0.9306,worst case: /kt/ medial cluster AND /tr/ onset cluster AND final /n/,,0.8863
molecule,chem/phys,molecula,V1,delete,molekula,molekula,4,4,1.0,8,8,1.0,0,0,1,9,sw|id|tr|ru|es|fi|ta|hu|cs,0.9314,0.8084,0.8913,0.9428,0.8858,0.9314,0.8815,final /l/ in most shapes; c before u vs e (the c->k/s rule),es/ru/cs/hu shape molekula,1.0
molecule,chem/phys,molecula,V1,epenthesize,molekula,molekula,4,4,1.0,8,8,1.0,0,0,1,9,sw|id|tr|ru|es|fi|ta|hu|cs,0.9314,0.8084,0.8913,0.9428,0.8858,0.9314,0.8815,final /l/ in most shapes; c before u vs e (the c->k/s rule),es/ru/cs/hu shape molekula,1.0
molecule,chem/phys,molecula,V2,delete,molekula,molekula,4,4,1.0,8,8,1.0,0,0,1,9,sw|id|tr|ru|es|fi|ta|hu|cs,0.9314,0.8084,0.8913,0.9428,0.8858,0.9314,0.8815,final /l/ in most shapes; c before u vs e (the c->k/s rule),es/ru/cs/hu shape molekula,1.0
molecule,chem/phys,molecula,V2,epenthesize,molekula,molekula,4,4,1.0,8,8,1.0,0,0,1,9,sw|id|tr|ru|es|fi|ta|hu|cs,0.9314,0.8084,0.8913,0.9428,0.8858,0.9314,0.8815,final /l/ in most shapes; c before u vs e (the c->k/s rule),es/ru/cs/hu shape molekula,1.0
molecule,chem/phys,molecula,V3,delete,molekula,molekula,4,4,1.0,8,8,1.0,0,0,1,9,sw|id|tr|ru|es|fi|ta|hu|cs,0.9314,0.8084,0.8913,0.9428,0.8858,0.9314,0.8815,final /l/ in most shapes; c before u vs e (the c->k/s rule),es/ru/cs/hu shape molekula,1.0
molecule,chem/phys,molecula,V3,epenthesize,molekula,molekula,4,4,1.0,8,8,1.0,0,0,1,9,sw|id|tr|ru|es|fi|ta|hu|cs,0.9314,0.8084,0.8913,0.9428,0.8858,0.9314,0.8815,final /l/ in most shapes; c before u vs e (the c->k/s rule),es/ru/cs/hu shape molekula,1.0
molecule,chem/phys,molecula,V4,delete,molekula,molekula,4,4,1.0,8,8,1.0,0,0,1,9,sw|id|tr|ru|es|fi|ta|hu|cs,0.9314,0.8084,0.8913,0.9428,0.8858,0.9314,0.8815,final /l/ in most shapes; c before u vs e (the c->k/s rule),es/ru/cs/hu shape molekula,1.0
molecule,chem/phys,molecula,V4,epenthesize,molekula,molekula,4,4,1.0,8,8,1.0,0,0,1,9,sw|id|tr|ru|es|fi|ta|hu|cs,0.9314,0.8084,0.8913,0.9428,0.8858,0.9314,0.8815,final /l/ in most shapes; c before u vs e (the c->k/s rule),es/ru/cs/hu shape molekula,1.0
molecule,chem/phys,molecula,V5,delete,molekula,molekula,4,4,1.0,8,8,1.0,0,0,1,9,sw|id|tr|ru|es|fi|ta|hu|cs,0.9314,0.8084,0.8913,0.9428,0.8858,0.9314,0.8815,final /l/ in most shapes; c before u vs e (the c->k/s rule),es/ru/cs/hu shape molekula,1.0
molecule,chem/phys,molecula,V5,epenthesize,molekula,molekula,4,4,1.0,8,8,1.0,0,0,1,9,sw|id|tr|ru|es|fi|ta|hu|cs,0.9314,0.8084,0.8913,0.9428,0.8858,0.9314,0.8815,final /l/ in most shapes; c before u vs e (the c->k/s rule),es/ru/cs/hu shape molekula,1.0
molecule,chem/phys,molecula,V3C,delete,molekula,molekula,4,4,1.0,8,8,1.0,0,0,1,9,sw|id|tr|ru|es|fi|ta|hu|cs,0.9314,0.8084,0.8913,0.9428,0.8858,0.9314,0.8815,final /l/ in most shapes; c before u vs e (the c->k/s rule),es/ru/cs/hu shape molekula,1.0
molecule,chem/phys,molecula,V3C,epenthesize,molekula,molekula,4,4,1.0,8,8,1.0,0,0,1,9,sw|id|tr|ru|es|fi|ta|hu|cs,0.9314,0.8084,0.8913,0.9428,0.8858,0.9314,0.8815,final /l/ in most shapes; c before u vs e (the c->k/s rule),es/ru/cs/hu shape molekula,1.0
oxygen,chem/phys,oxygen,V1,delete,okisige,oksigen,3,4,1.3333,7,7,1.0,1,1,0,6,hi|sw|id|tr|es|hu,0.6727,0.5668,0.6762,0.672,0.5692,0.8967,0.8408,"x -> ks (cluster), g before a front vowel (soft-g ambiguity), y as a vowel",,0.7502
oxygen,chem/phys,oxygen,V1,epenthesize,okisigeni,oksigen,3,5,1.6667,7,9,1.2857,2,0,0,6,hi|sw|id|tr|es|hu,0.7526,0.6149,0.7452,0.754,0.7316,0.8967,0.8408,"x -> ks (cluster), g before a front vowel (soft-g ambiguity), y as a vowel",,0.8393
oxygen,chem/phys,oxygen,V2,delete,okisigen,oksigen,3,4,1.3333,7,8,1.1429,1,0,0,6,hi|sw|id|tr|es|hu,0.7752,0.6341,0.6341,0.8034,0.757,0.8967,0.8408,"x -> ks (cluster), g before a front vowel (soft-g ambiguity), y as a vowel",,0.8645
oxygen,chem/phys,oxygen,V2,epenthesize,okisigen,oksigen,3,4,1.3333,7,8,1.1429,1,0,0,6,hi|sw|id|tr|es|hu,0.7752,0.6341,0.6341,0.8034,0.757,0.8967,0.8408,"x -> ks (cluster), g before a front vowel (soft-g ambiguity), y as a vowel",,0.8645
oxygen,chem/phys,oxygen,V3,delete,okisigen,oksigen,3,4,1.3333,7,8,1.1429,1,0,0,6,hi|sw|id|tr|es|hu,0.7752,0.6341,0.6341,0.8034,0.757,0.8967,0.8408,"x -> ks (cluster), g before a front vowel (soft-g ambiguity), y as a vowel",,0.8645
oxygen,chem/phys,oxygen,V3,epenthesize,okisigen,oksigen,3,4,1.3333,7,8,1.1429,1,0,0,6,hi|sw|id|tr|es|hu,0.7752,0.6341,0.6341,0.8034,0.757,0.8967,0.8408,"x -> ks (cluster), g before a front vowel (soft-g ambiguity), y as a vowel",,0.8645
oxygen,chem/phys,oxygen,V4,delete,okisigen,oksigen,3,4,1.3333,7,8,1.1429,1,0,0,6,hi|sw|id|tr|es|hu,0.7752,0.6341,0.6341,0.8034,0.757,0.8967,0.8408,"x -> ks (cluster), g before a front vowel (soft-g ambiguity), y as a vowel",,0.8645
oxygen,chem/phys,oxygen,V4,epenthesize,okisigen,oksigen,3,4,1.3333,7,8,1.1429,1,0,0,6,hi|sw|id|tr|es|hu,0.7752,0.6341,0.6341,0.8034,0.757,0.8967,0.8408,"x -> ks (cluster), g before a front vowel (soft-g ambiguity), y as a vowel",,0.8645
oxygen,chem/phys,oxygen,V5,delete,oksigen,oksigen,3,3,1.0,7,7,1.0,0,0,0,6,hi|sw|id|tr|es|hu,0.8967,0.7452,0.7452,0.927,0.8502,0.8967,0.8408,"x -> ks (cluster), g before a front vowel (soft-g ambiguity), y as a vowel",,1.0
oxygen,chem/phys,oxygen,V5,epenthesize,oksigen,oksigen,3,3,1.0,7,7,1.0,0,0,0,6,hi|sw|id|tr|es|hu,0.8967,0.7452,0.7452,0.927,0.8502,0.8967,0.8408,"x -> ks (cluster), g before a front vowel (soft-g ambiguity), y as a vowel",,1.0
oxygen,chem/phys,oxygen,V3C,delete,okisigen,oksigen,3,4,1.3333,7,8,1.1429,1,0,0,6,hi|sw|id|tr|es|hu,0.7752,0.6341,0.6341,0.8034,0.757,0.8967,0.8408,"x -> ks (cluster), g before a front vowel (soft-g ambiguity), y as a vowel",,0.8645
oxygen,chem/phys,oxygen,V3C,epenthesize,okisigen,oksigen,3,4,1.3333,7,8,1.1429,1,0,0,6,hi|sw|id|tr|es|hu,0.7752,0.6341,0.6341,0.8034,0.757,0.8967,0.8408,"x -> ks (cluster), g before a front vowel (soft-g ambiguity), y as a vowel",,0.8645
hydrogen,chem/phys,hydrogen,V1,delete,hidiroge,hidrogen,3,4,1.3333,8,8,1.0,1,1,0,7,hi|sw|id|tr|es|ta|hu,0.6583,0.5172,0.6702,0.6535,0.5309,0.8488,0.7536,"y as a vowel (i or u?), soft-g again, three syllables of Greek stem",,0.7756
hydrogen,chem/phys,hydrogen,V1,epenthesize,hidirogeni,hidrogen,3,5,1.6667,8,10,1.25,2,0,0,7,hi|sw|id|tr|es|ta|hu,0.7411,0.55,0.7491,0.7379,0.6802,0.8488,0.7536,"y as a vowel (i or u?), soft-g again, three syllables of Greek stem",,0.8731
hydrogen,chem/phys,hydrogen,V2,delete,hidirogen,hidrogen,3,4,1.3333,8,9,1.125,1,0,0,7,hi|sw|id|tr|es|ta|hu,0.7741,0.65,0.7396,0.7879,0.7049,0.8488,0.7536,"y as a vowel (i or u?), soft-g again, three syllables of Greek stem",,0.912
hydrogen,chem/phys,hydrogen,V2,epenthesize,hidirogen,hidrogen,3,4,1.3333,8,9,1.125,1,0,0,7,hi|sw|id|tr|es|ta|hu,0.7741,0.65,0.7396,0.7879,0.7049,0.8488,0.7536,"y as a vowel (i or u?), soft-g again, three syllables of Greek stem",,0.912
hydrogen,chem/phys,hydrogen,V3,delete,hidirogen,hidrogen,3,4,1.3333,8,9,1.125,1,0,0,7,hi|sw|id|tr|es|ta|hu,0.7741,0.65,0.7396,0.7879,0.7049,0.8488,0.7536,"y as a vowel (i or u?), soft-g again, three syllables of Greek stem",,0.912
hydrogen,chem/phys,hydrogen,V3,epenthesize,hidirogen,hidrogen,3,4,1.3333,8,9,1.125,1,0,0,7,hi|sw|id|tr|es|ta|hu,0.7741,0.65,0.7396,0.7879,0.7049,0.8488,0.7536,"y as a vowel (i or u?), soft-g again, three syllables of Greek stem",,0.912
hydrogen,chem/phys,hydrogen,V4,delete,hidirogen,hidrogen,3,4,1.3333,8,9,1.125,1,0,0,7,hi|sw|id|tr|es|ta|hu,0.7741,0.65,0.7396,0.7879,0.7049,0.8488,0.7536,"y as a vowel (i or u?), soft-g again, three syllables of Greek stem",,0.912
hydrogen,chem/phys,hydrogen,V4,epenthesize,hidirogen,hidrogen,3,4,1.3333,8,9,1.125,1,0,0,7,hi|sw|id|tr|es|ta|hu,0.7741,0.65,0.7396,0.7879,0.7049,0.8488,0.7536,"y as a vowel (i or u?), soft-g again, three syllables of Greek stem",,0.912
hydrogen,chem/phys,hydrogen,V5,delete,hidrogen,hidrogen,3,3,1.0,8,8,1.0,0,0,0,7,hi|sw|id|tr|es|ta|hu,0.8488,0.7203,0.7455,0.8901,0.7643,0.8488,0.7536,"y as a vowel (i or u?), soft-g again, three syllables of Greek stem",,1.0
hydrogen,chem/phys,hydrogen,V5,epenthesize,hidrogen,hidrogen,3,3,1.0,8,8,1.0,0,0,0,7,hi|sw|id|tr|es|ta|hu,0.8488,0.7203,0.7455,0.8901,0.7643,0.8488,0.7536,"y as a vowel (i or u?), soft-g again, three syllables of Greek stem",,1.0
hydrogen,chem/phys,hydrogen,V3C,delete,hidrogen,hidrogen,3,3,1.0,8,8,1.0,0,0,0,7,hi|sw|id|tr|es|ta|hu,0.8488,0.7203,0.7455,0.8901,0.7643,0.8488,0.7536,"y as a vowel (i or u?), soft-g again, three syllables of Greek stem",,1.0
hydrogen,chem/phys,hydrogen,V3C,epenthesize,hidrogen,hidrogen,3,3,1.0,8,8,1.0,0,0,0,7,hi|sw|id|tr|es|ta|hu,0.8488,0.7203,0.7455,0.8901,0.7643,0.8488,0.7536,"y as a vowel (i or u?), soft-g again, three syllables of Greek stem",,1.0
carbon,chem/phys,carbon,V1,delete,karibo,karbon,2,3,1.5,6,6,1.0,1,1,1,8,hi|sw|id|tr|es|vi|ta|is,0.6998,0.5977,0.7072,0.6954,0.5428,0.8382,0.7446,/r/ coda - the V4 test case; final /n/,,0.8349
carbon,chem/phys,carbon,V1,epenthesize,kariboni,karbon,2,4,2.0,6,8,1.3333,2,0,1,8,hi|sw|id|tr|es|vi|ta|is,0.7659,0.6983,0.7478,0.7767,0.7402,0.8382,0.7446,/r/ coda - the V4 test case; final /n/,,0.9137
carbon,chem/phys,carbon,V2,delete,karibon,karbon,2,3,1.5,6,7,1.1667,1,0,1,8,hi|sw|id|tr|es|vi|ta|is,0.7792,0.6305,0.7791,0.7793,0.7434,0.8382,0.7446,/r/ coda - the V4 test case; final /n/,,0.9296
carbon,chem/phys,carbon,V2,epenthesize,karibon,karbon,2,3,1.5,6,7,1.1667,1,0,1,8,hi|sw|id|tr|es|vi|ta|is,0.7792,0.6305,0.7791,0.7793,0.7434,0.8382,0.7446,/r/ coda - the V4 test case; final /n/,,0.9296
carbon,chem/phys,carbon,V3,delete,karibon,karbon,2,3,1.5,6,7,1.1667,1,0,1,8,hi|sw|id|tr|es|vi|ta|is,0.7792,0.6305,0.7791,0.7793,0.7434,0.8382,0.7446,/r/ coda - the V4 test case; final /n/,,0.9296
carbon,chem/phys,carbon,V3,epenthesize,karibon,karbon,2,3,1.5,6,7,1.1667,1,0,1,8,hi|sw|id|tr|es|vi|ta|is,0.7792,0.6305,0.7791,0.7793,0.7434,0.8382,0.7446,/r/ coda - the V4 test case; final /n/,,0.9296
carbon,chem/phys,carbon,V4,delete,karbon,karbon,2,2,1.0,6,6,1.0,0,0,1,8,hi|sw|id|tr|es|vi|ta|is,0.8382,0.5074,0.7879,0.8683,0.7877,0.8382,0.7446,/r/ coda - the V4 test case; final /n/,,1.0
carbon,chem/phys,carbon,V4,epenthesize,karbon,karbon,2,2,1.0,6,6,1.0,0,0,1,8,hi|sw|id|tr|es|vi|ta|is,0.8382,0.5074,0.7879,0.8683,0.7877,0.8382,0.7446,/r/ coda - the V4 test case; final /n/,,1.0
carbon,chem/phys,carbon,V5,delete,karbon,karbon,2,2,1.0,6,6,1.0,0,0,1,8,hi|sw|id|tr|es|vi|ta|is,0.8382,0.5074,0.7879,0.8683,0.7877,0.8382,0.7446,/r/ coda - the V4 test case; final /n/,,1.0
carbon,chem/phys,carbon,V5,epenthesize,karbon,karbon,2,2,1.0,6,6,1.0,0,0,1,8,hi|sw|id|tr|es|vi|ta|is,0.8382,0.5074,0.7879,0.8683,0.7877,0.8382,0.7446,/r/ coda - the V4 test case; final /n/,,1.0
carbon,chem/phys,carbon,V3C,delete,karibon,karbon,2,3,1.5,6,7,1.1667,1,0,1,8,hi|sw|id|tr|es|vi|ta|is,0.7792,0.6305,0.7791,0.7793,0.7434,0.8382,0.7446,/r/ coda - the V4 test case; final /n/,,0.9296
carbon,chem/phys,carbon,V3C,epenthesize,karibon,karbon,2,3,1.5,6,7,1.1667,1,0,1,8,hi|sw|id|tr|es|vi|ta|is,0.7792,0.6305,0.7791,0.7793,0.7434,0.8382,0.7446,/r/ coda - the V4 test case; final /n/,,0.9296
energy,chem/phys,energia,V1,delete,enerigia,energia,4,5,1.25,7,8,1.1429,1,0,0,8,ja|id|tr|ru|es|fi|hu|cs,0.8165,0.7004,0.8491,0.8119,0.804,0.9034,0.8458,soft g between vowels; final -ia ending,ru/es/tr/id/hu shape energi(a),0.9038
energy,chem/phys,energia,V1,epenthesize,enerigia,energia,4,5,1.25,7,8,1.1429,1,0,0,8,ja|id|tr|ru|es|fi|hu|cs,0.8165,0.7004,0.8491,0.8119,0.804,0.9034,0.8458,soft g between vowels; final -ia ending,ru/es/tr/id/hu shape energi(a),0.9038
energy,chem/phys,energia,V2,delete,enerigia,energia,4,5,1.25,7,8,1.1429,1,0,0,8,ja|id|tr|ru|es|fi|hu|cs,0.8165,0.7004,0.8491,0.8119,0.804,0.9034,0.8458,soft g between vowels; final -ia ending,ru/es/tr/id/hu shape energi(a),0.9038
energy,chem/phys,energia,V2,epenthesize,enerigia,energia,4,5,1.25,7,8,1.1429,1,0,0,8,ja|id|tr|ru|es|fi|hu|cs,0.8165,0.7004,0.8491,0.8119,0.804,0.9034,0.8458,soft g between vowels; final -ia ending,ru/es/tr/id/hu shape energi(a),0.9038
energy,chem/phys,energia,V3,delete,enerigia,energia,4,5,1.25,7,8,1.1429,1,0,0,8,ja|id|tr|ru|es|fi|hu|cs,0.8165,0.7004,0.8491,0.8119,0.804,0.9034,0.8458,soft g between vowels; final -ia ending,ru/es/tr/id/hu shape energi(a),0.9038
energy,chem/phys,energia,V3,epenthesize,enerigia,energia,4,5,1.25,7,8,1.1429,1,0,0,8,ja|id|tr|ru|es|fi|hu|cs,0.8165,0.7004,0.8491,0.8119,0.804,0.9034,0.8458,soft g between vowels; final -ia ending,ru/es/tr/id/hu shape energi(a),0.9038
energy,chem/phys,energia,V4,delete,energia,energia,4,4,1.0,7,7,1.0,0,0,0,8,ja|id|tr|ru|es|fi|hu|cs,0.9034,0.7143,0.7143,0.9304,0.8881,0.9034,0.8458,soft g between vowels; final -ia ending,ru/es/tr/id/hu shape energi(a),1.0
energy,chem/phys,energia,V4,epenthesize,energia,energia,4,4,1.0,7,7,1.0,0,0,0,8,ja|id|tr|ru|es|fi|hu|cs,0.9034,0.7143,0.7143,0.9304,0.8881,0.9034,0.8458,soft g between vowels; final -ia ending,ru/es/tr/id/hu shape energi(a),1.0
energy,chem/phys,energia,V5,delete,energia,energia,4,4,1.0,7,7,1.0,0,0,0,8,ja|id|tr|ru|es|fi|hu|cs,0.9034,0.7143,0.7143,0.9304,0.8881,0.9034,0.8458,soft g between vowels; final -ia ending,ru/es/tr/id/hu shape energi(a),1.0
energy,chem/phys,energia,V5,epenthesize,energia,energia,4,4,1.0,7,7,1.0,0,0,0,8,ja|id|tr|ru|es|fi|hu|cs,0.9034,0.7143,0.7143,0.9304,0.8881,0.9034,0.8458,soft g between vowels; final -ia ending,ru/es/tr/id/hu shape energi(a),1.0
energy,chem/phys,energia,V3C,delete,enerigia,energia,4,5,1.25,7,8,1.1429,1,0,0,8,ja|id|tr|ru|es|fi|hu|cs,0.8165,0.7004,0.8491,0.8119,0.804,0.9034,0.8458,soft g between vowels; final -ia ending,ru/es/tr/id/hu shape energi(a),0.9038
energy,chem/phys,energia,V3C,epenthesize,enerigia,energia,4,5,1.25,7,8,1.1429,1,0,0,8,ja|id|tr|ru|es|fi|hu|cs,0.8165,0.7004,0.8491,0.8119,0.804,0.9034,0.8458,soft g between vowels; final -ia ending,ru/es/tr/id/hu shape energi(a),0.9038
plastic,chem/phys,plastic,V1,delete,pulasiti,plastik,2,4,2.0,7,8,1.1429,2,1,1,10,ja|ko|hi|sw|id|tr|ru|es|is|cs,0.6524,0.5414,0.7262,0.6208,0.6047,0.8122,0.6978,"/pl/ onset cluster, /st/ medial cluster, final /k/ - three repairs in one word",,0.8033
plastic,chem/phys,plastic,V1,epenthesize,pulasitiki,plastik,2,5,2.5,7,10,1.4286,3,0,1,10,ja|ko|hi|sw|id|tr|ru|es|is|cs,0.6839,0.5,0.8094,0.63,0.6717,0.8122,0.6978,"/pl/ onset cluster, /st/ medial cluster, final /k/ - three repairs in one word",,0.842
plastic,chem/phys,plastic,V2,delete,pulasiti,plastik,2,4,2.0,7,8,1.1429,2,1,1,10,ja|ko|hi|sw|id|tr|ru|es|is|cs,0.6524,0.5414,0.7262,0.6208,0.6047,0.8122,0.6978,"/pl/ onset cluster, /st/ medial cluster, final /k/ - three repairs in one word",,0.8033
plastic,chem/phys,plastic,V2,epenthesize,pulasitiki,plastik,2,5,2.5,7,10,1.4286,3,0,1,10,ja|ko|hi|sw|id|tr|ru|es|is|cs,0.6839,0.5,0.8094,0.63,0.6717,0.8122,0.6978,"/pl/ onset cluster, /st/ medial cluster, final /k/ - three repairs in one word",,0.842
plastic,chem/phys,plastic,V3,delete,pulasiti,plastik,2,4,2.0,7,8,1.1429,2,1,1,10,ja|ko|hi|sw|id|tr|ru|es|is|cs,0.6524,0.5414,0.7262,0.6208,0.6047,0.8122,0.6978,"/pl/ onset cluster, /st/ medial cluster, final /k/ - three repairs in one word",,0.8033
plastic,chem/phys,plastic,V3,epenthesize,pulasitiki,plastik,2,5,2.5,7,10,1.4286,3,0,1,10,ja|ko|hi|sw|id|tr|ru|es|is|cs,0.6839,0.5,0.8094,0.63,0.6717,0.8122,0.6978,"/pl/ onset cluster, /st/ medial cluster, final /k/ - three repairs in one word",,0.842
plastic,chem/phys,plastic,V4,delete,pulasiti,plastik,2,4,2.0,7,8,1.1429,2,1,1,10,ja|ko|hi|sw|id|tr|ru|es|is|cs,0.6524,0.5414,0.7262,0.6208,0.6047,0.8122,0.6978,"/pl/ onset cluster, /st/ medial cluster, final /k/ - three repairs in one word",,0.8033
plastic,chem/phys,plastic,V4,epenthesize,pulasitiki,plastik,2,5,2.5,7,10,1.4286,3,0,1,10,ja|ko|hi|sw|id|tr|ru|es|is|cs,0.6839,0.5,0.8094,0.63,0.6717,0.8122,0.6978,"/pl/ onset cluster, /st/ medial cluster, final /k/ - three repairs in one word",,0.842
plastic,chem/phys,plastic,V5,delete,pulastik,plastik,2,3,1.5,7,8,1.1429,1,0,1,10,ja|ko|hi|sw|id|tr|ru|es|is|cs,0.7393,0.5328,0.7481,0.7356,0.7447,0.8122,0.6978,"/pl/ onset cluster, /st/ medial cluster, final /k/ - three repairs in one word",,0.9102
plastic,chem/phys,plastic,V5,epenthesize,pulastik,plastik,2,3,1.5,7,8,1.1429,1,0,1,10,ja|ko|hi|sw|id|tr|ru|es|is|cs,0.7393,0.5328,0.7481,0.7356,0.7447,0.8122,0.6978,"/pl/ onset cluster, /st/ medial cluster, final /k/ - three repairs in one word",,0.9102
plastic,chem/phys,plastic,V3C,delete,plasiti,plastik,2,3,1.5,7,7,1.0,1,1,1,10,ja|ko|hi|sw|id|tr|ru|es|is|cs,0.7145,0.6019,0.71,0.7165,0.6625,0.8122,0.6978,"/pl/ onset cluster, /st/ medial cluster, final /k/ - three repairs in one word",,0.8797
plastic,chem/phys,plastic,V3C,epenthesize,plasitiki,plastik,2,4,2.0,7,9,1.2857,2,0,1,10,ja|ko|hi|sw|id|tr|ru|es|is|cs,0.7284,0.5556,0.7811,0.7058,0.7128,0.8122,0.6978,"/pl/ onset cluster, /st/ medial cluster, final /k/ - three repairs in one word",,0.8968
virus,bio/med,virus,V1,delete,firu,firus,2,2,1.0,5,4,0.8,0,1,1,12,ja|ko|sw|id|tr|ru|es|fi|vi|is|hu|cs,0.6816,0.4741,0.5919,0.7265,0.5194,0.8322,0.7415,the /v/ three-way ambiguity plus the -us ending; adapted worldwide,,0.819
virus,bio/med,virus,V1,epenthesize,firusi,firus,2,3,1.5,5,6,1.2,1,0,1,12,ja|ko|sw|id|tr|ru|es|fi|vi|is|hu|cs,0.8156,0.6724,0.8285,0.8091,0.7067,0.8322,0.7415,the /v/ three-way ambiguity plus the -us ending; adapted worldwide,,0.9801
virus,bio/med,virus,V2,delete,firu,firus,2,2,1.0,5,4,0.8,0,1,1,12,ja|ko|sw|id|tr|ru|es|fi|vi|is|hu|cs,0.6816,0.4741,0.5919,0.7265,0.5194,0.8322,0.7415,the /v/ three-way ambiguity plus the -us ending; adapted worldwide,,0.819
virus,bio/med,virus,V2,epenthesize,firusi,firus,2,3,1.5,5,6,1.2,1,0,1,12,ja|ko|sw|id|tr|ru|es|fi|vi|is|hu|cs,0.8156,0.6724,0.8285,0.8091,0.7067,0.8322,0.7415,the /v/ three-way ambiguity plus the -us ending; adapted worldwide,,0.9801
virus,bio/med,virus,V3,delete,firu,firus,2,2,1.0,5,4,0.8,0,1,1,12,ja|ko|sw|id|tr|ru|es|fi|vi|is|hu|cs,0.6816,0.4741,0.5919,0.7265,0.5194,0.8322,0.7415,the /v/ three-way ambiguity plus the -us ending; adapted worldwide,,0.819
virus,bio/med,virus,V3,epenthesize,firusi,firus,2,3,1.5,5,6,1.2,1,0,1,12,ja|ko|sw|id|tr|ru|es|fi|vi|is|hu|cs,0.8156,0.6724,0.8285,0.8091,0.7067,0.8322,0.7415,the /v/ three-way ambiguity plus the -us ending; adapted worldwide,,0.9801
virus,bio/med,virus,V4,delete,firu,firus,2,2,1.0,5,4,0.8,0,1,1,12,ja|ko|sw|id|tr|ru|es|fi|vi|is|hu|cs,0.6816,0.4741,0.5919,0.7265,0.5194,0.8322,0.7415,the /v/ three-way ambiguity plus the -us ending; adapted worldwide,,0.819
virus,bio/med,virus,V4,epenthesize,firusi,firus,2,3,1.5,5,6,1.2,1,0,1,12,ja|ko|sw|id|tr|ru|es|fi|vi|is|hu|cs,0.8156,0.6724,0.8285,0.8091,0.7067,0.8322,0.7415,the /v/ three-way ambiguity plus the -us ending; adapted worldwide,,0.9801
virus,bio/med,virus,V5,delete,firus,firus,2,2,1.0,5,5,1.0,0,0,1,12,ja|ko|sw|id|tr|ru|es|fi|vi|is|hu|cs,0.8268,0.5379,0.7597,0.8603,0.7269,0.8322,0.7415,the /v/ three-way ambiguity plus the -us ending; adapted worldwide,,0.9935
virus,bio/med,virus,V5,epenthesize,firus,firus,2,2,1.0,5,5,1.0,0,0,1,12,ja|ko|sw|id|tr|ru|es|fi|vi|is|hu|cs,0.8268,0.5379,0.7597,0.8603,0.7269,0.8322,0.7415,the /v/ three-way ambiguity plus the -us ending; adapted worldwide,,0.9935
virus,bio/med,virus,V3C,delete,firu,firus,2,2,1.0,5,4,0.8,0,1,1,12,ja|ko|sw|id|tr|ru|es|fi|vi|is|hu|cs,0.6816,0.4741,0.5919,0.7265,0.5194,0.8322,0.7415,the /v/ three-way ambiguity plus the -us ending; adapted worldwide,,0.819
virus,bio/med,virus,V3C,epenthesize,firusi,firus,2,3,1.5,5,6,1.2,1,0,1,12,ja|ko|sw|id|tr|ru|es|fi|vi|is|hu|cs,0.8156,0.6724,0.8285,0.8091,0.7067,0.8322,0.7415,the /v/ three-way ambiguity plus the -us ending; adapted worldwide,,0.9801
bacteria,bio/med,bacteria,V1,delete,bakiteria,bakteria,4,5,1.25,8,9,1.125,1,0,1,9,id|tr|ru|es|fi|ha|ta|hu|cs,0.7756,0.6238,0.7682,0.7777,0.757,0.8808,0.8128,"/kt/ medial cluster, -ia ending, c->k before t",,0.8806
bacteria,bio/med,bacteria,V1,epenthesize,bakiteria,bakteria,4,5,1.25,8,9,1.125,1,0,1,9,id|tr|ru|es|fi|ha|ta|hu|cs,0.7756,0.6238,0.7682,0.7777,0.757,0.8808,0.8128,"/kt/ medial cluster, -ia ending, c->k before t",,0.8806
bacteria,bio/med,bacteria,V2,delete,bakiteria,bakteria,4,5,1.25,8,9,1.125,1,0,1,9,id|tr|ru|es|fi|ha|ta|hu|cs,0.7756,0.6238,0.7682,0.7777,0.757,0.8808,0.8128,"/kt/ medial cluster, -ia ending, c->k before t",,0.8806
bacteria,bio/med,bacteria,V2,epenthesize,bakiteria,bakteria,4,5,1.25,8,9,1.125,1,0,1,9,id|tr|ru|es|fi|ha|ta|hu|cs,0.7756,0.6238,0.7682,0.7777,0.757,0.8808,0.8128,"/kt/ medial cluster, -ia ending, c->k before t",,0.8806
bacteria,bio/med,bacteria,V3,delete,bakiteria,bakteria,4,5,1.25,8,9,1.125,1,0,1,9,id|tr|ru|es|fi|ha|ta|hu|cs,0.7756,0.6238,0.7682,0.7777,0.757,0.8808,0.8128,"/kt/ medial cluster, -ia ending, c->k before t",,0.8806
bacteria,bio/med,bacteria,V3,epenthesize,bakiteria,bakteria,4,5,1.25,8,9,1.125,1,0,1,9,id|tr|ru|es|fi|ha|ta|hu|cs,0.7756,0.6238,0.7682,0.7777,0.757,0.8808,0.8128,"/kt/ medial cluster, -ia ending, c->k before t",,0.8806
bacteria,bio/med,bacteria,V4,delete,bakiteria,bakteria,4,5,1.25,8,9,1.125,1,0,1,9,id|tr|ru|es|fi|ha|ta|hu|cs,0.7756,0.6238,0.7682,0.7777,0.757,0.8808,0.8128,"/kt/ medial cluster, -ia ending, c->k before t",,0.8806
bacteria,bio/med,bacteria,V4,epenthesize,bakiteria,bakteria,4,5,1.25,8,9,1.125,1,0,1,9,id|tr|ru|es|fi|ha|ta|hu|cs,0.7756,0.6238,0.7682,0.7777,0.757,0.8808,0.8128,"/kt/ medial cluster, -ia ending, c->k before t",,0.8806
bacteria,bio/med,bacteria,V5,delete,bakteria,bakteria,4,4,1.0,8,8,1.0,0,0,1,9,id|tr|ru|es|fi|ha|ta|hu|cs,0.8808,0.7147,0.8793,0.8813,0.8392,0.8808,0.8128,"/kt/ medial cluster, -ia ending, c->k before t",,1.0
bacteria,bio/med,bacteria,V5,epenthesize,bakteria,bakteria,4,4,1.0,8,8,1.0,0,0,1,9,id|tr|ru|es|fi|ha|ta|hu|cs,0.8808,0.7147,0.8793,0.8813,0.8392,0.8808,0.8128,"/kt/ medial cluster, -ia ending, c->k before t",,1.0
bacteria,bio/med,bacteria,V3C,delete,bakiteria,bakteria,4,5,1.25,8,9,1.125,1,0,1,9,id|tr|ru|es|fi|ha|ta|hu|cs,0.7756,0.6238,0.7682,0.7777,0.757,0.8808,0.8128,"/kt/ medial cluster, -ia ending, c->k before t",,0.8806
bacteria,bio/med,bacteria,V3C,epenthesize,bakiteria,bakteria,4,5,1.25,8,9,1.125,1,0,1,9,id|tr|ru|es|fi|ha|ta|hu|cs,0.7756,0.6238,0.7682,0.7777,0.757,0.8808,0.8128,"/kt/ medial cluster, -ia ending, c->k before t",,0.8806
antibiotic,bio/med,antibiotic,V1,delete,anitibioti,antibiotik,5,6,1.2,10,10,1.0,1,1,1,8,sw|id|tr|ru|es|fi|hu|cs,0.7212,0.6667,0.7273,0.7203,0.6947,0.8788,0.8541,"long word: does length inflation compound? /nt/ cluster, final /k/",,0.8207
antibiotic,bio/med,antibiotic,V1,epenthesize,anitibiotiki,antibiotik,5,7,1.4,10,12,1.2,2,0,1,8,sw|id|tr|ru|es|fi|hu|cs,0.8342,0.7256,0.9167,0.8225,0.816,0.8788,0.8541,"long word: does length inflation compound? /nt/ cluster, final /k/",,0.9492
antibiotic,bio/med,antibiotic,V2,delete,antibioti,antibiotik,5,5,1.0,10,9,0.9,0,1,1,8,sw|id|tr|ru|es|fi|hu|cs,0.8114,0.75,0.8182,0.8104,0.7661,0.8788,0.8541,"long word: does length inflation compound? /nt/ cluster, final /k/",,0.9233
antibiotic,bio/med,antibiotic,V2,epenthesize,antibiotiki,antibiotik,5,6,1.2,10,11,1.1,1,0,1,8,sw|id|tr|ru|es|fi|hu|cs,0.9124,0.7915,1.0,0.8998,0.8797,0.8788,0.8541,"long word: does length inflation compound? /nt/ cluster, final /k/",,1.0382
antibiotic,bio/med,antibiotic,V3,delete,antibioti,antibiotik,5,5,1.0,10,9,0.9,0,1,1,8,sw|id|tr|ru|es|fi|hu|cs,0.8114,0.75,0.8182,0.8104,0.7661,0.8788,0.8541,"long word: does length inflation compound? /nt/ cluster, final /k/",,0.9233
antibiotic,bio/med,antibiotic,V3,epenthesize,antibiotiki,antibiotik,5,6,1.2,10,11,1.1,1,0,1,8,sw|id|tr|ru|es|fi|hu|cs,0.9124,0.7915,1.0,0.8998,0.8797,0.8788,0.8541,"long word: does length inflation compound? /nt/ cluster, final /k/",,1.0382
antibiotic,bio/med,antibiotic,V4,delete,antibioti,antibiotik,5,5,1.0,10,9,0.9,0,1,1,8,sw|id|tr|ru|es|fi|hu|cs,0.8114,0.75,0.8182,0.8104,0.7661,0.8788,0.8541,"long word: does length inflation compound? /nt/ cluster, final /k/",,0.9233
antibiotic,bio/med,antibiotic,V4,epenthesize,antibiotiki,antibiotik,5,6,1.2,10,11,1.1,1,0,1,8,sw|id|tr|ru|es|fi|hu|cs,0.9124,0.7915,1.0,0.8998,0.8797,0.8788,0.8541,"long word: does length inflation compound? /nt/ cluster, final /k/",,1.0382
antibiotic,bio/med,antibiotic,V5,delete,antibiotik,antibiotik,5,5,1.0,10,10,1.0,0,0,1,8,sw|id|tr|ru|es|fi|hu|cs,0.8788,0.7273,0.9091,0.8745,0.8667,0.8788,0.8541,"long word: does length inflation compound? /nt/ cluster, final /k/",,1.0
antibiotic,bio/med,antibiotic,V5,epenthesize,antibiotik,antibiotik,5,5,1.0,10,10,1.0,0,0,1,8,sw|id|tr|ru|es|fi|hu|cs,0.8788,0.7273,0.9091,0.8745,0.8667,0.8788,0.8541,"long word: does length inflation compound? /nt/ cluster, final /k/",,1.0
antibiotic,bio/med,antibiotic,V3C,delete,antibioti,antibiotik,5,5,1.0,10,9,0.9,0,1,1,8,sw|id|tr|ru|es|fi|hu|cs,0.8114,0.75,0.8182,0.8104,0.7661,0.8788,0.8541,"long word: does length inflation compound? /nt/ cluster, final /k/",,0.9233
antibiotic,bio/med,antibiotic,V3C,epenthesize,antibiotiki,antibiotik,5,6,1.2,10,11,1.1,1,0,1,8,sw|id|tr|ru|es|fi|hu|cs,0.9124,0.7915,1.0,0.8998,0.8797,0.8788,0.8541,"long word: does length inflation compound? /nt/ cluster, final /k/",,1.0382
vitamin,bio/med,vitamin,V1,delete,fitami,fitamin,3,3,1.0,7,6,0.8571,0,1,1,13,ja|ko|hi|sw|id|tr|ru|es|fi|vi|is|hu|cs,0.8072,0.6628,0.8145,0.804,0.7186,0.9475,0.9149,"/v/ again, in a word with no clusters at all - isolates the /v/ decision",,0.8519
vitamin,bio/med,vitamin,V1,epenthesize,fitamini,fitamin,3,4,1.3333,7,8,1.1429,1,0,1,13,ja|ko|hi|sw|id|tr|ru|es|fi|vi|is|hu|cs,0.8927,0.8491,0.8922,0.8929,0.8657,0.9475,0.9149,"/v/ again, in a word with no clusters at all - isolates the /v/ decision",,0.9422
vitamin,bio/med,vitamin,V2,delete,fitamin,fitamin,3,3,1.0,7,7,1.0,0,0,1,13,ja|ko|hi|sw|id|tr|ru|es|fi|vi|is|hu|cs,0.9435,0.7739,0.9529,0.9394,0.9068,0.9475,0.9149,"/v/ again, in a word with no clusters at all - isolates the /v/ decision",,0.9958
vitamin,bio/med,vitamin,V2,epenthesize,fitamin,fitamin,3,3,1.0,7,7,1.0,0,0,1,13,ja|ko|hi|sw|id|tr|ru|es|fi|vi|is|hu|cs,0.9435,0.7739,0.9529,0.9394,0.9068,0.9475,0.9149,"/v/ again, in a word with no clusters at all - isolates the /v/ decision",,0.9958
vitamin,bio/med,vitamin,V3,delete,fitamin,fitamin,3,3,1.0,7,7,1.0,0,0,1,13,ja|ko|hi|sw|id|tr|ru|es|fi|vi|is|hu|cs,0.9435,0.7739,0.9529,0.9394,0.9068,0.9475,0.9149,"/v/ again, in a word with no clusters at all - isolates the /v/ decision",,0.9958
vitamin,bio/med,vitamin,V3,epenthesize,fitamin,fitamin,3,3,1.0,7,7,1.0,0,0,1,13,ja|ko|hi|sw|id|tr|ru|es|fi|vi|is|hu|cs,0.9435,0.7739,0.9529,0.9394,0.9068,0.9475,0.9149,"/v/ again, in a word with no clusters at all - isolates the /v/ decision",,0.9958
vitamin,bio/med,vitamin,V4,delete,fitamin,fitamin,3,3,1.0,7,7,1.0,0,0,1,13,ja|ko|hi|sw|id|tr|ru|es|fi|vi|is|hu|cs,0.9435,0.7739,0.9529,0.9394,0.9068,0.9475,0.9149,"/v/ again, in a word with no clusters at all - isolates the /v/ decision",,0.9958
vitamin,bio/med,vitamin,V4,epenthesize,fitamin,fitamin,3,3,1.0,7,7,1.0,0,0,1,13,ja|ko|hi|sw|id|tr|ru|es|fi|vi|is|hu|cs,0.9435,0.7739,0.9529,0.9394,0.9068,0.9475,0.9149,"/v/ again, in a word with no clusters at all - isolates the /v/ decision",,0.9958
vitamin,bio/med,vitamin,V5,delete,fitamin,fitamin,3,3,1.0,7,7,1.0,0,0,1,13,ja|ko|hi|sw|id|tr|ru|es|fi|vi|is|hu|cs,0.9435,0.7739,0.9529,0.9394,0.9068,0.9475,0.9149,"/v/ again, in a word with no clusters at all - isolates the /v/ decision",,0.9958
vitamin,bio/med,vitamin,V5,epenthesize,fitamin,fitamin,3,3,1.0,7,7,1.0,0,0,1,13,ja|ko|hi|sw|id|tr|ru|es|fi|vi|is|hu|cs,0.9435,0.7739,0.9529,0.9394,0.9068,0.9475,0.9149,"/v/ again, in a word with no clusters at all - isolates the /v/ decision",,0.9958
vitamin,bio/med,vitamin,V3C,delete,fitamin,fitamin,3,3,1.0,7,7,1.0,0,0,1,13,ja|ko|hi|sw|id|tr|ru|es|fi|vi|is|hu|cs,0.9435,0.7739,0.9529,0.9394,0.9068,0.9475,0.9149,"/v/ again, in a word with no clusters at all - isolates the /v/ decision",,0.9958
vitamin,bio/med,vitamin,V3C,epenthesize,fitamin,fitamin,3,3,1.0,7,7,1.0,0,0,1,13,ja|ko|hi|sw|id|tr|ru|es|fi|vi|is|hu|cs,0.9435,0.7739,0.9529,0.9394,0.9068,0.9475,0.9149,"/v/ again, in a word with no clusters at all - isolates the /v/ decision",,0.9958
protein,bio/med,protein,V1,delete,purotei,protein,3,4,1.3333,7,7,1.0,1,1,0,9,hi|sw|id|tr|es|fi|vi|ta|is,0.6892,0.5556,0.7282,0.6697,0.6044,0.8517,0.7781,"/pr/ onset, vowel hiatus /ei/, final /n/",,0.8092
protein,bio/med,protein,V1,epenthesize,puroteini,protein,3,5,1.6667,7,9,1.2857,2,0,0,9,hi|sw|id|tr|es|fi|vi|ta|is,0.7516,0.659,0.7465,0.7542,0.7629,0.8517,0.7781,"/pr/ onset, vowel hiatus /ei/, final /n/",,0.8825
protein,bio/med,protein,V2,delete,purotein,protein,3,4,1.3333,7,8,1.1429,1,0,0,9,hi|sw|id|tr|es|fi|vi|ta|is,0.7697,0.625,0.7565,0.7763,0.7811,0.8517,0.7781,"/pr/ onset, vowel hiatus /ei/, final /n/",,0.9037
protein,bio/med,protein,V2,epenthesize,purotein,protein,3,4,1.3333,7,8,1.1429,1,0,0,9,hi|sw|id|tr|es|fi|vi|ta|is,0.7697,0.625,0.7565,0.7763,0.7811,0.8517,0.7781,"/pr/ onset, vowel hiatus /ei/, final /n/",,0.9037
protein,bio/med,protein,V3,delete,purotein,protein,3,4,1.3333,7,8,1.1429,1,0,0,9,hi|sw|id|tr|es|fi|vi|ta|is,0.7697,0.625,0.7565,0.7763,0.7811,0.8517,0.7781,"/pr/ onset, vowel hiatus /ei/, final /n/",,0.9037
protein,bio/med,protein,V3,epenthesize,purotein,protein,3,4,1.3333,7,8,1.1429,1,0,0,9,hi|sw|id|tr|es|fi|vi|ta|is,0.7697,0.625,0.7565,0.7763,0.7811,0.8517,0.7781,"/pr/ onset, vowel hiatus /ei/, final /n/",,0.9037
protein,bio/med,protein,V4,delete,purotein,protein,3,4,1.3333,7,8,1.1429,1,0,0,9,hi|sw|id|tr|es|fi|vi|ta|is,0.7697,0.625,0.7565,0.7763,0.7811,0.8517,0.7781,"/pr/ onset, vowel hiatus /ei/, final /n/",,0.9037
protein,bio/med,protein,V4,epenthesize,purotein,protein,3,4,1.3333,7,8,1.1429,1,0,0,9,hi|sw|id|tr|es|fi|vi|ta|is,0.7697,0.625,0.7565,0.7763,0.7811,0.8517,0.7781,"/pr/ onset, vowel hiatus /ei/, final /n/",,0.9037
protein,bio/med,protein,V5,delete,purotein,protein,3,4,1.3333,7,8,1.1429,1,0,0,9,hi|sw|id|tr|es|fi|vi|ta|is,0.7697,0.625,0.7565,0.7763,0.7811,0.8517,0.7781,"/pr/ onset, vowel hiatus /ei/, final /n/",,0.9037
protein,bio/med,protein,V5,epenthesize,purotein,protein,3,4,1.3333,7,8,1.1429,1,0,0,9,hi|sw|id|tr|es|fi|vi|ta|is,0.7697,0.625,0.7565,0.7763,0.7811,0.8517,0.7781,"/pr/ onset, vowel hiatus /ei/, final /n/",,0.9037
protein,bio/med,protein,V3C,delete,protein,protein,3,3,1.0,7,7,1.0,0,0,0,9,hi|sw|id|tr|es|fi|vi|ta|is,0.8517,0.6527,0.7693,0.8929,0.843,0.8517,0.7781,"/pr/ onset, vowel hiatus /ei/, final /n/",,1.0
protein,bio/med,protein,V3C,epenthesize,protein,protein,3,3,1.0,7,7,1.0,0,0,0,9,hi|sw|id|tr|es|fi|vi|ta|is,0.8517,0.6527,0.7693,0.8929,0.843,0.8517,0.7781,"/pr/ onset, vowel hiatus /ei/, final /n/",,1.0
hormone,bio/med,hormon,V1,delete,horimo,hormon,2,3,1.5,6,6,1.0,1,1,0,12,ja|ko|hi|sw|id|tr|ru|es|fi|is|hu|cs,0.7121,0.5833,0.8325,0.672,0.5764,0.8888,0.819,"/r/ coda mid-word, silent final -e in English but not internationally",tr/ru/id/cs/hu shape hormon,0.8012
hormone,bio/med,hormon,V1,epenthesize,horimoni,hormon,2,4,2.0,6,8,1.3333,2,0,0,12,ja|ko|hi|sw|id|tr|ru|es|fi|is|hu|cs,0.7787,0.7241,0.8204,0.7648,0.7811,0.8888,0.819,"/r/ coda mid-word, silent final -e in English but not internationally",tr/ru/id/cs/hu shape hormon,0.8761
hormone,bio/med,hormon,V2,delete,horimon,hormon,2,3,1.5,6,7,1.1667,1,0,0,12,ja|ko|hi|sw|id|tr|ru|es|fi|is|hu|cs,0.8095,0.5714,0.8883,0.7833,0.8008,0.8888,0.819,"/r/ coda mid-word, silent final -e in English but not internationally",tr/ru/id/cs/hu shape hormon,0.9108
hormone,bio/med,hormon,V2,epenthesize,horimon,hormon,2,3,1.5,6,7,1.1667,1,0,0,12,ja|ko|hi|sw|id|tr|ru|es|fi|is|hu|cs,0.8095,0.5714,0.8883,0.7833,0.8008,0.8888,0.819,"/r/ coda mid-word, silent final -e in English but not internationally",tr/ru/id/cs/hu shape hormon,0.9108
hormone,bio/med,hormon,V3,delete,horimon,hormon,2,3,1.5,6,7,1.1667,1,0,0,12,ja|ko|hi|sw|id|tr|ru|es|fi|is|hu|cs,0.8095,0.5714,0.8883,0.7833,0.8008,0.8888,0.819,"/r/ coda mid-word, silent final -e in English but not internationally",tr/ru/id/cs/hu shape hormon,0.9108
hormone,bio/med,hormon,V3,epenthesize,horimon,hormon,2,3,1.5,6,7,1.1667,1,0,0,12,ja|ko|hi|sw|id|tr|ru|es|fi|is|hu|cs,0.8095,0.5714,0.8883,0.7833,0.8008,0.8888,0.819,"/r/ coda mid-word, silent final -e in English but not internationally",tr/ru/id/cs/hu shape hormon,0.9108
hormone,bio/med,hormon,V4,delete,hormon,hormon,2,2,1.0,6,6,1.0,0,0,0,12,ja|ko|hi|sw|id|tr|ru|es|fi|is|hu|cs,0.8888,0.6667,0.7937,0.9205,0.8813,0.8888,0.819,"/r/ coda mid-word, silent final -e in English but not internationally",tr/ru/id/cs/hu shape hormon,1.0
hormone,bio/med,hormon,V4,epenthesize,hormon,hormon,2,2,1.0,6,6,1.0,0,0,0,12,ja|ko|hi|sw|id|tr|ru|es|fi|is|hu|cs,0.8888,0.6667,0.7937,0.9205,0.8813,0.8888,0.819,"/r/ coda mid-word, silent final -e in English but not internationally",tr/ru/id/cs/hu shape hormon,1.0
hormone,bio/med,hormon,V5,delete,hormon,hormon,2,2,1.0,6,6,1.0,0,0,0,12,ja|ko|hi|sw|id|tr|ru|es|fi|is|hu|cs,0.8888,0.6667,0.7937,0.9205,0.8813,0.8888,0.819,"/r/ coda mid-word, silent final -e in English but not internationally",tr/ru/id/cs/hu shape hormon,1.0
hormone,bio/med,hormon,V5,epenthesize,hormon,hormon,2,2,1.0,6,6,1.0,0,0,0,12,ja|ko|hi|sw|id|tr|ru|es|fi|is|hu|cs,0.8888,0.6667,0.7937,0.9205,0.8813,0.8888,0.819,"/r/ coda mid-word, silent final -e in English but not internationally",tr/ru/id/cs/hu shape hormon,1.0
hormone,bio/med,hormon,V3C,delete,horimon,hormon,2,3,1.5,6,7,1.1667,1,0,0,12,ja|ko|hi|sw|id|tr|ru|es|fi|is|hu|cs,0.8095,0.5714,0.8883,0.7833,0.8008,0.8888,0.819,"/r/ coda mid-word, silent final -e in English but not internationally",tr/ru/id/cs/hu shape hormon,0.9108
hormone,bio/med,hormon,V3C,epenthesize,horimon,hormon,2,3,1.5,6,7,1.1667,1,0,0,12,ja|ko|hi|sw|id|tr|ru|es|fi|is|hu|cs,0.8095,0.5714,0.8883,0.7833,0.8008,0.8888,0.819,"/r/ coda mid-word, silent final -e in English but not internationally",tr/ru/id/cs/hu shape hormon,0.9108
malaria,bio/med,malaria,V1,delete,malaria,malaria,4,4,1.0,7,7,1.0,0,0,0,12,ja|ko|hi|sw|id|ru|es|fi|ta|is|hu|cs,0.9437,0.7778,0.927,0.952,0.9037,0.9437,0.9023,already legal under V1 except for the -ia hiatus: a floor case,,1.0
malaria,bio/med,malaria,V1,epenthesize,malaria,malaria,4,4,1.0,7,7,1.0,0,0,0,12,ja|ko|hi|sw|id|ru|es|fi|ta|is|hu|cs,0.9437,0.7778,0.927,0.952,0.9037,0.9437,0.9023,already legal under V1 except for the -ia hiatus: a floor case,,1.0
malaria,bio/med,malaria,V2,delete,malaria,malaria,4,4,1.0,7,7,1.0,0,0,0,12,ja|ko|hi|sw|id|ru|es|fi|ta|is|hu|cs,0.9437,0.7778,0.927,0.952,0.9037,0.9437,0.9023,already legal under V1 except for the -ia hiatus: a floor case,,1.0
malaria,bio/med,malaria,V2,epenthesize,malaria,malaria,4,4,1.0,7,7,1.0,0,0,0,12,ja|ko|hi|sw|id|ru|es|fi|ta|is|hu|cs,0.9437,0.7778,0.927,0.952,0.9037,0.9437,0.9023,already legal under V1 except for the -ia hiatus: a floor case,,1.0
malaria,bio/med,malaria,V3,delete,malaria,malaria,4,4,1.0,7,7,1.0,0,0,0,12,ja|ko|hi|sw|id|ru|es|fi|ta|is|hu|cs,0.9437,0.7778,0.927,0.952,0.9037,0.9437,0.9023,already legal under V1 except for the -ia hiatus: a floor case,,1.0
malaria,bio/med,malaria,V3,epenthesize,malaria,malaria,4,4,1.0,7,7,1.0,0,0,0,12,ja|ko|hi|sw|id|ru|es|fi|ta|is|hu|cs,0.9437,0.7778,0.927,0.952,0.9037,0.9437,0.9023,already legal under V1 except for the -ia hiatus: a floor case,,1.0
malaria,bio/med,malaria,V4,delete,malaria,malaria,4,4,1.0,7,7,1.0,0,0,0,12,ja|ko|hi|sw|id|ru|es|fi|ta|is|hu|cs,0.9437,0.7778,0.927,0.952,0.9037,0.9437,0.9023,already legal under V1 except for the -ia hiatus: a floor case,,1.0
malaria,bio/med,malaria,V4,epenthesize,malaria,malaria,4,4,1.0,7,7,1.0,0,0,0,12,ja|ko|hi|sw|id|ru|es|fi|ta|is|hu|cs,0.9437,0.7778,0.927,0.952,0.9037,0.9437,0.9023,already legal under V1 except for the -ia hiatus: a floor case,,1.0
malaria,bio/med,malaria,V5,delete,malaria,malaria,4,4,1.0,7,7,1.0,0,0,0,12,ja|ko|hi|sw|id|ru|es|fi|ta|is|hu|cs,0.9437,0.7778,0.927,0.952,0.9037,0.9437,0.9023,already legal under V1 except for the -ia hiatus: a floor case,,1.0
malaria,bio/med,malaria,V5,epenthesize,malaria,malaria,4,4,1.0,7,7,1.0,0,0,0,12,ja|ko|hi|sw|id|ru|es|fi|ta|is|hu|cs,0.9437,0.7778,0.927,0.952,0.9037,0.9437,0.9023,already legal under V1 except for the -ia hiatus: a floor case,,1.0
malaria,bio/med,malaria,V3C,delete,malaria,malaria,4,4,1.0,7,7,1.0,0,0,0,12,ja|ko|hi|sw|id|ru|es|fi|ta|is|hu|cs,0.9437,0.7778,0.927,0.952,0.9037,0.9437,0.9023,already legal under V1 except for the -ia hiatus: a floor case,,1.0
malaria,bio/med,malaria,V3C,epenthesize,malaria,malaria,4,4,1.0,7,7,1.0,0,0,0,12,ja|ko|hi|sw|id|ru|es|fi|ta|is|hu|cs,0.9437,0.7778,0.927,0.952,0.9037,0.9437,0.9023,already legal under V1 except for the -ia hiatus: a floor case,,1.0
insulin,bio/med,insulin,V1,delete,inisuli,insulin,3,4,1.3333,7,7,1.0,1,1,0,13,ja|ko|hi|id|tr|ru|es|fi|vi|ta|is|hu|cs,0.6943,0.5613,0.6699,0.7052,0.6465,0.9528,0.9109,/ns/ medial cluster with a legal nasal coda - V2/V3 should shine here,,0.7287
insulin,bio/med,insulin,V1,epenthesize,inisulini,insulin,3,5,1.6667,7,9,1.2857,2,0,0,13,ja|ko|hi|id|tr|ru|es|fi|vi|ta|is|hu|cs,0.7653,0.5613,0.7189,0.7859,0.787,0.9528,0.9109,/ns/ medial cluster with a legal nasal coda - V2/V3 should shine here,,0.8032
insulin,bio/med,insulin,V2,delete,insulin,insulin,3,3,1.0,7,7,1.0,0,0,0,13,ja|ko|hi|id|tr|ru|es|fi|vi|ta|is|hu|cs,0.9528,0.7778,0.9383,0.9592,0.9385,0.9528,0.9109,/ns/ medial cluster with a legal nasal coda - V2/V3 should shine here,,1.0
insulin,bio/med,insulin,V2,epenthesize,insulin,insulin,3,3,1.0,7,7,1.0,0,0,0,13,ja|ko|hi|id|tr|ru|es|fi|vi|ta|is|hu|cs,0.9528,0.7778,0.9383,0.9592,0.9385,0.9528,0.9109,/ns/ medial cluster with a legal nasal coda - V2/V3 should shine here,,1.0
insulin,bio/med,insulin,V3,delete,insulin,insulin,3,3,1.0,7,7,1.0,0,0,0,13,ja|ko|hi|id|tr|ru|es|fi|vi|ta|is|hu|cs,0.9528,0.7778,0.9383,0.9592,0.9385,0.9528,0.9109,/ns/ medial cluster with a legal nasal coda - V2/V3 should shine here,,1.0
insulin,bio/med,insulin,V3,epenthesize,insulin,insulin,3,3,1.0,7,7,1.0,0,0,0,13,ja|ko|hi|id|tr|ru|es|fi|vi|ta|is|hu|cs,0.9528,0.7778,0.9383,0.9592,0.9385,0.9528,0.9109,/ns/ medial cluster with a legal nasal coda - V2/V3 should shine here,,1.0
insulin,bio/med,insulin,V4,delete,insulin,insulin,3,3,1.0,7,7,1.0,0,0,0,13,ja|ko|hi|id|tr|ru|es|fi|vi|ta|is|hu|cs,0.9528,0.7778,0.9383,0.9592,0.9385,0.9528,0.9109,/ns/ medial cluster with a legal nasal coda - V2/V3 should shine here,,1.0
insulin,bio/med,insulin,V4,epenthesize,insulin,insulin,3,3,1.0,7,7,1.0,0,0,0,13,ja|ko|hi|id|tr|ru|es|fi|vi|ta|is|hu|cs,0.9528,0.7778,0.9383,0.9592,0.9385,0.9528,0.9109,/ns/ medial cluster with a legal nasal coda - V2/V3 should shine here,,1.0
insulin,bio/med,insulin,V5,delete,insulin,insulin,3,3,1.0,7,7,1.0,0,0,0,13,ja|ko|hi|id|tr|ru|es|fi|vi|ta|is|hu|cs,0.9528,0.7778,0.9383,0.9592,0.9385,0.9528,0.9109,/ns/ medial cluster with a legal nasal coda - V2/V3 should shine here,,1.0
insulin,bio/med,insulin,V5,epenthesize,insulin,insulin,3,3,1.0,7,7,1.0,0,0,0,13,ja|ko|hi|id|tr|ru|es|fi|vi|ta|is|hu|cs,0.9528,0.7778,0.9383,0.9592,0.9385,0.9528,0.9109,/ns/ medial cluster with a legal nasal coda - V2/V3 should shine here,,1.0
insulin,bio/med,insulin,V3C,delete,insulin,insulin,3,3,1.0,7,7,1.0,0,0,0,13,ja|ko|hi|id|tr|ru|es|fi|vi|ta|is|hu|cs,0.9528,0.7778,0.9383,0.9592,0.9385,0.9528,0.9109,/ns/ medial cluster with a legal nasal coda - V2/V3 should shine here,,1.0
insulin,bio/med,insulin,V3C,epenthesize,insulin,insulin,3,3,1.0,7,7,1.0,0,0,0,13,ja|ko|hi|id|tr|ru|es|fi|vi|ta|is|hu|cs,0.9528,0.7778,0.9383,0.9592,0.9385,0.9528,0.9109,/ns/ medial cluster with a legal nasal coda - V2/V3 should shine here,,1.0
vaccine,bio/med,vaccin,V1,delete,fakisi,faksin,2,3,1.5,6,6,1.0,1,1,3,7,ja|ko|id|ru|es|vi|cs,0.6632,0.5991,0.625,0.6918,0.4427,0.8108,0.7247,"/v/, geminate cc -> /ks/ or /k/, final /n/",tr/ru/id/hu shape vaksin/vakcina,0.818
vaccine,bio/med,vaccin,V1,epenthesize,fakisini,faksin,2,4,2.0,6,8,1.3333,2,0,3,7,ja|ko|id|ru|es|vi|cs,0.7303,0.5991,0.6853,0.764,0.5966,0.8108,0.7247,"/v/, geminate cc -> /ks/ or /k/, final /n/",tr/ru/id/hu shape vaksin/vakcina,0.9007
vaccine,bio/med,vaccin,V2,delete,fakisin,faksin,2,3,1.5,6,7,1.1667,1,0,3,7,ja|ko|id|ru|es|vi|cs,0.7672,0.6897,0.7964,0.7454,0.6273,0.8108,0.7247,"/v/, geminate cc -> /ks/ or /k/, final /n/",tr/ru/id/hu shape vaksin/vakcina,0.9462
vaccine,bio/med,vaccin,V2,epenthesize,fakisin,faksin,2,3,1.5,6,7,1.1667,1,0,3,7,ja|ko|id|ru|es|vi|cs,0.7672,0.6897,0.7964,0.7454,0.6273,0.8108,0.7247,"/v/, geminate cc -> /ks/ or /k/, final /n/",tr/ru/id/hu shape vaksin/vakcina,0.9462
vaccine,bio/med,vaccin,V3,delete,fakisin,faksin,2,3,1.5,6,7,1.1667,1,0,3,7,ja|ko|id|ru|es|vi|cs,0.7672,0.6897,0.7964,0.7454,0.6273,0.8108,0.7247,"/v/, geminate cc -> /ks/ or /k/, final /n/",tr/ru/id/hu shape vaksin/vakcina,0.9462
vaccine,bio/med,vaccin,V3,epenthesize,fakisin,faksin,2,3,1.5,6,7,1.1667,1,0,3,7,ja|ko|id|ru|es|vi|cs,0.7672,0.6897,0.7964,0.7454,0.6273,0.8108,0.7247,"/v/, geminate cc -> /ks/ or /k/, final /n/",tr/ru/id/hu shape vaksin/vakcina,0.9462
vaccine,bio/med,vaccin,V4,delete,fakisin,faksin,2,3,1.5,6,7,1.1667,1,0,3,7,ja|ko|id|ru|es|vi|cs,0.7672,0.6897,0.7964,0.7454,0.6273,0.8108,0.7247,"/v/, geminate cc -> /ks/ or /k/, final /n/",tr/ru/id/hu shape vaksin/vakcina,0.9462
vaccine,bio/med,vaccin,V4,epenthesize,fakisin,faksin,2,3,1.5,6,7,1.1667,1,0,3,7,ja|ko|id|ru|es|vi|cs,0.7672,0.6897,0.7964,0.7454,0.6273,0.8108,0.7247,"/v/, geminate cc -> /ks/ or /k/, final /n/",tr/ru/id/hu shape vaksin/vakcina,0.9462
vaccine,bio/med,vaccin,V5,delete,faksin,faksin,2,2,1.0,6,6,1.0,0,0,3,7,ja|ko|id|ru|es|vi|cs,0.8073,0.5977,0.8558,0.7708,0.7061,0.8108,0.7247,"/v/, geminate cc -> /ks/ or /k/, final /n/",tr/ru/id/hu shape vaksin/vakcina,0.9957
vaccine,bio/med,vaccin,V5,epenthesize,faksin,faksin,2,2,1.0,6,6,1.0,0,0,3,7,ja|ko|id|ru|es|vi|cs,0.8073,0.5977,0.8558,0.7708,0.7061,0.8108,0.7247,"/v/, geminate cc -> /ks/ or /k/, final /n/",tr/ru/id/hu shape vaksin/vakcina,0.9957
vaccine,bio/med,vaccin,V3C,delete,fakisin,faksin,2,3,1.5,6,7,1.1667,1,0,3,7,ja|ko|id|ru|es|vi|cs,0.7672,0.6897,0.7964,0.7454,0.6273,0.8108,0.7247,"/v/, geminate cc -> /ks/ or /k/, final /n/",tr/ru/id/hu shape vaksin/vakcina,0.9462
vaccine,bio/med,vaccin,V3C,epenthesize,fakisin,faksin,2,3,1.5,6,7,1.1667,1,0,3,7,ja|ko|id|ru|es|vi|cs,0.7672,0.6897,0.7964,0.7454,0.6273,0.8108,0.7247,"/v/, geminate cc -> /ks/ or /k/, final /n/",tr/ru/id/hu shape vaksin/vakcina,0.9462
mathematics,math/units,mathematica,V1,delete,matematika,matematika,5,5,1.0,10,10,1.0,0,0,2,7,id|tr|ru|es|fi|hu|cs,0.9489,0.8333,,0.9489,0.9433,0.9323,0.8994,th -> t or s (the theta ambiguity) in a high-frequency academic word,,1.0178
mathematics,math/units,mathematica,V1,epenthesize,matematika,matematika,5,5,1.0,10,10,1.0,0,0,2,7,id|tr|ru|es|fi|hu|cs,0.9489,0.8333,,0.9489,0.9433,0.9323,0.8994,th -> t or s (the theta ambiguity) in a high-frequency academic word,,1.0178
mathematics,math/units,mathematica,V2,delete,matematika,matematika,5,5,1.0,10,10,1.0,0,0,2,7,id|tr|ru|es|fi|hu|cs,0.9489,0.8333,,0.9489,0.9433,0.9323,0.8994,th -> t or s (the theta ambiguity) in a high-frequency academic word,,1.0178
mathematics,math/units,mathematica,V2,epenthesize,matematika,matematika,5,5,1.0,10,10,1.0,0,0,2,7,id|tr|ru|es|fi|hu|cs,0.9489,0.8333,,0.9489,0.9433,0.9323,0.8994,th -> t or s (the theta ambiguity) in a high-frequency academic word,,1.0178
mathematics,math/units,mathematica,V3,delete,matematika,matematika,5,5,1.0,10,10,1.0,0,0,2,7,id|tr|ru|es|fi|hu|cs,0.9489,0.8333,,0.9489,0.9433,0.9323,0.8994,th -> t or s (the theta ambiguity) in a high-frequency academic word,,1.0178
mathematics,math/units,mathematica,V3,epenthesize,matematika,matematika,5,5,1.0,10,10,1.0,0,0,2,7,id|tr|ru|es|fi|hu|cs,0.9489,0.8333,,0.9489,0.9433,0.9323,0.8994,th -> t or s (the theta ambiguity) in a high-frequency academic word,,1.0178
mathematics,math/units,mathematica,V4,delete,matematika,matematika,5,5,1.0,10,10,1.0,0,0,2,7,id|tr|ru|es|fi|hu|cs,0.9489,0.8333,,0.9489,0.9433,0.9323,0.8994,th -> t or s (the theta ambiguity) in a high-frequency academic word,,1.0178
mathematics,math/units,mathematica,V4,epenthesize,matematika,matematika,5,5,1.0,10,10,1.0,0,0,2,7,id|tr|ru|es|fi|hu|cs,0.9489,0.8333,,0.9489,0.9433,0.9323,0.8994,th -> t or s (the theta ambiguity) in a high-frequency academic word,,1.0178
mathematics,math/units,mathematica,V5,delete,matematika,matematika,5,5,1.0,10,10,1.0,0,0,2,7,id|tr|ru|es|fi|hu|cs,0.9489,0.8333,,0.9489,0.9433,0.9323,0.8994,th -> t or s (the theta ambiguity) in a high-frequency academic word,,1.0178
mathematics,math/units,mathematica,V5,epenthesize,matematika,matematika,5,5,1.0,10,10,1.0,0,0,2,7,id|tr|ru|es|fi|hu|cs,0.9489,0.8333,,0.9489,0.9433,0.9323,0.8994,th -> t or s (the theta ambiguity) in a high-frequency academic word,,1.0178
mathematics,math/units,mathematica,V3C,delete,matematika,matematika,5,5,1.0,10,10,1.0,0,0,2,7,id|tr|ru|es|fi|hu|cs,0.9489,0.8333,,0.9489,0.9433,0.9323,0.8994,th -> t or s (the theta ambiguity) in a high-frequency academic word,,1.0178
mathematics,math/units,mathematica,V3C,epenthesize,matematika,matematika,5,5,1.0,10,10,1.0,0,0,2,7,id|tr|ru|es|fi|hu|cs,0.9489,0.8333,,0.9489,0.9433,0.9323,0.8994,th -> t or s (the theta ambiguity) in a high-frequency academic word,,1.0178
algebra,math/units,algebra,V1,delete,aligebura,algebra,3,5,1.6667,7,9,1.2857,2,0,0,9,sw|id|ru|es|fi|ha|is|hu|cs,0.7586,0.6686,0.7462,0.7622,0.7452,0.9382,0.8854,Arabic-origin Wanderwort; /lg/ medial cluster and /br/ onset cluster,,0.8086
algebra,math/units,algebra,V1,epenthesize,aligebura,algebra,3,5,1.6667,7,9,1.2857,2,0,0,9,sw|id|ru|es|fi|ha|is|hu|cs,0.7586,0.6686,0.7462,0.7622,0.7452,0.9382,0.8854,Arabic-origin Wanderwort; /lg/ medial cluster and /br/ onset cluster,,0.8086
algebra,math/units,algebra,V2,delete,aligebura,algebra,3,5,1.6667,7,9,1.2857,2,0,0,9,sw|id|ru|es|fi|ha|is|hu|cs,0.7586,0.6686,0.7462,0.7622,0.7452,0.9382,0.8854,Arabic-origin Wanderwort; /lg/ medial cluster and /br/ onset cluster,,0.8086
algebra,math/units,algebra,V2,epenthesize,aligebura,algebra,3,5,1.6667,7,9,1.2857,2,0,0,9,sw|id|ru|es|fi|ha|is|hu|cs,0.7586,0.6686,0.7462,0.7622,0.7452,0.9382,0.8854,Arabic-origin Wanderwort; /lg/ medial cluster and /br/ onset cluster,,0.8086
algebra,math/units,algebra,V3,delete,aligebura,algebra,3,5,1.6667,7,9,1.2857,2,0,0,9,sw|id|ru|es|fi|ha|is|hu|cs,0.7586,0.6686,0.7462,0.7622,0.7452,0.9382,0.8854,Arabic-origin Wanderwort; /lg/ medial cluster and /br/ onset cluster,,0.8086
algebra,math/units,algebra,V3,epenthesize,aligebura,algebra,3,5,1.6667,7,9,1.2857,2,0,0,9,sw|id|ru|es|fi|ha|is|hu|cs,0.7586,0.6686,0.7462,0.7622,0.7452,0.9382,0.8854,Arabic-origin Wanderwort; /lg/ medial cluster and /br/ onset cluster,,0.8086
algebra,math/units,algebra,V4,delete,algebura,algebra,3,4,1.3333,7,8,1.1429,1,0,0,9,sw|id|ru|es|fi|ha|is|hu|cs,0.8333,0.6616,0.7942,0.8445,0.8238,0.9382,0.8854,Arabic-origin Wanderwort; /lg/ medial cluster and /br/ onset cluster,,0.8882
algebra,math/units,algebra,V4,epenthesize,algebura,algebra,3,4,1.3333,7,8,1.1429,1,0,0,9,sw|id|ru|es|fi|ha|is|hu|cs,0.8333,0.6616,0.7942,0.8445,0.8238,0.9382,0.8854,Arabic-origin Wanderwort; /lg/ medial cluster and /br/ onset cluster,,0.8882
algebra,math/units,algebra,V5,delete,algebra,algebra,3,3,1.0,7,7,1.0,0,0,0,9,sw|id|ru|es|fi|ha|is|hu|cs,0.9382,0.6056,0.9192,0.9437,0.9141,0.9382,0.8854,Arabic-origin Wanderwort; /lg/ medial cluster and /br/ onset cluster,,1.0
algebra,math/units,algebra,V5,epenthesize,algebra,algebra,3,3,1.0,7,7,1.0,0,0,0,9,sw|id|ru|es|fi|ha|is|hu|cs,0.9382,0.6056,0.9192,0.9437,0.9141,0.9382,0.8854,Arabic-origin Wanderwort; /lg/ medial cluster and /br/ onset cluster,,1.0
algebra,math/units,algebra,V3C,delete,aligebra,algebra,3,4,1.3333,7,8,1.1429,1,0,0,9,sw|id|ru|es|fi|ha|is|hu|cs,0.8333,0.5711,0.8394,0.8316,0.8168,0.9382,0.8854,Arabic-origin Wanderwort; /lg/ medial cluster and /br/ onset cluster,,0.8882
algebra,math/units,algebra,V3C,epenthesize,aligebra,algebra,3,4,1.3333,7,8,1.1429,1,0,0,9,sw|id|ru|es|fi|ha|is|hu|cs,0.8333,0.5711,0.8394,0.8316,0.8168,0.9382,0.8854,Arabic-origin Wanderwort; /lg/ medial cluster and /br/ onset cluster,,0.8882
geometry,math/units,geometria,V1,delete,geometiria,geometria,5,6,1.2,9,10,1.1111,1,0,0,8,sw|id|tr|ru|es|fi|hu|cs,0.8323,0.6638,0.6638,0.8564,0.8329,0.925,0.8772,"initial soft g (the single worst g case), vowel hiatus /eo/",,0.8998
geometry,math/units,geometria,V1,epenthesize,geometiria,geometria,5,6,1.2,9,10,1.1111,1,0,0,8,sw|id|tr|ru|es|fi|hu|cs,0.8323,0.6638,0.6638,0.8564,0.8329,0.925,0.8772,"initial soft g (the single worst g case), vowel hiatus /eo/",,0.8998
geometry,math/units,geometria,V2,delete,geometiria,geometria,5,6,1.2,9,10,1.1111,1,0,0,8,sw|id|tr|ru|es|fi|hu|cs,0.8323,0.6638,0.6638,0.8564,0.8329,0.925,0.8772,"initial soft g (the single worst g case), vowel hiatus /eo/",,0.8998
geometry,math/units,geometria,V2,epenthesize,geometiria,geometria,5,6,1.2,9,10,1.1111,1,0,0,8,sw|id|tr|ru|es|fi|hu|cs,0.8323,0.6638,0.6638,0.8564,0.8329,0.925,0.8772,"initial soft g (the single worst g case), vowel hiatus /eo/",,0.8998
geometry,math/units,geometria,V3,delete,geometiria,geometria,5,6,1.2,9,10,1.1111,1,0,0,8,sw|id|tr|ru|es|fi|hu|cs,0.8323,0.6638,0.6638,0.8564,0.8329,0.925,0.8772,"initial soft g (the single worst g case), vowel hiatus /eo/",,0.8998
geometry,math/units,geometria,V3,epenthesize,geometiria,geometria,5,6,1.2,9,10,1.1111,1,0,0,8,sw|id|tr|ru|es|fi|hu|cs,0.8323,0.6638,0.6638,0.8564,0.8329,0.925,0.8772,"initial soft g (the single worst g case), vowel hiatus /eo/",,0.8998
geometry,math/units,geometria,V4,delete,geometiria,geometria,5,6,1.2,9,10,1.1111,1,0,0,8,sw|id|tr|ru|es|fi|hu|cs,0.8323,0.6638,0.6638,0.8564,0.8329,0.925,0.8772,"initial soft g (the single worst g case), vowel hiatus /eo/",,0.8998
geometry,math/units,geometria,V4,epenthesize,geometiria,geometria,5,6,1.2,9,10,1.1111,1,0,0,8,sw|id|tr|ru|es|fi|hu|cs,0.8323,0.6638,0.6638,0.8564,0.8329,0.925,0.8772,"initial soft g (the single worst g case), vowel hiatus /eo/",,0.8998
geometry,math/units,geometria,V5,delete,geometria,geometria,5,5,1.0,9,9,1.0,0,0,0,8,sw|id|tr|ru|es|fi|hu|cs,0.925,0.7375,0.7375,0.9518,0.9105,0.925,0.8772,"initial soft g (the single worst g case), vowel hiatus /eo/",,1.0
geometry,math/units,geometria,V5,epenthesize,geometria,geometria,5,5,1.0,9,9,1.0,0,0,0,8,sw|id|tr|ru|es|fi|hu|cs,0.925,0.7375,0.7375,0.9518,0.9105,0.925,0.8772,"initial soft g (the single worst g case), vowel hiatus /eo/",,1.0
geometry,math/units,geometria,V3C,delete,geometria,geometria,5,5,1.0,9,9,1.0,0,0,0,8,sw|id|tr|ru|es|fi|hu|cs,0.925,0.7375,0.7375,0.9518,0.9105,0.925,0.8772,"initial soft g (the single worst g case), vowel hiatus /eo/",,1.0
geometry,math/units,geometria,V3C,epenthesize,geometria,geometria,5,5,1.0,9,9,1.0,0,0,0,8,sw|id|tr|ru|es|fi|hu|cs,0.925,0.7375,0.7375,0.9518,0.9105,0.925,0.8772,"initial soft g (the single worst g case), vowel hiatus /eo/",,1.0
zero,math/units,zero,V1,delete,sero,sero,2,2,1.0,4,4,1.0,0,0,1,0,,,,,,,,,Arabic-origin; initial /z/ - the z->s merger with no cluster noise,,
zero,math/units,zero,V1,epenthesize,sero,sero,2,2,1.0,4,4,1.0,0,0,1,0,,,,,,,,,Arabic-origin; initial /z/ - the z->s merger with no cluster noise,,
zero,math/units,zero,V2,delete,sero,sero,2,2,1.0,4,4,1.0,0,0,1,0,,,,,,,,,Arabic-origin; initial /z/ - the z->s merger with no cluster noise,,
zero,math/units,zero,V2,epenthesize,sero,sero,2,2,1.0,4,4,1.0,0,0,1,0,,,,,,,,,Arabic-origin; initial /z/ - the z->s merger with no cluster noise,,
zero,math/units,zero,V3,delete,sero,sero,2,2,1.0,4,4,1.0,0,0,1,0,,,,,,,,,Arabic-origin; initial /z/ - the z->s merger with no cluster noise,,
zero,math/units,zero,V3,epenthesize,sero,sero,2,2,1.0,4,4,1.0,0,0,1,0,,,,,,,,,Arabic-origin; initial /z/ - the z->s merger with no cluster noise,,
zero,math/units,zero,V4,delete,sero,sero,2,2,1.0,4,4,1.0,0,0,1,0,,,,,,,,,Arabic-origin; initial /z/ - the z->s merger with no cluster noise,,
zero,math/units,zero,V4,epenthesize,sero,sero,2,2,1.0,4,4,1.0,0,0,1,0,,,,,,,,,Arabic-origin; initial /z/ - the z->s merger with no cluster noise,,
zero,math/units,zero,V5,delete,sero,sero,2,2,1.0,4,4,1.0,0,0,1,0,,,,,,,,,Arabic-origin; initial /z/ - the z->s merger with no cluster noise,,
zero,math/units,zero,V5,epenthesize,sero,sero,2,2,1.0,4,4,1.0,0,0,1,0,,,,,,,,,Arabic-origin; initial /z/ - the z->s merger with no cluster noise,,
zero,math/units,zero,V3C,delete,sero,sero,2,2,1.0,4,4,1.0,0,0,1,0,,,,,,,,,Arabic-origin; initial /z/ - the z->s merger with no cluster noise,,
zero,math/units,zero,V3C,epenthesize,sero,sero,2,2,1.0,4,4,1.0,0,0,1,0,,,,,,,,,Arabic-origin; initial /z/ - the z->s merger with no cluster noise,,
million,math/units,million,V1,delete,milio,milion,3,3,1.0,6,5,0.8333,0,1,1,0,,,,,,,,,"geminate ll, final /n/; the numeral system is internationally shared",,
million,math/units,million,V1,epenthesize,milioni,milion,3,4,1.3333,6,7,1.1667,1,0,1,0,,,,,,,,,"geminate ll, final /n/; the numeral system is internationally shared",,
million,math/units,million,V2,delete,milion,milion,3,3,1.0,6,6,1.0,0,0,1,0,,,,,,,,,"geminate ll, final /n/; the numeral system is internationally shared",,
million,math/units,million,V2,epenthesize,milion,milion,3,3,1.0,6,6,1.0,0,0,1,0,,,,,,,,,"geminate ll, final /n/; the numeral system is internationally shared",,
million,math/units,million,V3,delete,milion,milion,3,3,1.0,6,6,1.0,0,0,1,0,,,,,,,,,"geminate ll, final /n/; the numeral system is internationally shared",,
million,math/units,million,V3,epenthesize,milion,milion,3,3,1.0,6,6,1.0,0,0,1,0,,,,,,,,,"geminate ll, final /n/; the numeral system is internationally shared",,
million,math/units,million,V4,delete,milion,milion,3,3,1.0,6,6,1.0,0,0,1,0,,,,,,,,,"geminate ll, final /n/; the numeral system is internationally shared",,
million,math/units,million,V4,epenthesize,milion,milion,3,3,1.0,6,6,1.0,0,0,1,0,,,,,,,,,"geminate ll, final /n/; the numeral system is internationally shared",,
million,math/units,million,V5,delete,milion,milion,3,3,1.0,6,6,1.0,0,0,1,0,,,,,,,,,"geminate ll, final /n/; the numeral system is internationally shared",,
million,math/units,million,V5,epenthesize,milion,milion,3,3,1.0,6,6,1.0,0,0,1,0,,,,,,,,,"geminate ll, final /n/; the numeral system is internationally shared",,
million,math/units,million,V3C,delete,milion,milion,3,3,1.0,6,6,1.0,0,0,1,0,,,,,,,,,"geminate ll, final /n/; the numeral system is internationally shared",,
million,math/units,million,V3C,epenthesize,milion,milion,3,3,1.0,6,6,1.0,0,0,1,0,,,,,,,,,"geminate ll, final /n/; the numeral system is internationally shared",,
meter,math/units,meter,V1,delete,mete,meter,2,2,1.0,5,4,0.8,0,1,0,15,ja|ko|hi|sw|id|tr|ru|es|fi|vi|ha|ta|is|hu|cs,0.798,0.6207,0.8127,0.7881,0.6897,0.7824,0.7532,"SI unit, near-universal; final /r/ - a V4 test with a very short word",,1.0199
meter,math/units,meter,V1,epenthesize,meteri,meter,2,3,1.5,5,6,1.2,1,0,0,15,ja|ko|hi|sw|id|tr|ru|es|fi|vi|ha|ta|is|hu|cs,0.7364,0.5,0.6619,0.7861,0.718,0.7824,0.7532,"SI unit, near-universal; final /r/ - a V4 test with a very short word",,0.9412
meter,math/units,meter,V2,delete,mete,meter,2,2,1.0,5,4,0.8,0,1,0,15,ja|ko|hi|sw|id|tr|ru|es|fi|vi|ha|ta|is|hu|cs,0.798,0.6207,0.8127,0.7881,0.6897,0.7824,0.7532,"SI unit, near-universal; final /r/ - a V4 test with a very short word",,1.0199
meter,math/units,meter,V2,epenthesize,meteri,meter,2,3,1.5,5,6,1.2,1,0,0,15,ja|ko|hi|sw|id|tr|ru|es|fi|vi|ha|ta|is|hu|cs,0.7364,0.5,0.6619,0.7861,0.718,0.7824,0.7532,"SI unit, near-universal; final /r/ - a V4 test with a very short word",,0.9412
meter,math/units,meter,V3,delete,mete,meter,2,2,1.0,5,4,0.8,0,1,0,15,ja|ko|hi|sw|id|tr|ru|es|fi|vi|ha|ta|is|hu|cs,0.798,0.6207,0.8127,0.7881,0.6897,0.7824,0.7532,"SI unit, near-universal; final /r/ - a V4 test with a very short word",,1.0199
meter,math/units,meter,V3,epenthesize,meteri,meter,2,3,1.5,5,6,1.2,1,0,0,15,ja|ko|hi|sw|id|tr|ru|es|fi|vi|ha|ta|is|hu|cs,0.7364,0.5,0.6619,0.7861,0.718,0.7824,0.7532,"SI unit, near-universal; final /r/ - a V4 test with a very short word",,0.9412
meter,math/units,meter,V4,delete,meter,meter,2,2,1.0,5,5,1.0,0,0,0,15,ja|ko|hi|sw|id|tr|ru|es|fi|vi|ha|ta|is|hu|cs,0.7824,0.6,0.7479,0.8054,0.7463,0.7824,0.7532,"SI unit, near-universal; final /r/ - a V4 test with a very short word",,1.0
meter,math/units,meter,V4,epenthesize,meter,meter,2,2,1.0,5,5,1.0,0,0,0,15,ja|ko|hi|sw|id|tr|ru|es|fi|vi|ha|ta|is|hu|cs,0.7824,0.6,0.7479,0.8054,0.7463,0.7824,0.7532,"SI unit, near-universal; final /r/ - a V4 test with a very short word",,1.0
meter,math/units,meter,V5,delete,meter,meter,2,2,1.0,5,5,1.0,0,0,0,15,ja|ko|hi|sw|id|tr|ru|es|fi|vi|ha|ta|is|hu|cs,0.7824,0.6,0.7479,0.8054,0.7463,0.7824,0.7532,"SI unit, near-universal; final /r/ - a V4 test with a very short word",,1.0
meter,math/units,meter,V5,epenthesize,meter,meter,2,2,1.0,5,5,1.0,0,0,0,15,ja|ko|hi|sw|id|tr|ru|es|fi|vi|ha|ta|is|hu|cs,0.7824,0.6,0.7479,0.8054,0.7463,0.7824,0.7532,"SI unit, near-universal; final /r/ - a V4 test with a very short word",,1.0
meter,math/units,meter,V3C,delete,mete,meter,2,2,1.0,5,4,0.8,0,1,0,15,ja|ko|hi|sw|id|tr|ru|es|fi|vi|ha|ta|is|hu|cs,0.798,0.6207,0.8127,0.7881,0.6897,0.7824,0.7532,"SI unit, near-universal; final /r/ - a V4 test with a very short word",,1.0199
meter,math/units,meter,V3C,epenthesize,meteri,meter,2,3,1.5,5,6,1.2,1,0,0,15,ja|ko|hi|sw|id|tr|ru|es|fi|vi|ha|ta|is|hu|cs,0.7364,0.5,0.6619,0.7861,0.718,0.7824,0.7532,"SI unit, near-universal; final /r/ - a V4 test with a very short word",,0.9412
kilogram,math/units,kilogram,V1,delete,kilogira,kilogram,3,4,1.3333,8,8,1.0,1,1,0,15,ja|ko|hi|sw|id|tr|ru|es|fi|vi|ha|ta|is|hu|cs,0.7586,0.7011,0.7907,0.7372,0.673,0.9047,0.8501,"SI, compound, /gr/ onset cluster and final /m/",,0.8385
kilogram,math/units,kilogram,V1,epenthesize,kilogiramu,kilogram,3,5,1.6667,8,10,1.25,2,0,0,15,ja|ko|hi|sw|id|tr|ru|es|fi|vi|ha|ta|is|hu|cs,0.819,0.7,0.8385,0.8059,0.7929,0.9047,0.8501,"SI, compound, /gr/ onset cluster and final /m/",,0.9053
kilogram,math/units,kilogram,V2,delete,kilogiran,kilogram,3,4,1.3333,8,9,1.125,1,0,0,15,ja|ko|hi|sw|id|tr|ru|es|fi|vi|ha|ta|is|hu|cs,0.8192,0.6845,0.8458,0.8015,0.7542,0.9047,0.8501,"SI, compound, /gr/ onset cluster and final /m/",,0.9055
kilogram,math/units,kilogram,V2,epenthesize,kilogiran,kilogram,3,4,1.3333,8,9,1.125,1,0,0,15,ja|ko|hi|sw|id|tr|ru|es|fi|vi|ha|ta|is|hu|cs,0.8192,0.6845,0.8458,0.8015,0.7542,0.9047,0.8501,"SI, compound, /gr/ onset cluster and final /m/",,0.9055
kilogram,math/units,kilogram,V3,delete,kilogiram,kilogram,3,4,1.3333,8,9,1.125,1,0,0,15,ja|ko|hi|sw|id|tr|ru|es|fi|vi|ha|ta|is|hu|cs,0.8361,0.7,0.8625,0.8185,0.8312,0.9047,0.8501,"SI, compound, /gr/ onset cluster and final /m/",,0.9242
kilogram,math/units,kilogram,V3,epenthesize,kilogiram,kilogram,3,4,1.3333,8,9,1.125,1,0,0,15,ja|ko|hi|sw|id|tr|ru|es|fi|vi|ha|ta|is|hu|cs,0.8361,0.7,0.8625,0.8185,0.8312,0.9047,0.8501,"SI, compound, /gr/ onset cluster and final /m/",,0.9242
kilogram,math/units,kilogram,V4,delete,kilogiram,kilogram,3,4,1.3333,8,9,1.125,1,0,0,15,ja|ko|hi|sw|id|tr|ru|es|fi|vi|ha|ta|is|hu|cs,0.8361,0.7,0.8625,0.8185,0.8312,0.9047,0.8501,"SI, compound, /gr/ onset cluster and final /m/",,0.9242
kilogram,math/units,kilogram,V4,epenthesize,kilogiram,kilogram,3,4,1.3333,8,9,1.125,1,0,0,15,ja|ko|hi|sw|id|tr|ru|es|fi|vi|ha|ta|is|hu|cs,0.8361,0.7,0.8625,0.8185,0.8312,0.9047,0.8501,"SI, compound, /gr/ onset cluster and final /m/",,0.9242
kilogram,math/units,kilogram,V5,delete,kilogram,kilogram,3,3,1.0,8,8,1.0,0,0,0,15,ja|ko|hi|sw|id|tr|ru|es|fi|vi|ha|ta|is|hu|cs,0.9047,0.7828,0.8691,0.9284,0.8887,0.9047,0.8501,"SI, compound, /gr/ onset cluster and final /m/",,1.0
kilogram,math/units,kilogram,V5,epenthesize,kilogram,kilogram,3,3,1.0,8,8,1.0,0,0,0,15,ja|ko|hi|sw|id|tr|ru|es|fi|vi|ha|ta|is|hu|cs,0.9047,0.7828,0.8691,0.9284,0.8887,0.9047,0.8501,"SI, compound, /gr/ onset cluster and final /m/",,1.0
kilogram,math/units,kilogram,V3C,delete,kilogram,kilogram,3,3,1.0,8,8,1.0,0,0,0,15,ja|ko|hi|sw|id|tr|ru|es|fi|vi|ha|ta|is|hu|cs,0.9047,0.7828,0.8691,0.9284,0.8887,0.9047,0.8501,"SI, compound, /gr/ onset cluster and final /m/",,1.0
kilogram,math/units,kilogram,V3C,epenthesize,kilogram,kilogram,3,3,1.0,8,8,1.0,0,0,0,15,ja|ko|hi|sw|id|tr|ru|es|fi|vi|ha|ta|is|hu|cs,0.9047,0.7828,0.8691,0.9284,0.8887,0.9047,0.8501,"SI, compound, /gr/ onset cluster and final /m/",,1.0
telephone,technology,telephon,V1,delete,telefo,telefon,3,3,1.0,7,6,0.8571,0,1,1,8,hi|id|tr|ru|es|ta|hu|cs,0.7391,0.4286,0.6111,0.7574,0.6193,0.8472,0.7444,ph -> f; the classic 19th-century internationalism,shared shape telefon,0.8724
telephone,technology,telephon,V1,epenthesize,telefoni,telefon,3,4,1.3333,7,8,1.1429,1,0,1,8,hi|id|tr|ru|es|ta|hu|cs,0.8077,0.5665,0.7701,0.8131,0.7112,0.8472,0.7444,ph -> f; the classic 19th-century internationalism,shared shape telefon,0.9534
telephone,technology,telephon,V2,delete,telefon,telefon,3,3,1.0,7,7,1.0,0,0,1,8,hi|id|tr|ru|es|ta|hu|cs,0.8472,0.5,0.659,0.8741,0.7377,0.8472,0.7444,ph -> f; the classic 19th-century internationalism,shared shape telefon,1.0
telephone,technology,telephon,V2,epenthesize,telefon,telefon,3,3,1.0,7,7,1.0,0,0,1,8,hi|id|tr|ru|es|ta|hu|cs,0.8472,0.5,0.659,0.8741,0.7377,0.8472,0.7444,ph -> f; the classic 19th-century internationalism,shared shape telefon,1.0
telephone,technology,telephon,V3,delete,telefon,telefon,3,3,1.0,7,7,1.0,0,0,1,8,hi|id|tr|ru|es|ta|hu|cs,0.8472,0.5,0.659,0.8741,0.7377,0.8472,0.7444,ph -> f; the classic 19th-century internationalism,shared shape telefon,1.0
telephone,technology,telephon,V3,epenthesize,telefon,telefon,3,3,1.0,7,7,1.0,0,0,1,8,hi|id|tr|ru|es|ta|hu|cs,0.8472,0.5,0.659,0.8741,0.7377,0.8472,0.7444,ph -> f; the classic 19th-century internationalism,shared shape telefon,1.0
telephone,technology,telephon,V4,delete,telefon,telefon,3,3,1.0,7,7,1.0,0,0,1,8,hi|id|tr|ru|es|ta|hu|cs,0.8472,0.5,0.659,0.8741,0.7377,0.8472,0.7444,ph -> f; the classic 19th-century internationalism,shared shape telefon,1.0
telephone,technology,telephon,V4,epenthesize,telefon,telefon,3,3,1.0,7,7,1.0,0,0,1,8,hi|id|tr|ru|es|ta|hu|cs,0.8472,0.5,0.659,0.8741,0.7377,0.8472,0.7444,ph -> f; the classic 19th-century internationalism,shared shape telefon,1.0
telephone,technology,telephon,V5,delete,telefon,telefon,3,3,1.0,7,7,1.0,0,0,1,8,hi|id|tr|ru|es|ta|hu|cs,0.8472,0.5,0.659,0.8741,0.7377,0.8472,0.7444,ph -> f; the classic 19th-century internationalism,shared shape telefon,1.0
telephone,technology,telephon,V5,epenthesize,telefon,telefon,3,3,1.0,7,7,1.0,0,0,1,8,hi|id|tr|ru|es|ta|hu|cs,0.8472,0.5,0.659,0.8741,0.7377,0.8472,0.7444,ph -> f; the classic 19th-century internationalism,shared shape telefon,1.0
telephone,technology,telephon,V3C,delete,telefon,telefon,3,3,1.0,7,7,1.0,0,0,1,8,hi|id|tr|ru|es|ta|hu|cs,0.8472,0.5,0.659,0.8741,0.7377,0.8472,0.7444,ph -> f; the classic 19th-century internationalism,shared shape telefon,1.0
telephone,technology,telephon,V3C,epenthesize,telefon,telefon,3,3,1.0,7,7,1.0,0,0,1,8,hi|id|tr|ru|es|ta|hu|cs,0.8472,0.5,0.659,0.8741,0.7377,0.8472,0.7444,ph -> f; the classic 19th-century internationalism,shared shape telefon,1.0
computer,technology,computer,V1,delete,komupute,komputer,3,4,1.3333,8,8,1.0,1,1,1,6,ja|ko|id|ru|es|ha,0.7286,0.6667,0.7608,0.6964,0.6432,0.8143,0.7744,"/mp/ cluster with a legal nasal coda, final /r/; c->k",,0.8948
computer,technology,computer,V1,epenthesize,komuputeri,komputer,3,5,1.6667,8,10,1.25,2,0,1,6,ja|ko|id|ru|es|ha,0.7125,0.6276,0.6466,0.7785,0.6234,0.8143,0.7744,"/mp/ cluster with a legal nasal coda, final /r/; c->k",,0.875
computer,technology,computer,V2,delete,konpute,komputer,3,3,1.0,8,7,0.875,0,1,1,6,ja|ko|id|ru|es|ha,0.8092,0.6097,0.8765,0.742,0.6744,0.8143,0.7744,"/mp/ cluster with a legal nasal coda, final /r/; c->k",,0.9937
computer,technology,computer,V2,epenthesize,konputeri,komputer,3,4,1.3333,8,9,1.125,1,0,1,6,ja|ko|id|ru|es|ha,0.7571,0.6973,0.7126,0.8016,0.6315,0.8143,0.7744,"/mp/ cluster with a legal nasal coda, final /r/; c->k",,0.9298
computer,technology,computer,V3,delete,kompute,komputer,3,3,1.0,8,7,0.875,0,1,1,6,ja|ko|id|ru|es|ha,0.8214,0.6238,0.8839,0.7589,0.7292,0.8143,0.7744,"/mp/ cluster with a legal nasal coda, final /r/; c->k",,1.0087
computer,technology,computer,V3,epenthesize,komputeri,komputer,3,4,1.3333,8,9,1.125,1,0,1,6,ja|ko|id|ru|es|ha,0.7681,0.6973,0.7184,0.8178,0.6814,0.8143,0.7744,"/mp/ cluster with a legal nasal coda, final /r/; c->k",,0.9433
computer,technology,computer,V4,delete,komputer,komputer,3,3,1.0,8,8,1.0,0,0,1,6,ja|ko|id|ru|es|ha,0.8143,0.7134,0.7608,0.8679,0.7338,0.8143,0.7744,"/mp/ cluster with a legal nasal coda, final /r/; c->k",,1.0
computer,technology,computer,V4,epenthesize,komputer,komputer,3,3,1.0,8,8,1.0,0,0,1,6,ja|ko|id|ru|es|ha,0.8143,0.7134,0.7608,0.8679,0.7338,0.8143,0.7744,"/mp/ cluster with a legal nasal coda, final /r/; c->k",,1.0
computer,technology,computer,V5,delete,komputer,komputer,3,3,1.0,8,8,1.0,0,0,1,6,ja|ko|id|ru|es|ha,0.8143,0.7134,0.7608,0.8679,0.7338,0.8143,0.7744,"/mp/ cluster with a legal nasal coda, final /r/; c->k",,1.0
computer,technology,computer,V5,epenthesize,komputer,komputer,3,3,1.0,8,8,1.0,0,0,1,6,ja|ko|id|ru|es|ha,0.8143,0.7134,0.7608,0.8679,0.7338,0.8143,0.7744,"/mp/ cluster with a legal nasal coda, final /r/; c->k",,1.0
computer,technology,computer,V3C,delete,kompute,komputer,3,3,1.0,8,7,0.875,0,1,1,6,ja|ko|id|ru|es|ha,0.8214,0.6238,0.8839,0.7589,0.7292,0.8143,0.7744,"/mp/ cluster with a legal nasal coda, final /r/; c->k",,1.0087
computer,technology,computer,V3C,epenthesize,komputeri,komputer,3,4,1.3333,8,9,1.125,1,0,1,6,ja|ko|id|ru|es|ha,0.7681,0.6973,0.7184,0.8178,0.6814,0.8143,0.7744,"/mp/ cluster with a legal nasal coda, final /r/; c->k",,0.9433
radio,technology,radio,V1,delete,radio,radio,3,3,1.0,5,5,1.0,0,0,0,12,ja|ko|hi|sw|id|tr|ru|es|fi|ha|hu|cs,0.7978,0.2941,0.9023,0.7456,0.7181,0.7978,0.6736,"already almost legal under V1 - the best case, and a control",,1.0
radio,technology,radio,V1,epenthesize,radio,radio,3,3,1.0,5,5,1.0,0,0,0,12,ja|ko|hi|sw|id|tr|ru|es|fi|ha|hu|cs,0.7978,0.2941,0.9023,0.7456,0.7181,0.7978,0.6736,"already almost legal under V1 - the best case, and a control",,1.0
radio,technology,radio,V2,delete,radio,radio,3,3,1.0,5,5,1.0,0,0,0,12,ja|ko|hi|sw|id|tr|ru|es|fi|ha|hu|cs,0.7978,0.2941,0.9023,0.7456,0.7181,0.7978,0.6736,"already almost legal under V1 - the best case, and a control",,1.0
radio,technology,radio,V2,epenthesize,radio,radio,3,3,1.0,5,5,1.0,0,0,0,12,ja|ko|hi|sw|id|tr|ru|es|fi|ha|hu|cs,0.7978,0.2941,0.9023,0.7456,0.7181,0.7978,0.6736,"already almost legal under V1 - the best case, and a control",,1.0
radio,technology,radio,V3,delete,radio,radio,3,3,1.0,5,5,1.0,0,0,0,12,ja|ko|hi|sw|id|tr|ru|es|fi|ha|hu|cs,0.7978,0.2941,0.9023,0.7456,0.7181,0.7978,0.6736,"already almost legal under V1 - the best case, and a control",,1.0
radio,technology,radio,V3,epenthesize,radio,radio,3,3,1.0,5,5,1.0,0,0,0,12,ja|ko|hi|sw|id|tr|ru|es|fi|ha|hu|cs,0.7978,0.2941,0.9023,0.7456,0.7181,0.7978,0.6736,"already almost legal under V1 - the best case, and a control",,1.0
radio,technology,radio,V4,delete,radio,radio,3,3,1.0,5,5,1.0,0,0,0,12,ja|ko|hi|sw|id|tr|ru|es|fi|ha|hu|cs,0.7978,0.2941,0.9023,0.7456,0.7181,0.7978,0.6736,"already almost legal under V1 - the best case, and a control",,1.0
radio,technology,radio,V4,epenthesize,radio,radio,3,3,1.0,5,5,1.0,0,0,0,12,ja|ko|hi|sw|id|tr|ru|es|fi|ha|hu|cs,0.7978,0.2941,0.9023,0.7456,0.7181,0.7978,0.6736,"already almost legal under V1 - the best case, and a control",,1.0
radio,technology,radio,V5,delete,radio,radio,3,3,1.0,5,5,1.0,0,0,0,12,ja|ko|hi|sw|id|tr|ru|es|fi|ha|hu|cs,0.7978,0.2941,0.9023,0.7456,0.7181,0.7978,0.6736,"already almost legal under V1 - the best case, and a control",,1.0
radio,technology,radio,V5,epenthesize,radio,radio,3,3,1.0,5,5,1.0,0,0,0,12,ja|ko|hi|sw|id|tr|ru|es|fi|ha|hu|cs,0.7978,0.2941,0.9023,0.7456,0.7181,0.7978,0.6736,"already almost legal under V1 - the best case, and a control",,1.0
radio,technology,radio,V3C,delete,radio,radio,3,3,1.0,5,5,1.0,0,0,0,12,ja|ko|hi|sw|id|tr|ru|es|fi|ha|hu|cs,0.7978,0.2941,0.9023,0.7456,0.7181,0.7978,0.6736,"already almost legal under V1 - the best case, and a control",,1.0
radio,technology,radio,V3C,epenthesize,radio,radio,3,3,1.0,5,5,1.0,0,0,0,12,ja|ko|hi|sw|id|tr|ru|es|fi|ha|hu|cs,0.7978,0.2941,0.9023,0.7456,0.7181,0.7978,0.6736,"already almost legal under V1 - the best case, and a control",,1.0
internet,technology,internet,V1,delete,initerine,internet,3,5,1.6667,8,9,1.125,2,1,0,13,ja|ko|hi|sw|id|tr|ru|es|fi|vi|is|hu|cs,0.6749,0.5966,0.7155,0.6568,0.5774,0.9035,0.8414,/rn/ medial cluster (illegal coda under V3) and final /t/,,0.747
internet,technology,internet,V1,epenthesize,initerineti,internet,3,6,2.0,8,11,1.375,3,0,0,13,ja|ko|hi|sw|id|tr|ru|es|fi|vi|is|hu|cs,0.7036,0.5987,0.6826,0.713,0.7,0.9035,0.8414,/rn/ medial cluster (illegal coda under V3) and final /t/,,0.7787
internet,technology,internet,V2,delete,interine,internet,3,4,1.3333,8,8,1.0,1,1,0,13,ja|ko|hi|sw|id|tr|ru|es|fi|vi|is|hu|cs,0.7627,0.6966,0.805,0.7439,0.6489,0.9035,0.8414,/rn/ medial cluster (illegal coda under V3) and final /t/,,0.8442
internet,technology,internet,V2,epenthesize,interineti,internet,3,5,1.6667,8,10,1.25,2,0,0,13,ja|ko|hi|sw|id|tr|ru|es|fi|vi|is|hu|cs,0.774,0.6586,0.7509,0.7843,0.758,0.9035,0.8414,/rn/ medial cluster (illegal coda under V3) and final /t/,,0.8567
internet,technology,internet,V3,delete,interine,internet,3,4,1.3333,8,8,1.0,1,1,0,13,ja|ko|hi|sw|id|tr|ru|es|fi|vi|is|hu|cs,0.7627,0.6966,0.805,0.7439,0.6489,0.9035,0.8414,/rn/ medial cluster (illegal coda under V3) and final /t/,,0.8442
internet,technology,internet,V3,epenthesize,interineti,internet,3,5,1.6667,8,10,1.25,2,0,0,13,ja|ko|hi|sw|id|tr|ru|es|fi|vi|is|hu|cs,0.774,0.6586,0.7509,0.7843,0.758,0.9035,0.8414,/rn/ medial cluster (illegal coda under V3) and final /t/,,0.8567
internet,technology,internet,V4,delete,interne,internet,3,3,1.0,8,7,0.875,0,1,0,13,ja|ko|hi|sw|id|tr|ru|es|fi|vi|is|hu|cs,0.8067,0.6172,0.7612,0.8269,0.6995,0.9035,0.8414,/rn/ medial cluster (illegal coda under V3) and final /t/,,0.8929
internet,technology,internet,V4,epenthesize,interneti,internet,3,4,1.3333,8,9,1.125,1,0,0,13,ja|ko|hi|sw|id|tr|ru|es|fi|vi|is|hu|cs,0.8528,0.6276,0.8343,0.8611,0.8201,0.9035,0.8414,/rn/ medial cluster (illegal coda under V3) and final /t/,,0.9439
internet,technology,internet,V5,delete,internet,internet,3,3,1.0,8,8,1.0,0,0,0,13,ja|ko|hi|sw|id|tr|ru|es|fi|vi|is|hu|cs,0.9035,0.6655,0.82,0.9406,0.8585,0.9035,0.8414,/rn/ medial cluster (illegal coda under V3) and final /t/,,1.0
internet,technology,internet,V5,epenthesize,internet,internet,3,3,1.0,8,8,1.0,0,0,0,13,ja|ko|hi|sw|id|tr|ru|es|fi|vi|is|hu|cs,0.9035,0.6655,0.82,0.9406,0.8585,0.9035,0.8414,/rn/ medial cluster (illegal coda under V3) and final /t/,,1.0
internet,technology,internet,V3C,delete,interine,internet,3,4,1.3333,8,8,1.0,1,1,0,13,ja|ko|hi|sw|id|tr|ru|es|fi|vi|is|hu|cs,0.7627,0.6966,0.805,0.7439,0.6489,0.9035,0.8414,/rn/ medial cluster (illegal coda under V3) and final /t/,,0.8442
internet,technology,internet,V3C,epenthesize,interineti,internet,3,5,1.6667,8,10,1.25,2,0,0,13,ja|ko|hi|sw|id|tr|ru|es|fi|vi|is|hu|cs,0.774,0.6586,0.7509,0.7843,0.758,0.9035,0.8414,/rn/ medial cluster (illegal coda under V3) and final /t/,,0.8567
television,technology,television,V1,delete,telefisio,telefision,5,5,1.0,10,9,0.9,0,1,1,10,ko|hi|sw|id|tr|ru|es|fi|ha|cs,0.8204,0.6466,0.7599,0.8464,0.6649,0.8293,0.7708,"/v/ plus -sion; long, and adapted nearly everywhere",,0.9893
television,technology,television,V1,epenthesize,telefisioni,telefision,5,6,1.2,10,11,1.1,1,0,1,10,ko|hi|sw|id|tr|ru|es|fi|ha|cs,0.7755,0.6473,0.767,0.7792,0.6742,0.8293,0.7708,"/v/ plus -sion; long, and adapted nearly everywhere",,0.9351
television,technology,television,V2,delete,telefision,telefision,5,5,1.0,10,10,1.0,0,0,1,10,ko|hi|sw|id|tr|ru|es|fi|ha|cs,0.8266,0.7121,0.7846,0.8445,0.7039,0.8293,0.7708,"/v/ plus -sion; long, and adapted nearly everywhere",,0.9967
television,technology,television,V2,epenthesize,telefision,telefision,5,5,1.0,10,10,1.0,0,0,1,10,ko|hi|sw|id|tr|ru|es|fi|ha|cs,0.8266,0.7121,0.7846,0.8445,0.7039,0.8293,0.7708,"/v/ plus -sion; long, and adapted nearly everywhere",,0.9967
television,technology,television,V3,delete,telefision,telefision,5,5,1.0,10,10,1.0,0,0,1,10,ko|hi|sw|id|tr|ru|es|fi|ha|cs,0.8266,0.7121,0.7846,0.8445,0.7039,0.8293,0.7708,"/v/ plus -sion; long, and adapted nearly everywhere",,0.9967
television,technology,television,V3,epenthesize,telefision,telefision,5,5,1.0,10,10,1.0,0,0,1,10,ko|hi|sw|id|tr|ru|es|fi|ha|cs,0.8266,0.7121,0.7846,0.8445,0.7039,0.8293,0.7708,"/v/ plus -sion; long, and adapted nearly everywhere",,0.9967
television,technology,television,V4,delete,telefision,telefision,5,5,1.0,10,10,1.0,0,0,1,10,ko|hi|sw|id|tr|ru|es|fi|ha|cs,0.8266,0.7121,0.7846,0.8445,0.7039,0.8293,0.7708,"/v/ plus -sion; long, and adapted nearly everywhere",,0.9967
television,technology,television,V4,epenthesize,telefision,telefision,5,5,1.0,10,10,1.0,0,0,1,10,ko|hi|sw|id|tr|ru|es|fi|ha|cs,0.8266,0.7121,0.7846,0.8445,0.7039,0.8293,0.7708,"/v/ plus -sion; long, and adapted nearly everywhere",,0.9967
television,technology,television,V5,delete,telefision,telefision,5,5,1.0,10,10,1.0,0,0,1,10,ko|hi|sw|id|tr|ru|es|fi|ha|cs,0.8266,0.7121,0.7846,0.8445,0.7039,0.8293,0.7708,"/v/ plus -sion; long, and adapted nearly everywhere",,0.9967
television,technology,television,V5,epenthesize,telefision,telefision,5,5,1.0,10,10,1.0,0,0,1,10,ko|hi|sw|id|tr|ru|es|fi|ha|cs,0.8266,0.7121,0.7846,0.8445,0.7039,0.8293,0.7708,"/v/ plus -sion; long, and adapted nearly everywhere",,0.9967
television,technology,television,V3C,delete,telefision,telefision,5,5,1.0,10,10,1.0,0,0,1,10,ko|hi|sw|id|tr|ru|es|fi|ha|cs,0.8266,0.7121,0.7846,0.8445,0.7039,0.8293,0.7708,"/v/ plus -sion; long, and adapted nearly everywhere",,0.9967
television,technology,television,V3C,epenthesize,telefision,telefision,5,5,1.0,10,10,1.0,0,0,1,10,ko|hi|sw|id|tr|ru|es|fi|ha|cs,0.8266,0.7121,0.7846,0.8445,0.7039,0.8293,0.7708,"/v/ plus -sion; long, and adapted nearly everywhere",,0.9967
video,technology,video,V1,delete,fideo,fideo,3,3,1.0,5,5,1.0,0,0,1,13,ja|ko|hi|sw|id|tr|ru|es|fi|vi|ha|hu|cs,0.9511,0.7874,0.9285,0.9652,0.867,0.9568,0.9243,/v/ with no other difficulty - the second /v/ isolate,,0.994
video,technology,video,V1,epenthesize,fideo,fideo,3,3,1.0,5,5,1.0,0,0,1,13,ja|ko|hi|sw|id|tr|ru|es|fi|vi|ha|hu|cs,0.9511,0.7874,0.9285,0.9652,0.867,0.9568,0.9243,/v/ with no other difficulty - the second /v/ isolate,,0.994
video,technology,video,V2,delete,fideo,fideo,3,3,1.0,5,5,1.0,0,0,1,13,ja|ko|hi|sw|id|tr|ru|es|fi|vi|ha|hu|cs,0.9511,0.7874,0.9285,0.9652,0.867,0.9568,0.9243,/v/ with no other difficulty - the second /v/ isolate,,0.994
video,technology,video,V2,epenthesize,fideo,fideo,3,3,1.0,5,5,1.0,0,0,1,13,ja|ko|hi|sw|id|tr|ru|es|fi|vi|ha|hu|cs,0.9511,0.7874,0.9285,0.9652,0.867,0.9568,0.9243,/v/ with no other difficulty - the second /v/ isolate,,0.994
video,technology,video,V3,delete,fideo,fideo,3,3,1.0,5,5,1.0,0,0,1,13,ja|ko|hi|sw|id|tr|ru|es|fi|vi|ha|hu|cs,0.9511,0.7874,0.9285,0.9652,0.867,0.9568,0.9243,/v/ with no other difficulty - the second /v/ isolate,,0.994
video,technology,video,V3,epenthesize,fideo,fideo,3,3,1.0,5,5,1.0,0,0,1,13,ja|ko|hi|sw|id|tr|ru|es|fi|vi|ha|hu|cs,0.9511,0.7874,0.9285,0.9652,0.867,0.9568,0.9243,/v/ with no other difficulty - the second /v/ isolate,,0.994
video,technology,video,V4,delete,fideo,fideo,3,3,1.0,5,5,1.0,0,0,1,13,ja|ko|hi|sw|id|tr|ru|es|fi|vi|ha|hu|cs,0.9511,0.7874,0.9285,0.9652,0.867,0.9568,0.9243,/v/ with no other difficulty - the second /v/ isolate,,0.994
video,technology,video,V4,epenthesize,fideo,fideo,3,3,1.0,5,5,1.0,0,0,1,13,ja|ko|hi|sw|id|tr|ru|es|fi|vi|ha|hu|cs,0.9511,0.7874,0.9285,0.9652,0.867,0.9568,0.9243,/v/ with no other difficulty - the second /v/ isolate,,0.994
video,technology,video,V5,delete,fideo,fideo,3,3,1.0,5,5,1.0,0,0,1,13,ja|ko|hi|sw|id|tr|ru|es|fi|vi|ha|hu|cs,0.9511,0.7874,0.9285,0.9652,0.867,0.9568,0.9243,/v/ with no other difficulty - the second /v/ isolate,,0.994
video,technology,video,V5,epenthesize,fideo,fideo,3,3,1.0,5,5,1.0,0,0,1,13,ja|ko|hi|sw|id|tr|ru|es|fi|vi|ha|hu|cs,0.9511,0.7874,0.9285,0.9652,0.867,0.9568,0.9243,/v/ with no other difficulty - the second /v/ isolate,,0.994
video,technology,video,V3C,delete,fideo,fideo,3,3,1.0,5,5,1.0,0,0,1,13,ja|ko|hi|sw|id|tr|ru|es|fi|vi|ha|hu|cs,0.9511,0.7874,0.9285,0.9652,0.867,0.9568,0.9243,/v/ with no other difficulty - the second /v/ isolate,,0.994
video,technology,video,V3C,epenthesize,fideo,fideo,3,3,1.0,5,5,1.0,0,0,1,13,ja|ko|hi|sw|id|tr|ru|es|fi|vi|ha|hu|cs,0.9511,0.7874,0.9285,0.9652,0.867,0.9568,0.9243,/v/ with no other difficulty - the second /v/ isolate,,0.994
machine,technology,machina,V1,delete,makina,makina,3,3,1.0,6,6,1.0,0,0,1,5,sw|id|tr|ru|es,0.9109,0.7328,0.9109,0.9109,0.8095,0.797,0.8695,"ch: Greek /k/ or French /sh/? the ch ambiguity, priced",Latin machina; tr makine,1.1429
machine,technology,machina,V1,epenthesize,makina,makina,3,3,1.0,6,6,1.0,0,0,1,5,sw|id|tr|ru|es,0.9109,0.7328,0.9109,0.9109,0.8095,0.797,0.8695,"ch: Greek /k/ or French /sh/? the ch ambiguity, priced",Latin machina; tr makine,1.1429
machine,technology,machina,V2,delete,makina,makina,3,3,1.0,6,6,1.0,0,0,1,5,sw|id|tr|ru|es,0.9109,0.7328,0.9109,0.9109,0.8095,0.797,0.8695,"ch: Greek /k/ or French /sh/? the ch ambiguity, priced",Latin machina; tr makine,1.1429
machine,technology,machina,V2,epenthesize,makina,makina,3,3,1.0,6,6,1.0,0,0,1,5,sw|id|tr|ru|es,0.9109,0.7328,0.9109,0.9109,0.8095,0.797,0.8695,"ch: Greek /k/ or French /sh/? the ch ambiguity, priced",Latin machina; tr makine,1.1429
machine,technology,machina,V3,delete,makina,makina,3,3,1.0,6,6,1.0,0,0,1,5,sw|id|tr|ru|es,0.9109,0.7328,0.9109,0.9109,0.8095,0.797,0.8695,"ch: Greek /k/ or French /sh/? the ch ambiguity, priced",Latin machina; tr makine,1.1429
machine,technology,machina,V3,epenthesize,makina,makina,3,3,1.0,6,6,1.0,0,0,1,5,sw|id|tr|ru|es,0.9109,0.7328,0.9109,0.9109,0.8095,0.797,0.8695,"ch: Greek /k/ or French /sh/? the ch ambiguity, priced",Latin machina; tr makine,1.1429
machine,technology,machina,V4,delete,makina,makina,3,3,1.0,6,6,1.0,0,0,1,5,sw|id|tr|ru|es,0.9109,0.7328,0.9109,0.9109,0.8095,0.797,0.8695,"ch: Greek /k/ or French /sh/? the ch ambiguity, priced",Latin machina; tr makine,1.1429
machine,technology,machina,V4,epenthesize,makina,makina,3,3,1.0,6,6,1.0,0,0,1,5,sw|id|tr|ru|es,0.9109,0.7328,0.9109,0.9109,0.8095,0.797,0.8695,"ch: Greek /k/ or French /sh/? the ch ambiguity, priced",Latin machina; tr makine,1.1429
machine,technology,machina,V5,delete,makina,makina,3,3,1.0,6,6,1.0,0,0,1,5,sw|id|tr|ru|es,0.9109,0.7328,0.9109,0.9109,0.8095,0.797,0.8695,"ch: Greek /k/ or French /sh/? the ch ambiguity, priced",Latin machina; tr makine,1.1429
machine,technology,machina,V5,epenthesize,makina,makina,3,3,1.0,6,6,1.0,0,0,1,5,sw|id|tr|ru|es,0.9109,0.7328,0.9109,0.9109,0.8095,0.797,0.8695,"ch: Greek /k/ or French /sh/? the ch ambiguity, priced",Latin machina; tr makine,1.1429
machine,technology,machina,V3C,delete,makina,makina,3,3,1.0,6,6,1.0,0,0,1,5,sw|id|tr|ru|es,0.9109,0.7328,0.9109,0.9109,0.8095,0.797,0.8695,"ch: Greek /k/ or French /sh/? the ch ambiguity, priced",Latin machina; tr makine,1.1429
machine,technology,machina,V3C,epenthesize,makina,makina,3,3,1.0,6,6,1.0,0,0,1,5,sw|id|tr|ru|es,0.9109,0.7328,0.9109,0.9109,0.8095,0.797,0.8695,"ch: Greek /k/ or French /sh/? the ch ambiguity, priced",Latin machina; tr makine,1.1429
motor,technology,motor,V1,delete,moto,motor,2,2,1.0,5,4,0.8,0,1,0,0,,,,,,,,,"final /r/, otherwise CV throughout - isolates the liquid-coda decision",,
motor,technology,motor,V1,epenthesize,motori,motor,2,3,1.5,5,6,1.2,1,0,0,0,,,,,,,,,"final /r/, otherwise CV throughout - isolates the liquid-coda decision",,
motor,technology,motor,V2,delete,moto,motor,2,2,1.0,5,4,0.8,0,1,0,0,,,,,,,,,"final /r/, otherwise CV throughout - isolates the liquid-coda decision",,
motor,technology,motor,V2,epenthesize,motori,motor,2,3,1.5,5,6,1.2,1,0,0,0,,,,,,,,,"final /r/, otherwise CV throughout - isolates the liquid-coda decision",,
motor,technology,motor,V3,delete,moto,motor,2,2,1.0,5,4,0.8,0,1,0,0,,,,,,,,,"final /r/, otherwise CV throughout - isolates the liquid-coda decision",,
motor,technology,motor,V3,epenthesize,motori,motor,2,3,1.5,5,6,1.2,1,0,0,0,,,,,,,,,"final /r/, otherwise CV throughout - isolates the liquid-coda decision",,
motor,technology,motor,V4,delete,motor,motor,2,2,1.0,5,5,1.0,0,0,0,0,,,,,,,,,"final /r/, otherwise CV throughout - isolates the liquid-coda decision",,
motor,technology,motor,V4,epenthesize,motor,motor,2,2,1.0,5,5,1.0,0,0,0,0,,,,,,,,,"final /r/, otherwise CV throughout - isolates the liquid-coda decision",,
motor,technology,motor,V5,delete,motor,motor,2,2,1.0,5,5,1.0,0,0,0,0,,,,,,,,,"final /r/, otherwise CV throughout - isolates the liquid-coda decision",,
motor,technology,motor,V5,epenthesize,motor,motor,2,2,1.0,5,5,1.0,0,0,0,0,,,,,,,,,"final /r/, otherwise CV throughout - isolates the liquid-coda decision",,
motor,technology,motor,V3C,delete,moto,motor,2,2,1.0,5,4,0.8,0,1,0,0,,,,,,,,,"final /r/, otherwise CV throughout - isolates the liquid-coda decision",,
motor,technology,motor,V3C,epenthesize,motori,motor,2,3,1.5,5,6,1.2,1,0,0,0,,,,,,,,,"final /r/, otherwise CV throughout - isolates the liquid-coda decision",,
film,technology,film,V1,delete,fi,film,1,1,1.0,4,2,0.5,0,2,0,8,sw|id|tr|ru|es|ha|hu|cs,0.4661,0.2284,0.5,0.4547,0.3369,0.8541,0.7348,final /lm/ CLUSTER coda - illegal under every variant including V5,,0.5457
film,technology,film,V1,epenthesize,filimu,film,1,3,3.0,4,6,1.5,2,0,0,8,sw|id|tr|ru|es|ha|hu|cs,0.6796,0.5,0.7328,0.6619,0.6803,0.8541,0.7348,final /lm/ CLUSTER coda - illegal under every variant including V5,,0.7957
film,technology,film,V2,delete,filin,film,1,2,2.0,4,5,1.25,1,0,0,8,sw|id|tr|ru|es|ha|hu|cs,0.7184,0.5603,0.671,0.7342,0.632,0.8541,0.7348,final /lm/ CLUSTER coda - illegal under every variant including V5,,0.8411
film,technology,film,V2,epenthesize,filin,film,1,2,2.0,4,5,1.25,1,0,0,8,sw|id|tr|ru|es|ha|hu|cs,0.7184,0.5603,0.671,0.7342,0.632,0.8541,0.7348,final /lm/ CLUSTER coda - illegal under every variant including V5,,0.8411
film,technology,film,V3,delete,filim,film,1,2,2.0,4,5,1.25,1,0,0,8,sw|id|tr|ru|es|ha|hu|cs,0.7425,0.5409,0.6994,0.7568,0.7409,0.8541,0.7348,final /lm/ CLUSTER coda - illegal under every variant including V5,,0.8693
film,technology,film,V3,epenthesize,filim,film,1,2,2.0,4,5,1.25,1,0,0,8,sw|id|tr|ru|es|ha|hu|cs,0.7425,0.5409,0.6994,0.7568,0.7409,0.8541,0.7348,final /lm/ CLUSTER coda - illegal under every variant including V5,,0.8693
film,technology,film,V4,delete,filim,film,1,2,2.0,4,5,1.25,1,0,0,8,sw|id|tr|ru|es|ha|hu|cs,0.7425,0.5409,0.6994,0.7568,0.7409,0.8541,0.7348,final /lm/ CLUSTER coda - illegal under every variant including V5,,0.8693
film,technology,film,V4,epenthesize,filmu,film,1,2,2.0,4,5,1.25,1,0,0,8,sw|id|tr|ru|es|ha|hu|cs,0.7433,0.5129,0.7167,0.7522,0.7427,0.8541,0.7348,final /lm/ CLUSTER coda - illegal under every variant including V5,,0.8703
film,technology,film,V5,delete,filim,film,1,2,2.0,4,5,1.25,1,0,0,8,sw|id|tr|ru|es|ha|hu|cs,0.7425,0.5409,0.6994,0.7568,0.7409,0.8541,0.7348,final /lm/ CLUSTER coda - illegal under every variant including V5,,0.8693
film,technology,film,V5,epenthesize,filmu,film,1,2,2.0,4,5,1.25,1,0,0,8,sw|id|tr|ru|es|ha|hu|cs,0.7433,0.5129,0.7167,0.7522,0.7427,0.8541,0.7348,final /lm/ CLUSTER coda - illegal under every variant including V5,,0.8703
film,technology,film,V3C,delete,filim,film,1,2,2.0,4,5,1.25,1,0,0,8,sw|id|tr|ru|es|ha|hu|cs,0.7425,0.5409,0.6994,0.7568,0.7409,0.8541,0.7348,final /lm/ CLUSTER coda - illegal under every variant including V5,,0.8693
film,technology,film,V3C,epenthesize,filim,film,1,2,2.0,4,5,1.25,1,0,0,8,sw|id|tr|ru|es|ha|hu|cs,0.7425,0.5409,0.6994,0.7568,0.7409,0.8541,0.7348,final /lm/ CLUSTER coda - illegal under every variant including V5,,0.8693
robot,technology,robot,V1,delete,robo,robot,2,2,1.0,5,4,0.8,0,1,0,12,ja|ko|hi|sw|id|tr|ru|es|fi|vi|hu|cs,0.7513,0.5714,0.7109,0.7714,0.67,0.9398,0.894,Czech-origin internationalism; final /t/ - a non-nasal stop coda,,0.7994
robot,technology,robot,V1,epenthesize,roboti,robot,2,3,1.5,5,6,1.2,1,0,0,12,ja|ko|hi|sw|id|tr|ru|es|fi|vi|hu|cs,0.853,0.7644,0.8894,0.8349,0.8583,0.9398,0.894,Czech-origin internationalism; final /t/ - a non-nasal stop coda,,0.9076
robot,technology,robot,V2,delete,robo,robot,2,2,1.0,5,4,0.8,0,1,0,12,ja|ko|hi|sw|id|tr|ru|es|fi|vi|hu|cs,0.7513,0.5714,0.7109,0.7714,0.67,0.9398,0.894,Czech-origin internationalism; final /t/ - a non-nasal stop coda,,0.7994
robot,technology,robot,V2,epenthesize,roboti,robot,2,3,1.5,5,6,1.2,1,0,0,12,ja|ko|hi|sw|id|tr|ru|es|fi|vi|hu|cs,0.853,0.7644,0.8894,0.8349,0.8583,0.9398,0.894,Czech-origin internationalism; final /t/ - a non-nasal stop coda,,0.9076
robot,technology,robot,V3,delete,robo,robot,2,2,1.0,5,4,0.8,0,1,0,12,ja|ko|hi|sw|id|tr|ru|es|fi|vi|hu|cs,0.7513,0.5714,0.7109,0.7714,0.67,0.9398,0.894,Czech-origin internationalism; final /t/ - a non-nasal stop coda,,0.7994
robot,technology,robot,V3,epenthesize,roboti,robot,2,3,1.5,5,6,1.2,1,0,0,12,ja|ko|hi|sw|id|tr|ru|es|fi|vi|hu|cs,0.853,0.7644,0.8894,0.8349,0.8583,0.9398,0.894,Czech-origin internationalism; final /t/ - a non-nasal stop coda,,0.9076
robot,technology,robot,V4,delete,robo,robot,2,2,1.0,5,4,0.8,0,1,0,12,ja|ko|hi|sw|id|tr|ru|es|fi|vi|hu|cs,0.7513,0.5714,0.7109,0.7714,0.67,0.9398,0.894,Czech-origin internationalism; final /t/ - a non-nasal stop coda,,0.7994
robot,technology,robot,V4,epenthesize,roboti,robot,2,3,1.5,5,6,1.2,1,0,0,12,ja|ko|hi|sw|id|tr|ru|es|fi|vi|hu|cs,0.853,0.7644,0.8894,0.8349,0.8583,0.9398,0.894,Czech-origin internationalism; final /t/ - a non-nasal stop coda,,0.9076
robot,technology,robot,V5,delete,robot,robot,2,2,1.0,5,5,1.0,0,0,0,12,ja|ko|hi|sw|id|tr|ru|es|fi|vi|hu|cs,0.9398,0.7143,0.8943,0.9626,0.9266,0.9398,0.894,Czech-origin internationalism; final /t/ - a non-nasal stop coda,,1.0
robot,technology,robot,V5,epenthesize,robot,robot,2,2,1.0,5,5,1.0,0,0,0,12,ja|ko|hi|sw|id|tr|ru|es|fi|vi|hu|cs,0.9398,0.7143,0.8943,0.9626,0.9266,0.9398,0.894,Czech-origin internationalism; final /t/ - a non-nasal stop coda,,1.0
robot,technology,robot,V3C,delete,robo,robot,2,2,1.0,5,4,0.8,0,1,0,12,ja|ko|hi|sw|id|tr|ru|es|fi|vi|hu|cs,0.7513,0.5714,0.7109,0.7714,0.67,0.9398,0.894,Czech-origin internationalism; final /t/ - a non-nasal stop coda,,0.7994
robot,technology,robot,V3C,epenthesize,roboti,robot,2,3,1.5,5,6,1.2,1,0,0,12,ja|ko|hi|sw|id|tr|ru|es|fi|vi|hu|cs,0.853,0.7644,0.8894,0.8349,0.8583,0.9398,0.894,Czech-origin internationalism; final /t/ - a non-nasal stop coda,,0.9076
democracy,institutions,democratia,V1,delete,demokiratia,demokratia,5,6,1.2,10,11,1.1,1,0,1,9,sw|id|tr|ru|es|fi|ha|hu|cs,0.8406,0.8025,0.8578,0.8356,0.8231,0.9119,0.86,the -cy/-tia ending family; c->k then c->s in one word,shared shape demokrat-,0.9218
democracy,institutions,democratia,V1,epenthesize,demokiratia,demokratia,5,6,1.2,10,11,1.1,1,0,1,9,sw|id|tr|ru|es|fi|ha|hu|cs,0.8406,0.8025,0.8578,0.8356,0.8231,0.9119,0.86,the -cy/-tia ending family; c->k then c->s in one word,shared shape demokrat-,0.9218
democracy,institutions,democratia,V2,delete,demokiratia,demokratia,5,6,1.2,10,11,1.1,1,0,1,9,sw|id|tr|ru|es|fi|ha|hu|cs,0.8406,0.8025,0.8578,0.8356,0.8231,0.9119,0.86,the -cy/-tia ending family; c->k then c->s in one word,shared shape demokrat-,0.9218
democracy,institutions,democratia,V2,epenthesize,demokiratia,demokratia,5,6,1.2,10,11,1.1,1,0,1,9,sw|id|tr|ru|es|fi|ha|hu|cs,0.8406,0.8025,0.8578,0.8356,0.8231,0.9119,0.86,the -cy/-tia ending family; c->k then c->s in one word,shared shape demokrat-,0.9218
democracy,institutions,democratia,V3,delete,demokiratia,demokratia,5,6,1.2,10,11,1.1,1,0,1,9,sw|id|tr|ru|es|fi|ha|hu|cs,0.8406,0.8025,0.8578,0.8356,0.8231,0.9119,0.86,the -cy/-tia ending family; c->k then c->s in one word,shared shape demokrat-,0.9218
democracy,institutions,democratia,V3,epenthesize,demokiratia,demokratia,5,6,1.2,10,11,1.1,1,0,1,9,sw|id|tr|ru|es|fi|ha|hu|cs,0.8406,0.8025,0.8578,0.8356,0.8231,0.9119,0.86,the -cy/-tia ending family; c->k then c->s in one word,shared shape demokrat-,0.9218
democracy,institutions,democratia,V4,delete,demokiratia,demokratia,5,6,1.2,10,11,1.1,1,0,1,9,sw|id|tr|ru|es|fi|ha|hu|cs,0.8406,0.8025,0.8578,0.8356,0.8231,0.9119,0.86,the -cy/-tia ending family; c->k then c->s in one word,shared shape demokrat-,0.9218
democracy,institutions,democratia,V4,epenthesize,demokiratia,demokratia,5,6,1.2,10,11,1.1,1,0,1,9,sw|id|tr|ru|es|fi|ha|hu|cs,0.8406,0.8025,0.8578,0.8356,0.8231,0.9119,0.86,the -cy/-tia ending family; c->k then c->s in one word,shared shape demokrat-,0.9218
democracy,institutions,democratia,V5,delete,demokratia,demokratia,5,5,1.0,10,10,1.0,0,0,1,9,sw|id|tr|ru|es|fi|ha|hu|cs,0.9119,0.7613,0.872,0.9233,0.8833,0.9119,0.86,the -cy/-tia ending family; c->k then c->s in one word,shared shape demokrat-,1.0
democracy,institutions,democratia,V5,epenthesize,demokratia,demokratia,5,5,1.0,10,10,1.0,0,0,1,9,sw|id|tr|ru|es|fi|ha|hu|cs,0.9119,0.7613,0.872,0.9233,0.8833,0.9119,0.86,the -cy/-tia ending family; c->k then c->s in one word,shared shape demokrat-,1.0
democracy,institutions,democratia,V3C,delete,demokratia,demokratia,5,5,1.0,10,10,1.0,0,0,1,9,sw|id|tr|ru|es|fi|ha|hu|cs,0.9119,0.7613,0.872,0.9233,0.8833,0.9119,0.86,the -cy/-tia ending family; c->k then c->s in one word,shared shape demokrat-,1.0
democracy,institutions,democratia,V3C,epenthesize,demokratia,demokratia,5,5,1.0,10,10,1.0,0,0,1,9,sw|id|tr|ru|es|fi|ha|hu|cs,0.9119,0.7613,0.872,0.9233,0.8833,0.9119,0.86,the -cy/-tia ending family; c->k then c->s in one word,shared shape demokrat-,1.0
police,institutions,policia,V1,delete,polisia,polisia,4,4,1.0,7,7,1.0,0,0,1,8,hi|sw|id|tr|ru|es|fi|cs,0.8091,0.6946,0.8571,0.8023,0.7989,0.8091,0.7599,c->s before i; one of the most widely borrowed institutional words,shared shape polis/polisi/policia,1.0
police,institutions,policia,V1,epenthesize,polisia,polisia,4,4,1.0,7,7,1.0,0,0,1,8,hi|sw|id|tr|ru|es|fi|cs,0.8091,0.6946,0.8571,0.8023,0.7989,0.8091,0.7599,c->s before i; one of the most widely borrowed institutional words,shared shape polis/polisi/policia,1.0
police,institutions,policia,V2,delete,polisia,polisia,4,4,1.0,7,7,1.0,0,0,1,8,hi|sw|id|tr|ru|es|fi|cs,0.8091,0.6946,0.8571,0.8023,0.7989,0.8091,0.7599,c->s before i; one of the most widely borrowed institutional words,shared shape polis/polisi/policia,1.0
police,institutions,policia,V2,epenthesize,polisia,polisia,4,4,1.0,7,7,1.0,0,0,1,8,hi|sw|id|tr|ru|es|fi|cs,0.8091,0.6946,0.8571,0.8023,0.7989,0.8091,0.7599,c->s before i; one of the most widely borrowed institutional words,shared shape polis/polisi/policia,1.0
police,institutions,policia,V3,delete,polisia,polisia,4,4,1.0,7,7,1.0,0,0,1,8,hi|sw|id|tr|ru|es|fi|cs,0.8091,0.6946,0.8571,0.8023,0.7989,0.8091,0.7599,c->s before i; one of the most widely borrowed institutional words,shared shape polis/polisi/policia,1.0
police,institutions,policia,V3,epenthesize,polisia,polisia,4,4,1.0,7,7,1.0,0,0,1,8,hi|sw|id|tr|ru|es|fi|cs,0.8091,0.6946,0.8571,0.8023,0.7989,0.8091,0.7599,c->s before i; one of the most widely borrowed institutional words,shared shape polis/polisi/policia,1.0
police,institutions,policia,V4,delete,polisia,polisia,4,4,1.0,7,7,1.0,0,0,1,8,hi|sw|id|tr|ru|es|fi|cs,0.8091,0.6946,0.8571,0.8023,0.7989,0.8091,0.7599,c->s before i; one of the most widely borrowed institutional words,shared shape polis/polisi/policia,1.0
police,institutions,policia,V4,epenthesize,polisia,polisia,4,4,1.0,7,7,1.0,0,0,1,8,hi|sw|id|tr|ru|es|fi|cs,0.8091,0.6946,0.8571,0.8023,0.7989,0.8091,0.7599,c->s before i; one of the most widely borrowed institutional words,shared shape polis/polisi/policia,1.0
police,institutions,policia,V5,delete,polisia,polisia,4,4,1.0,7,7,1.0,0,0,1,8,hi|sw|id|tr|ru|es|fi|cs,0.8091,0.6946,0.8571,0.8023,0.7989,0.8091,0.7599,c->s before i; one of the most widely borrowed institutional words,shared shape polis/polisi/policia,1.0
police,institutions,policia,V5,epenthesize,polisia,polisia,4,4,1.0,7,7,1.0,0,0,1,8,hi|sw|id|tr|ru|es|fi|cs,0.8091,0.6946,0.8571,0.8023,0.7989,0.8091,0.7599,c->s before i; one of the most widely borrowed institutional words,shared shape polis/polisi/policia,1.0
police,institutions,policia,V3C,delete,polisia,polisia,4,4,1.0,7,7,1.0,0,0,1,8,hi|sw|id|tr|ru|es|fi|cs,0.8091,0.6946,0.8571,0.8023,0.7989,0.8091,0.7599,c->s before i; one of the most widely borrowed institutional words,shared shape polis/polisi/policia,1.0
police,institutions,policia,V3C,epenthesize,polisia,polisia,4,4,1.0,7,7,1.0,0,0,1,8,hi|sw|id|tr|ru|es|fi|cs,0.8091,0.6946,0.8571,0.8023,0.7989,0.8091,0.7599,c->s before i; one of the most widely borrowed institutional words,shared shape polis/polisi/policia,1.0
university,institutions,universitat,V1,delete,uniferisita,unifersitat,5,6,1.2,11,11,1.0,1,1,1,5,id|tr|ru|es|cs,0.8408,0.7962,,0.8408,0.7797,0.9492,0.9227,/v/ in a long word; the -itas/-ity ending family,Latin universitas,0.8858
university,institutions,universitat,V1,epenthesize,uniferisitati,unifersitat,5,7,1.4,11,13,1.1818,2,0,1,5,id|tr|ru|es|cs,0.8016,0.756,,0.8016,0.7706,0.9492,0.9227,/v/ in a long word; the -itas/-ity ending family,Latin universitas,0.8445
university,institutions,universitat,V2,delete,uniferisita,unifersitat,5,6,1.2,11,11,1.0,1,1,1,5,id|tr|ru|es|cs,0.8408,0.7962,,0.8408,0.7797,0.9492,0.9227,/v/ in a long word; the -itas/-ity ending family,Latin universitas,0.8858
university,institutions,universitat,V2,epenthesize,uniferisitati,unifersitat,5,7,1.4,11,13,1.1818,2,0,1,5,id|tr|ru|es|cs,0.8016,0.756,,0.8016,0.7706,0.9492,0.9227,/v/ in a long word; the -itas/-ity ending family,Latin universitas,0.8445
university,institutions,universitat,V3,delete,uniferisita,unifersitat,5,6,1.2,11,11,1.0,1,1,1,5,id|tr|ru|es|cs,0.8408,0.7962,,0.8408,0.7797,0.9492,0.9227,/v/ in a long word; the -itas/-ity ending family,Latin universitas,0.8858
university,institutions,universitat,V3,epenthesize,uniferisitati,unifersitat,5,7,1.4,11,13,1.1818,2,0,1,5,id|tr|ru|es|cs,0.8016,0.756,,0.8016,0.7706,0.9492,0.9227,/v/ in a long word; the -itas/-ity ending family,Latin universitas,0.8445
university,institutions,universitat,V4,delete,unifersita,unifersitat,5,5,1.0,11,10,0.9091,0,1,1,5,id|tr|ru|es|cs,0.9311,0.8871,,0.9311,0.8441,0.9492,0.9227,/v/ in a long word; the -itas/-ity ending family,Latin universitas,0.9809
university,institutions,universitat,V4,epenthesize,unifersitati,unifersitat,5,6,1.2,11,12,1.0909,1,0,1,5,id|tr|ru|es|cs,0.8684,0.819,,0.8684,0.8212,0.9492,0.9227,/v/ in a long word; the -itas/-ity ending family,Latin universitas,0.9149
university,institutions,universitat,V5,delete,unifersitat,unifersitat,5,5,1.0,11,11,1.0,0,0,1,5,id|tr|ru|es|cs,0.9461,0.8871,,0.9461,0.8683,0.9492,0.9227,/v/ in a long word; the -itas/-ity ending family,Latin universitas,0.9967
university,institutions,universitat,V5,epenthesize,unifersitat,unifersitat,5,5,1.0,11,11,1.0,0,0,1,5,id|tr|ru|es|cs,0.9461,0.8871,,0.9461,0.8683,0.9492,0.9227,/v/ in a long word; the -itas/-ity ending family,Latin universitas,0.9967
university,institutions,universitat,V3C,delete,uniferisita,unifersitat,5,6,1.2,11,11,1.0,1,1,1,5,id|tr|ru|es|cs,0.8408,0.7962,,0.8408,0.7797,0.9492,0.9227,/v/ in a long word; the -itas/-ity ending family,Latin universitas,0.8858
university,institutions,universitat,V3C,epenthesize,uniferisitati,unifersitat,5,7,1.4,11,13,1.1818,2,0,1,5,id|tr|ru|es|cs,0.8016,0.756,,0.8016,0.7706,0.9492,0.9227,/v/ in a long word; the -itas/-ity ending family,Latin universitas,0.8445
president,institutions,president,V1,delete,pureside,president,3,4,1.3333,9,8,0.8889,1,2,0,6,ja|ko|ru|es|fi|cs,0.6544,0.6207,0.6451,0.659,0.5419,0.8636,0.8189,"/pr/ onset, /nt/ pre-final cluster, final /t/",,0.7578
president,institutions,president,V1,epenthesize,puresideniti,president,3,6,2.0,9,12,1.3333,3,0,0,6,ja|ko|ru|es|fi|cs,0.7893,0.7471,0.7989,0.7845,0.7609,0.8636,0.8189,"/pr/ onset, /nt/ pre-final cluster, final /t/",,0.914
president,institutions,president,V2,delete,puresiden,president,3,4,1.3333,9,9,1.0,1,1,0,6,ja|ko|ru|es|fi|cs,0.7235,0.6364,0.7284,0.7211,0.671,0.8636,0.8189,"/pr/ onset, /nt/ pre-final cluster, final /t/",,0.8378
president,institutions,president,V2,epenthesize,puresidenti,president,3,5,1.6667,9,11,1.2222,2,0,0,6,ja|ko|ru|es|fi|cs,0.8526,0.815,0.8822,0.8378,0.8202,0.8636,0.8189,"/pr/ onset, /nt/ pre-final cluster, final /t/",,0.9873
president,institutions,president,V3,delete,puresiden,president,3,4,1.3333,9,9,1.0,1,1,0,6,ja|ko|ru|es|fi|cs,0.7235,0.6364,0.7284,0.7211,0.671,0.8636,0.8189,"/pr/ onset, /nt/ pre-final cluster, final /t/",,0.8378
president,institutions,president,V3,epenthesize,puresidenti,president,3,5,1.6667,9,11,1.2222,2,0,0,6,ja|ko|ru|es|fi|cs,0.8526,0.815,0.8822,0.8378,0.8202,0.8636,0.8189,"/pr/ onset, /nt/ pre-final cluster, final /t/",,0.9873
president,institutions,president,V4,delete,puresiden,president,3,4,1.3333,9,9,1.0,1,1,0,6,ja|ko|ru|es|fi|cs,0.7235,0.6364,0.7284,0.7211,0.671,0.8636,0.8189,"/pr/ onset, /nt/ pre-final cluster, final /t/",,0.8378
president,institutions,president,V4,epenthesize,puresidenti,president,3,5,1.6667,9,11,1.2222,2,0,0,6,ja|ko|ru|es|fi|cs,0.8526,0.815,0.8822,0.8378,0.8202,0.8636,0.8189,"/pr/ onset, /nt/ pre-final cluster, final /t/",,0.9873
president,institutions,president,V5,delete,puresidenit,president,3,5,1.6667,9,11,1.2222,2,0,0,6,ja|ko|ru|es|fi|cs,0.7538,0.7085,0.7284,0.7665,0.74,0.8636,0.8189,"/pr/ onset, /nt/ pre-final cluster, final /t/",,0.8729
president,institutions,president,V5,epenthesize,puresidenti,president,3,5,1.6667,9,11,1.2222,2,0,0,6,ja|ko|ru|es|fi|cs,0.8526,0.815,0.8822,0.8378,0.8202,0.8636,0.8189,"/pr/ onset, /nt/ pre-final cluster, final /t/",,0.9873
president,institutions,president,V3C,delete,presiden,president,3,3,1.0,9,8,0.8889,0,1,0,6,ja|ko|ru|es|fi|cs,0.767,0.6494,0.6523,0.8243,0.7084,0.8636,0.8189,"/pr/ onset, /nt/ pre-final cluster, final /t/",,0.8881
president,institutions,president,V3C,epenthesize,presidenti,president,3,4,1.3333,9,10,1.1111,1,0,0,6,ja|ko|ru|es|fi|cs,0.8846,0.8046,0.806,0.9238,0.8504,0.8636,0.8189,"/pr/ onset, /nt/ pre-final cluster, final /t/",,1.0243
hospital,institutions,hospital,V1,delete,hosipita,hospital,3,4,1.3333,8,8,1.0,1,1,0,3,sw|es|ha,0.7403,0.625,0.7979,0.625,0.6298,0.7805,0.6996,"/sp/ medial cluster, final /l/ - the other V4 test",,0.9485
hospital,institutions,hospital,V1,epenthesize,hosipitali,hospital,3,5,1.6667,8,10,1.25,2,0,0,3,sw|es|ha,0.7609,0.6828,0.7914,0.7,0.7466,0.7805,0.6996,"/sp/ medial cluster, final /l/ - the other V4 test",,0.9749
hospital,institutions,hospital,V2,delete,hosipita,hospital,3,4,1.3333,8,8,1.0,1,1,0,3,sw|es|ha,0.7403,0.625,0.7979,0.625,0.6298,0.7805,0.6996,"/sp/ medial cluster, final /l/ - the other V4 test",,0.9485
hospital,institutions,hospital,V2,epenthesize,hosipitali,hospital,3,5,1.6667,8,10,1.25,2,0,0,3,sw|es|ha,0.7609,0.6828,0.7914,0.7,0.7466,0.7805,0.6996,"/sp/ medial cluster, final /l/ - the other V4 test",,0.9749
hospital,institutions,hospital,V3,delete,hosipita,hospital,3,4,1.3333,8,8,1.0,1,1,0,3,sw|es|ha,0.7403,0.625,0.7979,0.625,0.6298,0.7805,0.6996,"/sp/ medial cluster, final /l/ - the other V4 test",,0.9485
hospital,institutions,hospital,V3,epenthesize,hosipitali,hospital,3,5,1.6667,8,10,1.25,2,0,0,3,sw|es|ha,0.7609,0.6828,0.7914,0.7,0.7466,0.7805,0.6996,"/sp/ medial cluster, final /l/ - the other V4 test",,0.9749
hospital,institutions,hospital,V4,delete,hosipital,hospital,3,4,1.3333,8,9,1.125,1,0,0,3,sw|es|ha,0.7637,0.7356,0.7567,0.7778,0.7218,0.7805,0.6996,"/sp/ medial cluster, final /l/ - the other V4 test",,0.9785
hospital,institutions,hospital,V4,epenthesize,hosipital,hospital,3,4,1.3333,8,9,1.125,1,0,0,3,sw|es|ha,0.7637,0.7356,0.7567,0.7778,0.7218,0.7805,0.6996,"/sp/ medial cluster, final /l/ - the other V4 test",,0.9785
hospital,institutions,hospital,V5,delete,hospital,hospital,3,3,1.0,8,8,1.0,0,0,0,3,sw|es|ha,0.7805,0.5776,0.7332,0.875,0.7253,0.7805,0.6996,"/sp/ medial cluster, final /l/ - the other V4 test",,1.0
hospital,institutions,hospital,V5,epenthesize,hospital,hospital,3,3,1.0,8,8,1.0,0,0,0,3,sw|es|ha,0.7805,0.5776,0.7332,0.875,0.7253,0.7805,0.6996,"/sp/ medial cluster, final /l/ - the other V4 test",,1.0
hospital,institutions,hospital,V3C,delete,hosipita,hospital,3,4,1.3333,8,8,1.0,1,1,0,3,sw|es|ha,0.7403,0.625,0.7979,0.625,0.6298,0.7805,0.6996,"/sp/ medial cluster, final /l/ - the other V4 test",,0.9485
hospital,institutions,hospital,V3C,epenthesize,hosipitali,hospital,3,5,1.6667,8,10,1.25,2,0,0,3,sw|es|ha,0.7609,0.6828,0.7914,0.7,0.7466,0.7805,0.6996,"/sp/ medial cluster, final /l/ - the other V4 test",,0.9749
bank,institutions,bank,V1,delete,ba,bank,1,1,1.0,4,2,0.5,0,2,0,12,hi|sw|id|tr|ru|es|fi|ha|ta|is|hu|cs,0.4185,0.3276,0.3793,0.4316,0.2708,0.8414,0.8414,"final /nk/ cluster coda: legal nasal + illegal stop, the cleanest deletion test",,0.4974
bank,institutions,bank,V1,epenthesize,baniki,bank,1,3,3.0,4,6,1.5,2,0,0,12,hi|sw|id|tr|ru|es|fi|ha|ta|is|hu|cs,0.7562,0.6379,0.7998,0.7417,0.7406,0.8414,0.8414,"final /nk/ cluster coda: legal nasal + illegal stop, the cleanest deletion test",,0.8987
bank,institutions,bank,V2,delete,ban,bank,1,1,1.0,4,3,0.75,0,1,0,12,hi|sw|id|tr|ru|es|fi|ha|ta|is|hu|cs,0.6275,0.4943,0.5598,0.6501,0.542,0.8414,0.8414,"final /nk/ cluster coda: legal nasal + illegal stop, the cleanest deletion test",,0.7458
bank,institutions,bank,V2,epenthesize,banki,bank,1,2,2.0,4,5,1.25,1,0,0,12,hi|sw|id|tr|ru|es|fi|ha|ta|is|hu|cs,0.8957,0.7655,0.9598,0.8743,0.8549,0.8414,0.8414,"final /nk/ cluster coda: legal nasal + illegal stop, the cleanest deletion test",,1.0645
bank,institutions,bank,V3,delete,ban,bank,1,1,1.0,4,3,0.75,0,1,0,12,hi|sw|id|tr|ru|es|fi|ha|ta|is|hu|cs,0.6275,0.4943,0.5598,0.6501,0.542,0.8414,0.8414,"final /nk/ cluster coda: legal nasal + illegal stop, the cleanest deletion test",,0.7458
bank,institutions,bank,V3,epenthesize,banki,bank,1,2,2.0,4,5,1.25,1,0,0,12,hi|sw|id|tr|ru|es|fi|ha|ta|is|hu|cs,0.8957,0.7655,0.9598,0.8743,0.8549,0.8414,0.8414,"final /nk/ cluster coda: legal nasal + illegal stop, the cleanest deletion test",,1.0645
bank,institutions,bank,V4,delete,ban,bank,1,1,1.0,4,3,0.75,0,1,0,12,hi|sw|id|tr|ru|es|fi|ha|ta|is|hu|cs,0.6275,0.4943,0.5598,0.6501,0.542,0.8414,0.8414,"final /nk/ cluster coda: legal nasal + illegal stop, the cleanest deletion test",,0.7458
bank,institutions,bank,V4,epenthesize,banki,bank,1,2,2.0,4,5,1.25,1,0,0,12,hi|sw|id|tr|ru|es|fi|ha|ta|is|hu|cs,0.8957,0.7655,0.9598,0.8743,0.8549,0.8414,0.8414,"final /nk/ cluster coda: legal nasal + illegal stop, the cleanest deletion test",,1.0645
bank,institutions,bank,V5,delete,banik,bank,1,2,2.0,4,5,1.25,1,0,0,12,hi|sw|id|tr|ru|es|fi|ha|ta|is|hu|cs,0.6571,0.5069,0.5598,0.6896,0.6774,0.8414,0.8414,"final /nk/ cluster coda: legal nasal + illegal stop, the cleanest deletion test",,0.781
bank,institutions,bank,V5,epenthesize,banki,bank,1,2,2.0,4,5,1.25,1,0,0,12,hi|sw|id|tr|ru|es|fi|ha|ta|is|hu|cs,0.8957,0.7655,0.9598,0.8743,0.8549,0.8414,0.8414,"final /nk/ cluster coda: legal nasal + illegal stop, the cleanest deletion test",,1.0645
bank,institutions,bank,V3C,delete,ban,bank,1,1,1.0,4,3,0.75,0,1,0,12,hi|sw|id|tr|ru|es|fi|ha|ta|is|hu|cs,0.6275,0.4943,0.5598,0.6501,0.542,0.8414,0.8414,"final /nk/ cluster coda: legal nasal + illegal stop, the cleanest deletion test",,0.7458
bank,institutions,bank,V3C,epenthesize,banki,bank,1,2,2.0,4,5,1.25,1,0,0,12,hi|sw|id|tr|ru|es|fi|ha|ta|is|hu|cs,0.8957,0.7655,0.9598,0.8743,0.8549,0.8414,0.8414,"final /nk/ cluster coda: legal nasal + illegal stop, the cleanest deletion test",,1.0645
system,institutions,system,V1,delete,sisite,sistem,2,3,1.5,6,6,1.0,1,1,0,7,ja|ko|id|tr|ru|es|cs,0.7223,0.6667,0.7768,0.7005,0.6314,0.9012,0.85,"y as a vowel, /st/ medial cluster, final /m/ - V3's showcase",,0.8015
system,institutions,system,V1,epenthesize,sisitemu,sistem,2,4,2.0,6,8,1.3333,2,0,0,7,ja|ko|id|tr|ru|es|cs,0.822,0.75,0.9116,0.7862,0.8026,0.9012,0.85,"y as a vowel, /st/ medial cluster, final /m/ - V3's showcase",,0.9121
system,institutions,system,V2,delete,sisiten,sistem,2,3,1.5,6,7,1.1667,1,0,0,7,ja|ko|id|tr|ru|es|cs,0.8099,0.6921,0.8899,0.7778,0.74,0.9012,0.85,"y as a vowel, /st/ medial cluster, final /m/ - V3's showcase",,0.8987
system,institutions,system,V2,epenthesize,sisiten,sistem,2,3,1.5,6,7,1.1667,1,0,0,7,ja|ko|id|tr|ru|es|cs,0.8099,0.6921,0.8899,0.7778,0.74,0.9012,0.85,"y as a vowel, /st/ medial cluster, final /m/ - V3's showcase",,0.8987
system,institutions,system,V3,delete,sisitem,sistem,2,3,1.5,6,7,1.1667,1,0,0,7,ja|ko|id|tr|ru|es|cs,0.8316,0.7143,0.9107,0.8,0.8398,0.9012,0.85,"y as a vowel, /st/ medial cluster, final /m/ - V3's showcase",,0.9228
system,institutions,system,V3,epenthesize,sisitem,sistem,2,3,1.5,6,7,1.1667,1,0,0,7,ja|ko|id|tr|ru|es|cs,0.8316,0.7143,0.9107,0.8,0.8398,0.9012,0.85,"y as a vowel, /st/ medial cluster, final /m/ - V3's showcase",,0.9228
system,institutions,system,V4,delete,sisitem,sistem,2,3,1.5,6,7,1.1667,1,0,0,7,ja|ko|id|tr|ru|es|cs,0.8316,0.7143,0.9107,0.8,0.8398,0.9012,0.85,"y as a vowel, /st/ medial cluster, final /m/ - V3's showcase",,0.9228
system,institutions,system,V4,epenthesize,sisitem,sistem,2,3,1.5,6,7,1.1667,1,0,0,7,ja|ko|id|tr|ru|es|cs,0.8316,0.7143,0.9107,0.8,0.8398,0.9012,0.85,"y as a vowel, /st/ medial cluster, final /m/ - V3's showcase",,0.9228
system,institutions,system,V5,delete,sistem,sistem,2,2,1.0,6,6,1.0,0,0,0,7,ja|ko|id|tr|ru|es|cs,0.9012,0.7371,0.7971,0.9429,0.911,0.9012,0.85,"y as a vowel, /st/ medial cluster, final /m/ - V3's showcase",,1.0
system,institutions,system,V5,epenthesize,sistem,sistem,2,2,1.0,6,6,1.0,0,0,0,7,ja|ko|id|tr|ru|es|cs,0.9012,0.7371,0.7971,0.9429,0.911,0.9012,0.85,"y as a vowel, /st/ medial cluster, final /m/ - V3's showcase",,1.0
system,institutions,system,V3C,delete,sisitem,sistem,2,3,1.5,6,7,1.1667,1,0,0,7,ja|ko|id|tr|ru|es|cs,0.8316,0.7143,0.9107,0.8,0.8398,0.9012,0.85,"y as a vowel, /st/ medial cluster, final /m/ - V3's showcase",,0.9228
system,institutions,system,V3C,epenthesize,sisitem,sistem,2,3,1.5,6,7,1.1667,1,0,0,7,ja|ko|id|tr|ru|es|cs,0.8316,0.7143,0.9107,0.8,0.8398,0.9012,0.85,"y as a vowel, /st/ medial cluster, final /m/ - V3's showcase",,0.9228
program,institutions,program,V1,delete,purogira,program,2,4,2.0,7,8,1.1429,2,1,0,0,,,,,,,,,"/pr/ and /gr/ onset clusters in one word, final /m/",,
program,institutions,program,V1,epenthesize,purogiramu,program,2,5,2.5,7,10,1.4286,3,0,0,0,,,,,,,,,"/pr/ and /gr/ onset clusters in one word, final /m/",,
program,institutions,program,V2,delete,purogiran,program,2,4,2.0,7,9,1.2857,2,0,0,0,,,,,,,,,"/pr/ and /gr/ onset clusters in one word, final /m/",,
program,institutions,program,V2,epenthesize,purogiran,program,2,4,2.0,7,9,1.2857,2,0,0,0,,,,,,,,,"/pr/ and /gr/ onset clusters in one word, final /m/",,
program,institutions,program,V3,delete,purogiram,program,2,4,2.0,7,9,1.2857,2,0,0,0,,,,,,,,,"/pr/ and /gr/ onset clusters in one word, final /m/",,
program,institutions,program,V3,epenthesize,purogiram,program,2,4,2.0,7,9,1.2857,2,0,0,0,,,,,,,,,"/pr/ and /gr/ onset clusters in one word, final /m/",,
program,institutions,program,V4,delete,purogiram,program,2,4,2.0,7,9,1.2857,2,0,0,0,,,,,,,,,"/pr/ and /gr/ onset clusters in one word, final /m/",,
program,institutions,program,V4,epenthesize,purogiram,program,2,4,2.0,7,9,1.2857,2,0,0,0,,,,,,,,,"/pr/ and /gr/ onset clusters in one word, final /m/",,
program,institutions,program,V5,delete,purogram,program,2,3,1.5,7,8,1.1429,1,0,0,0,,,,,,,,,"/pr/ and /gr/ onset clusters in one word, final /m/",,
program,institutions,program,V5,epenthesize,purogram,program,2,3,1.5,7,8,1.1429,1,0,0,0,,,,,,,,,"/pr/ and /gr/ onset clusters in one word, final /m/",,
program,institutions,program,V3C,delete,program,program,2,2,1.0,7,7,1.0,0,0,0,0,,,,,,,,,"/pr/ and /gr/ onset clusters in one word, final /m/",,
program,institutions,program,V3C,epenthesize,program,program,2,2,1.0,7,7,1.0,0,0,0,0,,,,,,,,,"/pr/ and /gr/ onset clusters in one word, final /m/",,
coffee,wanderwort,cafe,V1,delete,kafe,kafe,2,2,1.0,4,4,1.0,0,0,1,14,ja|ko|hi|sw|id|tr|ru|es|fi|vi|ta|is|hu|cs,0.8691,0.5575,0.8101,0.9019,0.7349,0.8691,0.7992,the archetypal Wanderwort; tests whether the ruleset handles non-classical shapes,"shared shape kaf-/kahv-, not English 'coffee'",1.0
coffee,wanderwort,cafe,V1,epenthesize,kafe,kafe,2,2,1.0,4,4,1.0,0,0,1,14,ja|ko|hi|sw|id|tr|ru|es|fi|vi|ta|is|hu|cs,0.8691,0.5575,0.8101,0.9019,0.7349,0.8691,0.7992,the archetypal Wanderwort; tests whether the ruleset handles non-classical shapes,"shared shape kaf-/kahv-, not English 'coffee'",1.0
coffee,wanderwort,cafe,V2,delete,kafe,kafe,2,2,1.0,4,4,1.0,0,0,1,14,ja|ko|hi|sw|id|tr|ru|es|fi|vi|ta|is|hu|cs,0.8691,0.5575,0.8101,0.9019,0.7349,0.8691,0.7992,the archetypal Wanderwort; tests whether the ruleset handles non-classical shapes,"shared shape kaf-/kahv-, not English 'coffee'",1.0
coffee,wanderwort,cafe,V2,epenthesize,kafe,kafe,2,2,1.0,4,4,1.0,0,0,1,14,ja|ko|hi|sw|id|tr|ru|es|fi|vi|ta|is|hu|cs,0.8691,0.5575,0.8101,0.9019,0.7349,0.8691,0.7992,the archetypal Wanderwort; tests whether the ruleset handles non-classical shapes,"shared shape kaf-/kahv-, not English 'coffee'",1.0
coffee,wanderwort,cafe,V3,delete,kafe,kafe,2,2,1.0,4,4,1.0,0,0,1,14,ja|ko|hi|sw|id|tr|ru|es|fi|vi|ta|is|hu|cs,0.8691,0.5575,0.8101,0.9019,0.7349,0.8691,0.7992,the archetypal Wanderwort; tests whether the ruleset handles non-classical shapes,"shared shape kaf-/kahv-, not English 'coffee'",1.0
coffee,wanderwort,cafe,V3,epenthesize,kafe,kafe,2,2,1.0,4,4,1.0,0,0,1,14,ja|ko|hi|sw|id|tr|ru|es|fi|vi|ta|is|hu|cs,0.8691,0.5575,0.8101,0.9019,0.7349,0.8691,0.7992,the archetypal Wanderwort; tests whether the ruleset handles non-classical shapes,"shared shape kaf-/kahv-, not English 'coffee'",1.0
coffee,wanderwort,cafe,V4,delete,kafe,kafe,2,2,1.0,4,4,1.0,0,0,1,14,ja|ko|hi|sw|id|tr|ru|es|fi|vi|ta|is|hu|cs,0.8691,0.5575,0.8101,0.9019,0.7349,0.8691,0.7992,the archetypal Wanderwort; tests whether the ruleset handles non-classical shapes,"shared shape kaf-/kahv-, not English 'coffee'",1.0
coffee,wanderwort,cafe,V4,epenthesize,kafe,kafe,2,2,1.0,4,4,1.0,0,0,1,14,ja|ko|hi|sw|id|tr|ru|es|fi|vi|ta|is|hu|cs,0.8691,0.5575,0.8101,0.9019,0.7349,0.8691,0.7992,the archetypal Wanderwort; tests whether the ruleset handles non-classical shapes,"shared shape kaf-/kahv-, not English 'coffee'",1.0
coffee,wanderwort,cafe,V5,delete,kafe,kafe,2,2,1.0,4,4,1.0,0,0,1,14,ja|ko|hi|sw|id|tr|ru|es|fi|vi|ta|is|hu|cs,0.8691,0.5575,0.8101,0.9019,0.7349,0.8691,0.7992,the archetypal Wanderwort; tests whether the ruleset handles non-classical shapes,"shared shape kaf-/kahv-, not English 'coffee'",1.0
coffee,wanderwort,cafe,V5,epenthesize,kafe,kafe,2,2,1.0,4,4,1.0,0,0,1,14,ja|ko|hi|sw|id|tr|ru|es|fi|vi|ta|is|hu|cs,0.8691,0.5575,0.8101,0.9019,0.7349,0.8691,0.7992,the archetypal Wanderwort; tests whether the ruleset handles non-classical shapes,"shared shape kaf-/kahv-, not English 'coffee'",1.0
coffee,wanderwort,cafe,V3C,delete,kafe,kafe,2,2,1.0,4,4,1.0,0,0,1,14,ja|ko|hi|sw|id|tr|ru|es|fi|vi|ta|is|hu|cs,0.8691,0.5575,0.8101,0.9019,0.7349,0.8691,0.7992,the archetypal Wanderwort; tests whether the ruleset handles non-classical shapes,"shared shape kaf-/kahv-, not English 'coffee'",1.0
coffee,wanderwort,cafe,V3C,epenthesize,kafe,kafe,2,2,1.0,4,4,1.0,0,0,1,14,ja|ko|hi|sw|id|tr|ru|es|fi|vi|ta|is|hu|cs,0.8691,0.5575,0.8101,0.9019,0.7349,0.8691,0.7992,the archetypal Wanderwort; tests whether the ruleset handles non-classical shapes,"shared shape kaf-/kahv-, not English 'coffee'",1.0
tea,wanderwort,te,V1,delete,te,te,1,1,1.0,2,2,1.0,0,0,0,6,id|es|fi|vi|is|hu,0.8161,0.6667,0.8966,0.8,0.7553,0.8161,0.741,"two-phoneme word, two rival Wanderwort shapes (te vs chai) - a control on shortness",te-family; the cha/chai family is the rival,1.0
tea,wanderwort,te,V1,epenthesize,te,te,1,1,1.0,2,2,1.0,0,0,0,6,id|es|fi|vi|is|hu,0.8161,0.6667,0.8966,0.8,0.7553,0.8161,0.741,"two-phoneme word, two rival Wanderwort shapes (te vs chai) - a control on shortness",te-family; the cha/chai family is the rival,1.0
tea,wanderwort,te,V2,delete,te,te,1,1,1.0,2,2,1.0,0,0,0,6,id|es|fi|vi|is|hu,0.8161,0.6667,0.8966,0.8,0.7553,0.8161,0.741,"two-phoneme word, two rival Wanderwort shapes (te vs chai) - a control on shortness",te-family; the cha/chai family is the rival,1.0
tea,wanderwort,te,V2,epenthesize,te,te,1,1,1.0,2,2,1.0,0,0,0,6,id|es|fi|vi|is|hu,0.8161,0.6667,0.8966,0.8,0.7553,0.8161,0.741,"two-phoneme word, two rival Wanderwort shapes (te vs chai) - a control on shortness",te-family; the cha/chai family is the rival,1.0
tea,wanderwort,te,V3,delete,te,te,1,1,1.0,2,2,1.0,0,0,0,6,id|es|fi|vi|is|hu,0.8161,0.6667,0.8966,0.8,0.7553,0.8161,0.741,"two-phoneme word, two rival Wanderwort shapes (te vs chai) - a control on shortness",te-family; the cha/chai family is the rival,1.0
tea,wanderwort,te,V3,epenthesize,te,te,1,1,1.0,2,2,1.0,0,0,0,6,id|es|fi|vi|is|hu,0.8161,0.6667,0.8966,0.8,0.7553,0.8161,0.741,"two-phoneme word, two rival Wanderwort shapes (te vs chai) - a control on shortness",te-family; the cha/chai family is the rival,1.0
tea,wanderwort,te,V4,delete,te,te,1,1,1.0,2,2,1.0,0,0,0,6,id|es|fi|vi|is|hu,0.8161,0.6667,0.8966,0.8,0.7553,0.8161,0.741,"two-phoneme word, two rival Wanderwort shapes (te vs chai) - a control on shortness",te-family; the cha/chai family is the rival,1.0
tea,wanderwort,te,V4,epenthesize,te,te,1,1,1.0,2,2,1.0,0,0,0,6,id|es|fi|vi|is|hu,0.8161,0.6667,0.8966,0.8,0.7553,0.8161,0.741,"two-phoneme word, two rival Wanderwort shapes (te vs chai) - a control on shortness",te-family; the cha/chai family is the rival,1.0
tea,wanderwort,te,V5,delete,te,te,1,1,1.0,2,2,1.0,0,0,0,6,id|es|fi|vi|is|hu,0.8161,0.6667,0.8966,0.8,0.7553,0.8161,0.741,"two-phoneme word, two rival Wanderwort shapes (te vs chai) - a control on shortness",te-family; the cha/chai family is the rival,1.0
tea,wanderwort,te,V5,epenthesize,te,te,1,1,1.0,2,2,1.0,0,0,0,6,id|es|fi|vi|is|hu,0.8161,0.6667,0.8966,0.8,0.7553,0.8161,0.741,"two-phoneme word, two rival Wanderwort shapes (te vs chai) - a control on shortness",te-family; the cha/chai family is the rival,1.0
tea,wanderwort,te,V3C,delete,te,te,1,1,1.0,2,2,1.0,0,0,0,6,id|es|fi|vi|is|hu,0.8161,0.6667,0.8966,0.8,0.7553,0.8161,0.741,"two-phoneme word, two rival Wanderwort shapes (te vs chai) - a control on shortness",te-family; the cha/chai family is the rival,1.0
tea,wanderwort,te,V3C,epenthesize,te,te,1,1,1.0,2,2,1.0,0,0,0,6,id|es|fi|vi|is|hu,0.8161,0.6667,0.8966,0.8,0.7553,0.8161,0.741,"two-phoneme word, two rival Wanderwort shapes (te vs chai) - a control on shortness",te-family; the cha/chai family is the rival,1.0
chocolate,wanderwort,chocolate,V1,delete,kokolate,kokolate,4,4,1.0,8,8,1.0,0,0,2,14,ja|ko|hi|sw|id|tr|ru|es|fi|vi|ta|is|hu|cs,0.7481,0.6111,0.6987,0.7756,0.5961,0.829,0.7421,"Nahuatl via Spanish; ch is /sh~ch/ here, so the ch->k rule is at its worst",,0.9024
chocolate,wanderwort,chocolate,V1,epenthesize,kokolate,kokolate,4,4,1.0,8,8,1.0,0,0,2,14,ja|ko|hi|sw|id|tr|ru|es|fi|vi|ta|is|hu|cs,0.7481,0.6111,0.6987,0.7756,0.5961,0.829,0.7421,"Nahuatl via Spanish; ch is /sh~ch/ here, so the ch->k rule is at its worst",,0.9024
chocolate,wanderwort,chocolate,V2,delete,kokolate,kokolate,4,4,1.0,8,8,1.0,0,0,2,14,ja|ko|hi|sw|id|tr|ru|es|fi|vi|ta|is|hu|cs,0.7481,0.6111,0.6987,0.7756,0.5961,0.829,0.7421,"Nahuatl via Spanish; ch is /sh~ch/ here, so the ch->k rule is at its worst",,0.9024
chocolate,wanderwort,chocolate,V2,epenthesize,kokolate,kokolate,4,4,1.0,8,8,1.0,0,0,2,14,ja|ko|hi|sw|id|tr|ru|es|fi|vi|ta|is|hu|cs,0.7481,0.6111,0.6987,0.7756,0.5961,0.829,0.7421,"Nahuatl via Spanish; ch is /sh~ch/ here, so the ch->k rule is at its worst",,0.9024
chocolate,wanderwort,chocolate,V3,delete,kokolate,kokolate,4,4,1.0,8,8,1.0,0,0,2,14,ja|ko|hi|sw|id|tr|ru|es|fi|vi|ta|is|hu|cs,0.7481,0.6111,0.6987,0.7756,0.5961,0.829,0.7421,"Nahuatl via Spanish; ch is /sh~ch/ here, so the ch->k rule is at its worst",,0.9024
chocolate,wanderwort,chocolate,V3,epenthesize,kokolate,kokolate,4,4,1.0,8,8,1.0,0,0,2,14,ja|ko|hi|sw|id|tr|ru|es|fi|vi|ta|is|hu|cs,0.7481,0.6111,0.6987,0.7756,0.5961,0.829,0.7421,"Nahuatl via Spanish; ch is /sh~ch/ here, so the ch->k rule is at its worst",,0.9024
chocolate,wanderwort,chocolate,V4,delete,kokolate,kokolate,4,4,1.0,8,8,1.0,0,0,2,14,ja|ko|hi|sw|id|tr|ru|es|fi|vi|ta|is|hu|cs,0.7481,0.6111,0.6987,0.7756,0.5961,0.829,0.7421,"Nahuatl via Spanish; ch is /sh~ch/ here, so the ch->k rule is at its worst",,0.9024
chocolate,wanderwort,chocolate,V4,epenthesize,kokolate,kokolate,4,4,1.0,8,8,1.0,0,0,2,14,ja|ko|hi|sw|id|tr|ru|es|fi|vi|ta|is|hu|cs,0.7481,0.6111,0.6987,0.7756,0.5961,0.829,0.7421,"Nahuatl via Spanish; ch is /sh~ch/ here, so the ch->k rule is at its worst",,0.9024
chocolate,wanderwort,chocolate,V5,delete,kokolate,kokolate,4,4,1.0,8,8,1.0,0,0,2,14,ja|ko|hi|sw|id|tr|ru|es|fi|vi|ta|is|hu|cs,0.7481,0.6111,0.6987,0.7756,0.5961,0.829,0.7421,"Nahuatl via Spanish; ch is /sh~ch/ here, so the ch->k rule is at its worst",,0.9024
chocolate,wanderwort,chocolate,V5,epenthesize,kokolate,kokolate,4,4,1.0,8,8,1.0,0,0,2,14,ja|ko|hi|sw|id|tr|ru|es|fi|vi|ta|is|hu|cs,0.7481,0.6111,0.6987,0.7756,0.5961,0.829,0.7421,"Nahuatl via Spanish; ch is /sh~ch/ here, so the ch->k rule is at its worst",,0.9024
chocolate,wanderwort,chocolate,V3C,delete,kokolate,kokolate,4,4,1.0,8,8,1.0,0,0,2,14,ja|ko|hi|sw|id|tr|ru|es|fi|vi|ta|is|hu|cs,0.7481,0.6111,0.6987,0.7756,0.5961,0.829,0.7421,"Nahuatl via Spanish; ch is /sh~ch/ here, so the ch->k rule is at its worst",,0.9024
chocolate,wanderwort,chocolate,V3C,epenthesize,kokolate,kokolate,4,4,1.0,8,8,1.0,0,0,2,14,ja|ko|hi|sw|id|tr|ru|es|fi|vi|ta|is|hu|cs,0.7481,0.6111,0.6987,0.7756,0.5961,0.829,0.7421,"Nahuatl via Spanish; ch is /sh~ch/ here, so the ch->k rule is at its worst",,0.9024
sugar,wanderwort,sukar,V1,delete,suka,sukar,2,2,1.0,5,4,0.8,0,1,0,10,hi|sw|tr|ru|es|fi|ha|is|hu|cs,0.6438,0.5172,0.6667,0.6381,0.4411,0.7963,0.6849,"Sanskrit->Arabic->Europe; travelled in many shapes, tests intl-form selection","modern shared shape sukar/sukkar/sakar, not Latin saccharum",0.8085
sugar,wanderwort,sukar,V1,epenthesize,sukari,sukar,2,3,1.5,5,6,1.2,1,0,0,10,hi|sw|tr|ru|es|fi|ha|is|hu|cs,0.7666,0.5,1.0,0.7082,0.6588,0.7963,0.6849,"Sanskrit->Arabic->Europe; travelled in many shapes, tests intl-form selection","modern shared shape sukar/sukkar/sakar, not Latin saccharum",0.9627
sugar,wanderwort,sukar,V2,delete,suka,sukar,2,2,1.0,5,4,0.8,0,1,0,10,hi|sw|tr|ru|es|fi|ha|is|hu|cs,0.6438,0.5172,0.6667,0.6381,0.4411,0.7963,0.6849,"Sanskrit->Arabic->Europe; travelled in many shapes, tests intl-form selection","modern shared shape sukar/sukkar/sakar, not Latin saccharum",0.8085
sugar,wanderwort,sukar,V2,epenthesize,sukari,sukar,2,3,1.5,5,6,1.2,1,0,0,10,hi|sw|tr|ru|es|fi|ha|is|hu|cs,0.7666,0.5,1.0,0.7082,0.6588,0.7963,0.6849,"Sanskrit->Arabic->Europe; travelled in many shapes, tests intl-form selection","modern shared shape sukar/sukkar/sakar, not Latin saccharum",0.9627
sugar,wanderwort,sukar,V3,delete,suka,sukar,2,2,1.0,5,4,0.8,0,1,0,10,hi|sw|tr|ru|es|fi|ha|is|hu|cs,0.6438,0.5172,0.6667,0.6381,0.4411,0.7963,0.6849,"Sanskrit->Arabic->Europe; travelled in many shapes, tests intl-form selection","modern shared shape sukar/sukkar/sakar, not Latin saccharum",0.8085
sugar,wanderwort,sukar,V3,epenthesize,sukari,sukar,2,3,1.5,5,6,1.2,1,0,0,10,hi|sw|tr|ru|es|fi|ha|is|hu|cs,0.7666,0.5,1.0,0.7082,0.6588,0.7963,0.6849,"Sanskrit->Arabic->Europe; travelled in many shapes, tests intl-form selection","modern shared shape sukar/sukkar/sakar, not Latin saccharum",0.9627
sugar,wanderwort,sukar,V4,delete,sukar,sukar,2,2,1.0,5,5,1.0,0,0,0,10,hi|sw|tr|ru|es|fi|ha|is|hu|cs,0.7963,0.6,0.8333,0.787,0.675,0.7963,0.6849,"Sanskrit->Arabic->Europe; travelled in many shapes, tests intl-form selection","modern shared shape sukar/sukkar/sakar, not Latin saccharum",1.0
sugar,wanderwort,sukar,V4,epenthesize,sukar,sukar,2,2,1.0,5,5,1.0,0,0,0,10,hi|sw|tr|ru|es|fi|ha|is|hu|cs,0.7963,0.6,0.8333,0.787,0.675,0.7963,0.6849,"Sanskrit->Arabic->Europe; travelled in many shapes, tests intl-form selection","modern shared shape sukar/sukkar/sakar, not Latin saccharum",1.0
sugar,wanderwort,sukar,V5,delete,sukar,sukar,2,2,1.0,5,5,1.0,0,0,0,10,hi|sw|tr|ru|es|fi|ha|is|hu|cs,0.7963,0.6,0.8333,0.787,0.675,0.7963,0.6849,"Sanskrit->Arabic->Europe; travelled in many shapes, tests intl-form selection","modern shared shape sukar/sukkar/sakar, not Latin saccharum",1.0
sugar,wanderwort,sukar,V5,epenthesize,sukar,sukar,2,2,1.0,5,5,1.0,0,0,0,10,hi|sw|tr|ru|es|fi|ha|is|hu|cs,0.7963,0.6,0.8333,0.787,0.675,0.7963,0.6849,"Sanskrit->Arabic->Europe; travelled in many shapes, tests intl-form selection","modern shared shape sukar/sukkar/sakar, not Latin saccharum",1.0
sugar,wanderwort,sukar,V3C,delete,suka,sukar,2,2,1.0,5,4,0.8,0,1,0,10,hi|sw|tr|ru|es|fi|ha|is|hu|cs,0.6438,0.5172,0.6667,0.6381,0.4411,0.7963,0.6849,"Sanskrit->Arabic->Europe; travelled in many shapes, tests intl-form selection","modern shared shape sukar/sukkar/sakar, not Latin saccharum",0.8085
sugar,wanderwort,sukar,V3C,epenthesize,sukari,sukar,2,3,1.5,5,6,1.2,1,0,0,10,hi|sw|tr|ru|es|fi|ha|is|hu|cs,0.7666,0.5,1.0,0.7082,0.6588,0.7963,0.6849,"Sanskrit->Arabic->Europe; travelled in many shapes, tests intl-form selection","modern shared shape sukar/sukkar/sakar, not Latin saccharum",0.9627
banana,wanderwort,banana,V1,delete,banana,banana,3,3,1.0,6,6,1.0,0,0,0,8,ja|ko|id|ru|es|is|hu|cs,0.889,0.6523,0.9971,0.853,0.8394,0.889,0.8509,West African origin; already fully legal under V1 - the floor case,,1.0
banana,wanderwort,banana,V1,epenthesize,banana,banana,3,3,1.0,6,6,1.0,0,0,0,8,ja|ko|id|ru|es|is|hu|cs,0.889,0.6523,0.9971,0.853,0.8394,0.889,0.8509,West African origin; already fully legal under V1 - the floor case,,1.0
banana,wanderwort,banana,V2,delete,banana,banana,3,3,1.0,6,6,1.0,0,0,0,8,ja|ko|id|ru|es|is|hu|cs,0.889,0.6523,0.9971,0.853,0.8394,0.889,0.8509,West African origin; already fully legal under V1 - the floor case,,1.0
banana,wanderwort,banana,V2,epenthesize,banana,banana,3,3,1.0,6,6,1.0,0,0,0,8,ja|ko|id|ru|es|is|hu|cs,0.889,0.6523,0.9971,0.853,0.8394,0.889,0.8509,West African origin; already fully legal under V1 - the floor case,,1.0
banana,wanderwort,banana,V3,delete,banana,banana,3,3,1.0,6,6,1.0,0,0,0,8,ja|ko|id|ru|es|is|hu|cs,0.889,0.6523,0.9971,0.853,0.8394,0.889,0.8509,West African origin; already fully legal under V1 - the floor case,,1.0
banana,wanderwort,banana,V3,epenthesize,banana,banana,3,3,1.0,6,6,1.0,0,0,0,8,ja|ko|id|ru|es|is|hu|cs,0.889,0.6523,0.9971,0.853,0.8394,0.889,0.8509,West African origin; already fully legal under V1 - the floor case,,1.0
banana,wanderwort,banana,V4,delete,banana,banana,3,3,1.0,6,6,1.0,0,0,0,8,ja|ko|id|ru|es|is|hu|cs,0.889,0.6523,0.9971,0.853,0.8394,0.889,0.8509,West African origin; already fully legal under V1 - the floor case,,1.0
banana,wanderwort,banana,V4,epenthesize,banana,banana,3,3,1.0,6,6,1.0,0,0,0,8,ja|ko|id|ru|es|is|hu|cs,0.889,0.6523,0.9971,0.853,0.8394,0.889,0.8509,West African origin; already fully legal under V1 - the floor case,,1.0
banana,wanderwort,banana,V5,delete,banana,banana,3,3,1.0,6,6,1.0,0,0,0,8,ja|ko|id|ru|es|is|hu|cs,0.889,0.6523,0.9971,0.853,0.8394,0.889,0.8509,West African origin; already fully legal under V1 - the floor case,,1.0
banana,wanderwort,banana,V5,epenthesize,banana,banana,3,3,1.0,6,6,1.0,0,0,0,8,ja|ko|id|ru|es|is|hu|cs,0.889,0.6523,0.9971,0.853,0.8394,0.889,0.8509,West African origin; already fully legal under V1 - the floor case,,1.0
banana,wanderwort,banana,V3C,delete,banana,banana,3,3,1.0,6,6,1.0,0,0,0,8,ja|ko|id|ru|es|is|hu|cs,0.889,0.6523,0.9971,0.853,0.8394,0.889,0.8509,West African origin; already fully legal under V1 - the floor case,,1.0
banana,wanderwort,banana,V3C,epenthesize,banana,banana,3,3,1.0,6,6,1.0,0,0,0,8,ja|ko|id|ru|es|is|hu|cs,0.889,0.6523,0.9971,0.853,0.8394,0.889,0.8509,West African origin; already fully legal under V1 - the floor case,,1.0
taxi,wanderwort,taxi,V1,delete,takisi,taksi,2,3,1.5,5,6,1.2,1,0,0,12,ja|ko|hi|sw|id|tr|ru|es|fi|vi|hu|cs,0.8218,0.6667,0.8089,0.8283,0.8157,0.9594,0.922,x -> ks medially; short and near-universal,,0.8566
taxi,wanderwort,taxi,V1,epenthesize,takisi,taksi,2,3,1.5,5,6,1.2,1,0,0,12,ja|ko|hi|sw|id|tr|ru|es|fi|vi|hu|cs,0.8218,0.6667,0.8089,0.8283,0.8157,0.9594,0.922,x -> ks medially; short and near-universal,,0.8566
taxi,wanderwort,taxi,V2,delete,takisi,taksi,2,3,1.5,5,6,1.2,1,0,0,12,ja|ko|hi|sw|id|tr|ru|es|fi|vi|hu|cs,0.8218,0.6667,0.8089,0.8283,0.8157,0.9594,0.922,x -> ks medially; short and near-universal,,0.8566
taxi,wanderwort,taxi,V2,epenthesize,takisi,taksi,2,3,1.5,5,6,1.2,1,0,0,12,ja|ko|hi|sw|id|tr|ru|es|fi|vi|hu|cs,0.8218,0.6667,0.8089,0.8283,0.8157,0.9594,0.922,x -> ks medially; short and near-universal,,0.8566
taxi,wanderwort,taxi,V3,delete,takisi,taksi,2,3,1.5,5,6,1.2,1,0,0,12,ja|ko|hi|sw|id|tr|ru|es|fi|vi|hu|cs,0.8218,0.6667,0.8089,0.8283,0.8157,0.9594,0.922,x -> ks medially; short and near-universal,,0.8566
taxi,wanderwort,taxi,V3,epenthesize,takisi,taksi,2,3,1.5,5,6,1.2,1,0,0,12,ja|ko|hi|sw|id|tr|ru|es|fi|vi|hu|cs,0.8218,0.6667,0.8089,0.8283,0.8157,0.9594,0.922,x -> ks medially; short and near-universal,,0.8566
taxi,wanderwort,taxi,V4,delete,takisi,taksi,2,3,1.5,5,6,1.2,1,0,0,12,ja|ko|hi|sw|id|tr|ru|es|fi|vi|hu|cs,0.8218,0.6667,0.8089,0.8283,0.8157,0.9594,0.922,x -> ks medially; short and near-universal,,0.8566
taxi,wanderwort,taxi,V4,epenthesize,takisi,taksi,2,3,1.5,5,6,1.2,1,0,0,12,ja|ko|hi|sw|id|tr|ru|es|fi|vi|hu|cs,0.8218,0.6667,0.8089,0.8283,0.8157,0.9594,0.922,x -> ks medially; short and near-universal,,0.8566
taxi,wanderwort,taxi,V5,delete,taksi,taksi,2,2,1.0,5,5,1.0,0,0,0,12,ja|ko|hi|sw|id|tr|ru|es|fi|vi|hu|cs,0.9594,0.8,0.8902,0.994,0.9316,0.9594,0.922,x -> ks medially; short and near-universal,,1.0
taxi,wanderwort,taxi,V5,epenthesize,taksi,taksi,2,2,1.0,5,5,1.0,0,0,0,12,ja|ko|hi|sw|id|tr|ru|es|fi|vi|hu|cs,0.9594,0.8,0.8902,0.994,0.9316,0.9594,0.922,x -> ks medially; short and near-universal,,1.0
taxi,wanderwort,taxi,V3C,delete,takisi,taksi,2,3,1.5,5,6,1.2,1,0,0,12,ja|ko|hi|sw|id|tr|ru|es|fi|vi|hu|cs,0.8218,0.6667,0.8089,0.8283,0.8157,0.9594,0.922,x -> ks medially; short and near-universal,,0.8566
taxi,wanderwort,taxi,V3C,epenthesize,takisi,taksi,2,3,1.5,5,6,1.2,1,0,0,12,ja|ko|hi|sw|id|tr|ru|es|fi|vi|hu|cs,0.8218,0.6667,0.8089,0.8283,0.8157,0.9594,0.922,x -> ks medially; short and near-universal,,0.8566
hotel,wanderwort,hotel,V1,delete,hote,hotel,2,2,1.0,5,4,0.8,0,1,0,10,ja|ko|hi|sw|id|tr|es|fi|is|cs,0.6863,0.5,0.7111,0.6757,0.5905,0.8911,0.817,"final /l/, initial /h/ (silent in several donors) - a second V4 liquid test",,0.7702
hotel,wanderwort,hotel,V1,epenthesize,hoteli,hotel,2,3,1.5,5,6,1.2,1,0,0,10,ja|ko|hi|sw|id|tr|es|fi|is|cs,0.8259,0.6667,0.9234,0.7842,0.811,0.8911,0.817,"final /l/, initial /h/ (silent in several donors) - a second V4 liquid test",,0.9268
hotel,wanderwort,hotel,V2,delete,hote,hotel,2,2,1.0,5,4,0.8,0,1,0,10,ja|ko|hi|sw|id|tr|es|fi|is|cs,0.6863,0.5,0.7111,0.6757,0.5905,0.8911,0.817,"final /l/, initial /h/ (silent in several donors) - a second V4 liquid test",,0.7702
hotel,wanderwort,hotel,V2,epenthesize,hoteli,hotel,2,3,1.5,5,6,1.2,1,0,0,10,ja|ko|hi|sw|id|tr|es|fi|is|cs,0.8259,0.6667,0.9234,0.7842,0.811,0.8911,0.817,"final /l/, initial /h/ (silent in several donors) - a second V4 liquid test",,0.9268
hotel,wanderwort,hotel,V3,delete,hote,hotel,2,2,1.0,5,4,0.8,0,1,0,10,ja|ko|hi|sw|id|tr|es|fi|is|cs,0.6863,0.5,0.7111,0.6757,0.5905,0.8911,0.817,"final /l/, initial /h/ (silent in several donors) - a second V4 liquid test",,0.7702
hotel,wanderwort,hotel,V3,epenthesize,hoteli,hotel,2,3,1.5,5,6,1.2,1,0,0,10,ja|ko|hi|sw|id|tr|es|fi|is|cs,0.8259,0.6667,0.9234,0.7842,0.811,0.8911,0.817,"final /l/, initial /h/ (silent in several donors) - a second V4 liquid test",,0.9268
hotel,wanderwort,hotel,V4,delete,hotel,hotel,2,2,1.0,5,5,1.0,0,0,0,10,ja|ko|hi|sw|id|tr|es|fi|is|cs,0.8911,0.7143,0.8793,0.8961,0.8704,0.8911,0.817,"final /l/, initial /h/ (silent in several donors) - a second V4 liquid test",,1.0
hotel,wanderwort,hotel,V4,epenthesize,hotel,hotel,2,2,1.0,5,5,1.0,0,0,0,10,ja|ko|hi|sw|id|tr|es|fi|is|cs,0.8911,0.7143,0.8793,0.8961,0.8704,0.8911,0.817,"final /l/, initial /h/ (silent in several donors) - a second V4 liquid test",,1.0
hotel,wanderwort,hotel,V5,delete,hotel,hotel,2,2,1.0,5,5,1.0,0,0,0,10,ja|ko|hi|sw|id|tr|es|fi|is|cs,0.8911,0.7143,0.8793,0.8961,0.8704,0.8911,0.817,"final /l/, initial /h/ (silent in several donors) - a second V4 liquid test",,1.0
hotel,wanderwort,hotel,V5,epenthesize,hotel,hotel,2,2,1.0,5,5,1.0,0,0,0,10,ja|ko|hi|sw|id|tr|es|fi|is|cs,0.8911,0.7143,0.8793,0.8961,0.8704,0.8911,0.817,"final /l/, initial /h/ (silent in several donors) - a second V4 liquid test",,1.0
hotel,wanderwort,hotel,V3C,delete,hote,hotel,2,2,1.0,5,4,0.8,0,1,0,10,ja|ko|hi|sw|id|tr|es|fi|is|cs,0.6863,0.5,0.7111,0.6757,0.5905,0.8911,0.817,"final /l/, initial /h/ (silent in several donors) - a second V4 liquid test",,0.7702
hotel,wanderwort,hotel,V3C,epenthesize,hoteli,hotel,2,3,1.5,5,6,1.2,1,0,0,10,ja|ko|hi|sw|id|tr|es|fi|is|cs,0.8259,0.6667,0.9234,0.7842,0.811,0.8911,0.817,"final /l/, initial /h/ (silent in several donors) - a second V4 liquid test",,0.9268
tomato,wanderwort,tomate,V1,delete,tomate,tomate,3,3,1.0,6,6,1.0,0,0,0,9,ja|ko|hi|id|tr|ru|fi|ha|is,0.8508,0.7414,0.9272,0.8127,0.7766,0.8508,0.7783,"Nahuatl Wanderwort, fully legal under V1 - second floor case",,1.0
tomato,wanderwort,tomate,V1,epenthesize,tomate,tomate,3,3,1.0,6,6,1.0,0,0,0,9,ja|ko|hi|id|tr|ru|fi|ha|is,0.8508,0.7414,0.9272,0.8127,0.7766,0.8508,0.7783,"Nahuatl Wanderwort, fully legal under V1 - second floor case",,1.0
tomato,wanderwort,tomate,V2,delete,tomate,tomate,3,3,1.0,6,6,1.0,0,0,0,9,ja|ko|hi|id|tr|ru|fi|ha|is,0.8508,0.7414,0.9272,0.8127,0.7766,0.8508,0.7783,"Nahuatl Wanderwort, fully legal under V1 - second floor case",,1.0
tomato,wanderwort,tomate,V2,epenthesize,tomate,tomate,3,3,1.0,6,6,1.0,0,0,0,9,ja|ko|hi|id|tr|ru|fi|ha|is,0.8508,0.7414,0.9272,0.8127,0.7766,0.8508,0.7783,"Nahuatl Wanderwort, fully legal under V1 - second floor case",,1.0
tomato,wanderwort,tomate,V3,delete,tomate,tomate,3,3,1.0,6,6,1.0,0,0,0,9,ja|ko|hi|id|tr|ru|fi|ha|is,0.8508,0.7414,0.9272,0.8127,0.7766,0.8508,0.7783,"Nahuatl Wanderwort, fully legal under V1 - second floor case",,1.0
tomato,wanderwort,tomate,V3,epenthesize,tomate,tomate,3,3,1.0,6,6,1.0,0,0,0,9,ja|ko|hi|id|tr|ru|fi|ha|is,0.8508,0.7414,0.9272,0.8127,0.7766,0.8508,0.7783,"Nahuatl Wanderwort, fully legal under V1 - second floor case",,1.0
tomato,wanderwort,tomate,V4,delete,tomate,tomate,3,3,1.0,6,6,1.0,0,0,0,9,ja|ko|hi|id|tr|ru|fi|ha|is,0.8508,0.7414,0.9272,0.8127,0.7766,0.8508,0.7783,"Nahuatl Wanderwort, fully legal under V1 - second floor case",,1.0
tomato,wanderwort,tomate,V4,epenthesize,tomate,tomate,3,3,1.0,6,6,1.0,0,0,0,9,ja|ko|hi|id|tr|ru|fi|ha|is,0.8508,0.7414,0.9272,0.8127,0.7766,0.8508,0.7783,"Nahuatl Wanderwort, fully legal under V1 - second floor case",,1.0
tomato,wanderwort,tomate,V5,delete,tomate,tomate,3,3,1.0,6,6,1.0,0,0,0,9,ja|ko|hi|id|tr|ru|fi|ha|is,0.8508,0.7414,0.9272,0.8127,0.7766,0.8508,0.7783,"Nahuatl Wanderwort, fully legal under V1 - second floor case",,1.0
tomato,wanderwort,tomate,V5,epenthesize,tomate,tomate,3,3,1.0,6,6,1.0,0,0,0,9,ja|ko|hi|id|tr|ru|fi|ha|is,0.8508,0.7414,0.9272,0.8127,0.7766,0.8508,0.7783,"Nahuatl Wanderwort, fully legal under V1 - second floor case",,1.0
tomato,wanderwort,tomate,V3C,delete,tomate,tomate,3,3,1.0,6,6,1.0,0,0,0,9,ja|ko|hi|id|tr|ru|fi|ha|is,0.8508,0.7414,0.9272,0.8127,0.7766,0.8508,0.7783,"Nahuatl Wanderwort, fully legal under V1 - second floor case",,1.0
tomato,wanderwort,tomate,V3C,epenthesize,tomate,tomate,3,3,1.0,6,6,1.0,0,0,0,9,ja|ko|hi|id|tr|ru|fi|ha|is,0.8508,0.7414,0.9272,0.8127,0.7766,0.8508,0.7783,"Nahuatl Wanderwort, fully legal under V1 - second floor case",,1.0
theory,wanderwort,theoria,V1,delete,teoria,teoria,4,4,1.0,6,6,1.0,0,0,1,6,id|tr|ru|es|fi|cs,0.9168,0.8333,,0.9168,0.8983,0.8888,0.8623,"th again, plus /eo/ hiatus; the abstract-vocabulary counterpart to mathematics",,1.0315
theory,wanderwort,theoria,V1,epenthesize,teoria,teoria,4,4,1.0,6,6,1.0,0,0,1,6,id|tr|ru|es|fi|cs,0.9168,0.8333,,0.9168,0.8983,0.8888,0.8623,"th again, plus /eo/ hiatus; the abstract-vocabulary counterpart to mathematics",,1.0315
theory,wanderwort,theoria,V2,delete,teoria,teoria,4,4,1.0,6,6,1.0,0,0,1,6,id|tr|ru|es|fi|cs,0.9168,0.8333,,0.9168,0.8983,0.8888,0.8623,"th again, plus /eo/ hiatus; the abstract-vocabulary counterpart to mathematics",,1.0315
theory,wanderwort,theoria,V2,epenthesize,teoria,teoria,4,4,1.0,6,6,1.0,0,0,1,6,id|tr|ru|es|fi|cs,0.9168,0.8333,,0.9168,0.8983,0.8888,0.8623,"th again, plus /eo/ hiatus; the abstract-vocabulary counterpart to mathematics",,1.0315
theory,wanderwort,theoria,V3,delete,teoria,teoria,4,4,1.0,6,6,1.0,0,0,1,6,id|tr|ru|es|fi|cs,0.9168,0.8333,,0.9168,0.8983,0.8888,0.8623,"th again, plus /eo/ hiatus; the abstract-vocabulary counterpart to mathematics",,1.0315
theory,wanderwort,theoria,V3,epenthesize,teoria,teoria,4,4,1.0,6,6,1.0,0,0,1,6,id|tr|ru|es|fi|cs,0.9168,0.8333,,0.9168,0.8983,0.8888,0.8623,"th again, plus /eo/ hiatus; the abstract-vocabulary counterpart to mathematics",,1.0315
theory,wanderwort,theoria,V4,delete,teoria,teoria,4,4,1.0,6,6,1.0,0,0,1,6,id|tr|ru|es|fi|cs,0.9168,0.8333,,0.9168,0.8983,0.8888,0.8623,"th again, plus /eo/ hiatus; the abstract-vocabulary counterpart to mathematics",,1.0315
theory,wanderwort,theoria,V4,epenthesize,teoria,teoria,4,4,1.0,6,6,1.0,0,0,1,6,id|tr|ru|es|fi|cs,0.9168,0.8333,,0.9168,0.8983,0.8888,0.8623,"th again, plus /eo/ hiatus; the abstract-vocabulary counterpart to mathematics",,1.0315
theory,wanderwort,theoria,V5,delete,teoria,teoria,4,4,1.0,6,6,1.0,0,0,1,6,id|tr|ru|es|fi|cs,0.9168,0.8333,,0.9168,0.8983,0.8888,0.8623,"th again, plus /eo/ hiatus; the abstract-vocabulary counterpart to mathematics",,1.0315
theory,wanderwort,theoria,V5,epenthesize,teoria,teoria,4,4,1.0,6,6,1.0,0,0,1,6,id|tr|ru|es|fi|cs,0.9168,0.8333,,0.9168,0.8983,0.8888,0.8623,"th again, plus /eo/ hiatus; the abstract-vocabulary counterpart to mathematics",,1.0315
theory,wanderwort,theoria,V3C,delete,teoria,teoria,4,4,1.0,6,6,1.0,0,0,1,6,id|tr|ru|es|fi|cs,0.9168,0.8333,,0.9168,0.8983,0.8888,0.8623,"th again, plus /eo/ hiatus; the abstract-vocabulary counterpart to mathematics",,1.0315
theory,wanderwort,theoria,V3C,epenthesize,teoria,teoria,4,4,1.0,6,6,1.0,0,0,1,6,id|tr|ru|es|fi|cs,0.9168,0.8333,,0.9168,0.8983,0.8888,0.8623,"th again, plus /eo/ hiatus; the abstract-vocabulary counterpart to mathematics",,1.0315
