iso639_3,glottocode,name,l1_speakers,year,source_note
cmn,mand1415,Mandarin Chinese,918000000,2019,wikidata P1098 (first-language qualified)
spa,stan1288,Spanish,485000000,2023,wikidata P1098 (first-language qualified)
eng,stan1293,English,379007140,2019,wikidata P1098 (first-language qualified)
hin,hind1269,Hindi,341000000,2019,wikidata P1098 (first-language qualified)
ben,beng1280,Bengali,300000000,2019,wikidata P1098 (first-language qualified)
por,port1283,Portuguese,254300000,2019,wikidata P1098 (first-language qualified)
rus,russ1263,Russian,154000000,2019,wikidata P1098 (first-language qualified)
jpn,nucl1643,Japanese,128000000,2019,wikidata P1098 (first-language qualified)
pan,panj1256,Eastern Panjabi,125000000,2021,wikidata P1098 (first-language qualified)
fil,fili1244,Filipino,90000000,,"wikidata P1098 (unqualified, assumed L1)"
mar,mara1378,Marathi,83100000,2019,wikidata P1098 (first-language qualified)
tur,nucl1301,Turkish,82231620,2021,wikidata P1098 (first-language qualified)
tel,telu1262,Telugu,82000000,2019,wikidata P1098 (first-language qualified)
wuu,wuch1236,Wu Chinese,81400000,2019,wikidata P1098 (first-language qualified)
kor,kore1280,Korean,77300000,2019,wikidata P1098 (first-language qualified)
fra,stan1290,French,77200000,2019,wikidata P1098 (first-language qualified)
deu,stan1295,German,76540740,2019,wikidata P1098 (first-language qualified)
vie,viet1252,Vietnamese,76000000,2019,wikidata P1098 (first-language qualified)
tam,tami1289,Tamil,75000000,2019,wikidata P1098 (first-language qualified)
yue,yuec1235,Yue Chinese,73100000,2019,wikidata P1098 (first-language qualified)
urd,urdu1245,Urdu,68600000,2019,wikidata P1098 (first-language qualified)
jav,java1254,Javanese,68300000,2019,wikidata P1098 (first-language qualified)
ita,ital1282,Italian,64800000,2019,wikidata P1098 (first-language qualified)
arz,egyp1253,Egyptian Arabic,64600000,2019,wikidata P1098 (first-language qualified)
guj,guja1252,Gujarati,56400000,2019,wikidata P1098 (first-language qualified)
pes,west2369,Western Farsi,52800000,2019,wikidata P1098 (first-language qualified)
bho,bhoj1244,Bhojpuri,52200000,2019,wikidata P1098 (first-language qualified)
nan,,,50100000,2019,wikidata P1098 (first-language qualified)
hak,hakk1236,Hakka Chinese,48200000,2019,wikidata P1098 (first-language qualified)
cjy,jiny1235,Jinyu Chinese,46900000,2019,wikidata P1098 (first-language qualified)
hau,haus1257,Hausa,43900000,2019,wikidata P1098 (first-language qualified)
ind,indo1316,Standard Indonesian,43627550,2010,wikidata P1098 (first-language qualified)
kan,nucl1305,Kannada,43600000,2019,wikidata P1098 (first-language qualified)
arq,alge1239,Algerian Arabic,42252851,2024,wikidata P1098 (first-language qualified)
pol,poli1260,Polish,39700000,2019,wikidata P1098 (first-language qualified)
yor,yoru1245,Yoruba,37800000,2019,wikidata P1098 (first-language qualified)
hsn,xian1251,Xiang Chinese,37300000,2019,wikidata P1098 (first-language qualified)
mal,mala1464,Malayalam,37100000,2019,wikidata P1098 (first-language qualified)
ory,oriy1255,Odia,34500000,2019,wikidata P1098 (first-language qualified)
mai,mait1250,Maithili,33900000,2019,wikidata P1098 (first-language qualified)
mya,nucl1310,Burmese,32900000,2019,wikidata P1098 (first-language qualified)
sun,sund1252,Sundanese,32400000,2019,wikidata P1098 (first-language qualified)
apd,suda1236,Sudanese Arabic,31900000,2019,wikidata P1098 (first-language qualified)
ary,moro1292,Moroccan Arabic,27500000,2019,wikidata P1098 (first-language qualified)
nqo,nkoa1234,N'Ko,27000000,,"wikidata P1098 (unqualified, assumed L1)"
ibo,nucl1417,Igbo,27000000,2019,wikidata P1098 (first-language qualified)
ukr,ukra1253,Ukrainian,26900000,2023,wikidata P1098 (first-language qualified)
uzn,nort2690,Northern Uzbek,25100000,2019,wikidata P1098 (first-language qualified)
apc,nort3139,Levantine Arabic,24600000,2019,wikidata P1098 (first-language qualified)
snd,sind1272,Sindhi,24600000,2019,wikidata P1098 (first-language qualified)
ron,roma1327,Romanian,24300000,2019,wikidata P1098 (first-language qualified)
tgl,taga1270,Tagalog,23600000,2019,wikidata P1098 (first-language qualified)
nld,dutc1256,Dutch,23100000,2019,wikidata P1098 (first-language qualified)
aec,said1239,Saidi Arabic,22400000,2019,wikidata P1098 (first-language qualified)
gan,ganc1239,Gan Chinese,22100000,2019,wikidata P1098 (first-language qualified)
awa,awad1243,Awadhi,22000000,2007,wikidata P1098 (first-language qualified)
amh,amha1245,Amharic,21900000,2019,wikidata P1098 (first-language qualified)
pbu,nort2646,Northern Pashto,20900000,2019,wikidata P1098 (first-language qualified)
tha,thai1261,Thai,20700000,2019,wikidata P1098 (first-language qualified)
mag,maga1260,Magahi,20700000,2019,wikidata P1098 (first-language qualified)
skr,sera1259,Saraiki,20009000,,"wikidata P1098 (unqualified, assumed L1)"
lin,ling1263,Kinshasa Lingala,20000000,2020,"wikidata P1098 (unqualified, assumed L1)"
tzm,cent2194,Central Moroccan Berber,17000000,2025,"wikidata P1098 (unqualified, assumed L1)"
khm,cent1989,Central Khmer,16600000,2019,wikidata P1098 (first-language qualified)
hne,chha1249,Chhattisgarhi,16300000,2019,wikidata P1098 (first-language qualified)
som,soma1255,Somali,16200000,2019,wikidata P1098 (first-language qualified)
swh,swah1253,Swahili,16010110,2010,wikidata P1098 (first-language qualified)
tuk,turk1304,Turkmen,16000000,2007,wikidata P1098 (first-language qualified)
ceb,cebu1242,Cebuano,15900000,2019,wikidata P1098 (first-language qualified)
acm,meso1252,Gilit Mesopotamian Arabic,15700000,2019,wikidata P1098 (first-language qualified)
sin,sinh1246,Sinhala,15300000,2019,wikidata P1098 (first-language qualified)
asm,assa1263,Assamese,15300000,2019,wikidata P1098 (first-language qualified)
mad,nucl1460,Madurese,15000000,2007,wikidata P1098 (first-language qualified)
tts,nort2741,Northeastern Thai,15000000,,"wikidata P1098 (unqualified, assumed L1)"
ell,mode1248,Modern Greek,15000000,,"wikidata P1098 (unqualified, assumed L1)"
kmr,nort2641,Northern Kurdish,14600000,2019,wikidata P1098 (first-language qualified)
acw,hija1235,Hijazi Arabic,14500000,2019,wikidata P1098 (first-language qualified)
fuv,nige1253,Hausa States Fulfulde,14500000,2019,wikidata P1098 (first-language qualified)
bar,bava1246,Bavarian,14100000,2019,wikidata P1098 (first-language qualified)
tgk,taji1245,Tajik,14000000,2018,"wikidata P1098 (unqualified, assumed L1)"
bgc,hary1238,Haryanvi,14000000,2007,wikidata P1098 (first-language qualified)
azb,sout2697,South Azerbaijani,13800000,2019,wikidata P1098 (first-language qualified)
tso,tson1249,Tsonga,13000000,2011,wikidata P1098 (first-language qualified)
ctg,chit1275,Chittagonian,13000000,2019,wikidata P1098 (first-language qualified)
kaz,kaza1248,Kazakh,12900000,2019,wikidata P1098 (first-language qualified)
hun,hung1274,Hungarian,12600000,2019,wikidata P1098 (first-language qualified)
kin,kiny1244,Kinyarwanda,12100000,2019,wikidata P1098 (first-language qualified)
zul,zulu1248,Zulu,12100000,2019,wikidata P1098 (first-language qualified)
syl,sylh1242,Sylheti,12000000,2020,wikidata P1098 (first-language qualified)
nya,nyan1308,Nyanja,12000000,2007,wikidata P1098 (first-language qualified)
aeb,tuni1259,Tunisian Arabic,11600000,2019,wikidata P1098 (first-language qualified)
ajp,sout3123,South Levantine Arabic,11600000,2019,wikidata P1098 (first-language qualified)
ayn,sana1295,Sanaani Arabic,11400000,2019,wikidata P1098 (first-language qualified)
mnp,minb1236,Min Bei Chinese,11000000,2019,wikidata P1098 (first-language qualified)
pbt,sout2649,Southern Pashto,10900000,2019,wikidata P1098 (first-language qualified)
run,rund1242,Rundi,10800000,2019,wikidata P1098 (first-language qualified)
ces,czec1258,Czech,10700000,2019,wikidata P1098 (first-language qualified)
acq,taiz1242,Ta'izzi-Adeni Arabic,10500000,2019,wikidata P1098 (first-language qualified)
uig,uigh1240,Uighur,10400000,2019,wikidata P1098 (first-language qualified)
cdo,mind1253,Min Dong Chinese,10300000,2019,wikidata P1098 (first-language qualified)
gsw,swis1247,Central Alemannic,10000000,,"wikidata P1098 (unqualified, assumed L1)"
mup,malv1243,Malvi,10000000,2003,"wikidata P1098 (unqualified, assumed L1)"
dhd,dhun1238,Dhundari,9600000,2007,wikidata P1098 (first-language qualified)
prs,dari1249,Dari,9600000,2011,wikidata P1098 (first-language qualified)
hat,hait1244,Haitian,9600000,2007,wikidata P1098 (first-language qualified)
knc,cent2050,Central Kanuri,9270000,2024,"wikidata P1098 (unqualified, assumed L1)"
swe,swed1254,Swedish,9244250,2012,wikidata P1098 (first-language qualified)
azj,nort2697,North Azerbaijani,9220610,2021,wikidata P1098 (first-language qualified)
ilo,ilok1237,Iloko,9100000,2007,wikidata P1098 (first-language qualified)
bul,bulg1262,Bulgarian,9000000,2014,"wikidata P1098 (unqualified, assumed L1)"
srp,serb1264,Serbian Standard,9000000,,"wikidata P1098 (unqualified, assumed L1)"
sna,shon1251,Shona,8300000,2007,wikidata P1098 (first-language qualified)
hil,hili1240,Hiligaynon,8200000,2007,wikidata P1098 (first-language qualified)
xho,xhos1239,Xhosa,8177300,2011,wikidata P1098 (first-language qualified)
shi,tach1250,Tachelhit,8000000,,"wikidata P1098 (unqualified, assumed L1)"
bfy,bagh1251,Bagheli,8000000,2004,"wikidata P1098 (unqualified, assumed L1)"
rwr,marw1260,Marwari (India),7855400,2011,wikidata P1098 (first-language qualified)
bel,bela1254,Belarusian,7600000,2007,wikidata P1098 (first-language qualified)
mos,moss1236,Mossi,7600000,2007,wikidata P1098 (first-language qualified)
tir,tigr1271,Tigrinya,7507780,2019,wikidata P1098 (first-language qualified)
nap,neap1235,Continental Southern Italian,7500000,,"wikidata P1098 (unqualified, assumed L1)"
vmw,makh1264,Makhuwa,7430000,,"wikidata P1098 (unqualified, assumed L1)"
ckb,cent1972,Central Kurdish,7250000,,"wikidata P1098 (unqualified, assumed L1)"
sat,sant1410,Santali,7200000,,"wikidata P1098 (unqualified, assumed L1)"
afr,afri1274,Afrikaans,7200000,2016,"wikidata P1098 (unqualified, assumed L1)"
sck,sadr1248,Sadri,7000000,2001,"wikidata P1098 (unqualified, assumed L1)"
tum,tumb1250,Tumbuka,7000000,,"wikidata P1098 (unqualified, assumed L1)"
hrv,croa1245,Croatian Standard,7000000,,"wikidata P1098 (unqualified, assumed L1)"
kas,kash1277,Kashmiri,6900000,2011,"wikidata P1098 (unqualified, assumed L1)"
hye,nucl1235,Eastern Armenian,6700000,2100,"wikidata P1098 (unqualified, assumed L1)"
kik,kiku1240,Kikuyu,6623000,,"wikidata P1098 (unqualified, assumed L1)"
pst,cent1973,Central Pashto,6520000,2013,wikidata P1098 (first-language qualified)
lua,luba1249,Luba-Lulua,6300000,1991,"wikidata P1098 (unqualified, assumed L1)"
nod,nort2740,Northern Thai,6000000,1983,"wikidata P1098 (unqualified, assumed L1)"
sot,sout2807,Southern Sotho,6000000,,"wikidata P1098 (unqualified, assumed L1)"
umb,umbu1257,Umbundu,6000000,,"wikidata P1098 (unqualified, assumed L1)"
slk,slov1269,Slovak,6000000,,"wikidata P1098 (unqualified, assumed L1)"
lmn,lamb1269,Lambadi,6000000,2004,"wikidata P1098 (unqualified, assumed L1)"
wal,wola1242,Wolaytta,5830000,2023,"wikidata P1098 (unqualified, assumed L1)"
dan,dani1285,Danish,5621380,2012,"wikidata P1098 (unqualified, assumed L1)"
kab,kaby1243,Kabyle,5586000,2012,"wikidata P1098 (unqualified, assumed L1)"
min,mina1268,Minangkabau,5530000,2007,"wikidata P1098 (unqualified, assumed L1)"
suk,suku1261,Sukuma,5430000,,"wikidata P1098 (unqualified, assumed L1)"
fin,finn1318,Finnish,5413380,2012,wikidata P1098 (first-language qualified)
heb,hebr1245,Modern Hebrew,5353950,2014,wikidata P1098 (first-language qualified)
lao,laoo1244,Lao,5225552,2006,"wikidata P1098 (unqualified, assumed L1)"
tat,tata1255,Tatar,5200000,2015,wikidata P1098 (first-language qualified)
bug,bugi1244,Buginese,5017800,2000,wikidata P1098 (first-language qualified)
gpe,ghan1244,Ghanaian Pidgin English,5000000,2011,"wikidata P1098 (unqualified, assumed L1)"
wtm,mewa1250,Mewati,5000000,2002,"wikidata P1098 (unqualified, assumed L1)"
bew,beta1252,Betawi,5000000,,"wikidata P1098 (unqualified, assumed L1)"
nds,nort2627,Eastern Low German,5000000,,"wikidata P1098 (unqualified, assumed L1)"
mtr,mewa1249,Mewari,5000000,,"wikidata P1098 (unqualified, assumed L1)"
cat,stan1289,Catalan,4873396,2021,wikidata P1098 (first-language qualified)
gug,para1311,Paraguayan Guaraní,4850000,1995,"wikidata P1098 (unqualified, assumed L1)"
scn,sici1248,Sicilian,4700000,2002,wikidata P1098 (first-language qualified)
pcm,nige1257,Nigerian Pidgin,4700000,2020,wikidata P1098 (first-language qualified)
czh,huiz1242,Hui Chinese,4600000,,"wikidata P1098 (unqualified, assumed L1)"
kir,kirg1245,Kirghiz,4568480,2009,"wikidata P1098 (unqualified, assumed L1)"
sou,sout2746,Southern Thai,4500000,2006,"wikidata P1098 (unqualified, assumed L1)"
tsn,tswa1253,Tswana,4500000,,"wikidata P1098 (unqualified, assumed L1)"
ayh,hadr1236,Hadrami Arabic,4473000,,"wikidata P1098 (unqualified, assumed L1)"
fuc,pula1263,Pulaar,4450000,2016,wikidata P1098 (first-language qualified)
rif,tari1263,Tarifiyt-Beni-Iznasen-Eastern Middle Atlas Berber,4399000,2016,"wikidata P1098 (unqualified, assumed L1)"
ayl,liby1240,Libyan Arabic,4320500,,"wikidata P1098 (unqualified, assumed L1)"
nno,norw1262,Norwegian Nynorsk,4320000,,"wikidata P1098 (unqualified, assumed L1)"
bam,bamb1269,Bambara,4200000,2012,wikidata P1098 (first-language qualified)
uzs,sout2699,Southern Uzbek,4165700,,"wikidata P1098 (unqualified, assumed L1)"
lug,gand1255,Ganda,4100000,2002,wikidata P1098 (first-language qualified)
nso,pedi1238,Pedi,4100000,,"wikidata P1098 (unqualified, assumed L1)"
nob,norw1259,Norwegian Bokmål,4000000,,"wikidata P1098 (unqualified, assumed L1)"
ksw,sgaw1245,S'gaw Karen,4000000,,"wikidata P1098 (unqualified, assumed L1)"
lit,lith1251,Lithuanian,4000000,,"wikidata P1098 (unqualified, assumed L1)"
wry,merw1238,Merwari,4000000,2001,"wikidata P1098 (unqualified, assumed L1)"
blu,hmon1338,Hmong Njua (Retired),4000000,,"wikidata P1098 (unqualified, assumed L1)"
lmo,lomb1257,Lombard,3900000,2002,"wikidata P1098 (unqualified, assumed L1)"
kam,kamb1297,Kamba (Kenya),3893000,2009,"wikidata P1098 (unqualified, assumed L1)"
mey,hass1238,Hassaniyya,3763900,,"wikidata P1098 (unqualified, assumed L1)"
wol,nucl1347,Wolof,3700000,,"wikidata P1098 (unqualified, assumed L1)"
kat,nucl1302,Georgian,3700000,2014,"wikidata P1098 (unqualified, assumed L1)"
gom,goan1235,Goan Konkani,3633900,2000,"wikidata P1098 (unqualified, assumed L1)"
bem,bemb1257,Bemba (Zambia),3600000,,"wikidata P1098 (unqualified, assumed L1)"
ace,achi1257,Acehnese,3500032,2000,"wikidata P1098 (unqualified, assumed L1)"
bjn,banj1239,Banjar,3500000,2000,"wikidata P1098 (unqualified, assumed L1)"
bos,bosn1245,Bosnian Standard,3500000,2008,"wikidata P1098 (unqualified, assumed L1)"
bhb,bhil1251,Bhili,3310000,2001,"wikidata P1098 (unqualified, assumed L1)"
ban,bali1278,Balinese,3300000,2000,wikidata P1098 (first-language qualified)
myq,fore1268,Forest Maninka,3300000,,"wikidata P1098 (unqualified, assumed L1)"
mzn,maza1291,Mazanderani,3270000,1993,"wikidata P1098 (unqualified, assumed L1)"
jam,jama1262,Jamaican Creole English,3200000,2000,"wikidata P1098 (unqualified, assumed L1)"
dag,dagb1246,Dagbani,3160000,2013,wikidata P1098 (first-language qualified)
war,wara1300,Waray (Philippines),3100000,,"wikidata P1098 (unqualified, assumed L1)"
bgp,east2304,Eastern Balochi,3050000,2004,"wikidata P1098 (unqualified, assumed L1)"
als,tosk1239,Northern Tosk Albanian,3000000,,"wikidata P1098 (unqualified, assumed L1)"
luo,luok1236,Luo (Kenya and Tanzania),3000000,,"wikidata P1098 (unqualified, assumed L1)"
bzs,braz1236,Brazilian Sign Language,3000000,2013,"wikidata P1098 (unqualified, assumed L1)"
ewe,ewee1241,Ewe,3000000,,"wikidata P1098 (unqualified, assumed L1)"
sdh,sout2640,Southern Kurdish,3000000,,"wikidata P1098 (unqualified, assumed L1)"
gbm,garh1243,Garhwali,3000000,2000,"wikidata P1098 (unqualified, assumed L1)"
abr,abro1238,Abron,3000000,2022,"wikidata P1098 (unqualified, assumed L1)"
twi,twii1234,Twi,3000000,,"wikidata P1098 (unqualified, assumed L1)"
shn,shan1277,Shan,3000000,,"wikidata P1098 (unqualified, assumed L1)"
fat,fant1241,Fante,2800000,,"wikidata P1098 (unqualified, assumed L1)"
khk,halh1238,Halh Mongolian,2704030,2016,"wikidata P1098 (unqualified, assumed L1)"
dyu,dyul1238,Dyula,2700000,,"wikidata P1098 (unqualified, assumed L1)"
zgh,stan1324,Standard Moroccan Tamazight,2700000,,"wikidata P1098 (unqualified, assumed L1)"
efi,efik1245,Efik,2693000,2020,"wikidata P1098 (unqualified, assumed L1)"
spv,samb1325,Sambalpuri,2630000,2011,wikidata P1098 (first-language qualified)
shu,chad1249,Chadian Arabic,2600000,2023,wikidata P1098 (first-language qualified)
glk,gila1241,Gilaki,2550000,2023,wikidata P1098 (first-language qualified)
bcl,cent2087,Coastal-Naga Bikol,2500000,1990,"wikidata P1098 (unqualified, assumed L1)"
cpx,puxi1243,Pu-Xian Chinese,2500000,,"wikidata P1098 (unqualified, assumed L1)"
glg,gali1258,Galician,2400000,2012,"wikidata P1098 (unqualified, assumed L1)"
sus,susu1250,Susu,2400000,2019,wikidata P1098 (first-language qualified)
slv,slov1268,Slovenian,2400000,,"wikidata P1098 (unqualified, assumed L1)"
pam,pamp1243,Pampanga,2400000,,"wikidata P1098 (unqualified, assumed L1)"
cgg,chig1238,Chiga,2390000,2014,"wikidata P1098 (unqualified, assumed L1)"
kfy,kuma1273,Kumaoni,2300000,1998,"wikidata P1098 (unqualified, assumed L1)"
shy,tach1249,Chaouia of the Aures,2300000,2020,"wikidata P1098 (unqualified, assumed L1)"
iba,iban1264,Iban,2300000,,"wikidata P1098 (unqualified, assumed L1)"
nyn,nyan1307,Nyankole,2300000,,"wikidata P1098 (unqualified, assumed L1)"
haz,haza1239,Hazaragi,2221000,2000,"wikidata P1098 (unqualified, assumed L1)"
bci,baou1238,Baoulé,2100000,,"wikidata P1098 (unqualified, assumed L1)"
laj,lang1324,Lango (Uganda),2100000,2014,wikidata P1098 (first-language qualified)
ssw,swat1243,Swati,2034200,,"wikidata P1098 (unqualified, assumed L1)"
iii,sich1238,Sichuan Yi,2000000,2000,"wikidata P1098 (unqualified, assumed L1)"
vec,vene1258,Venetian,2000000,,"wikidata P1098 (unqualified, assumed L1)"
dgo,dogr1250,Dogri,2000000,1997,"wikidata P1098 (unqualified, assumed L1)"
quc,kich1262,K'iche',2000000,,"wikidata P1098 (unqualified, assumed L1)"
bbc,bata1289,Batak Toba,2000000,1991,"wikidata P1098 (unqualified, assumed L1)"
pms,piem1238,Piemontese,2000000,,"wikidata P1098 (unqualified, assumed L1)"
gmo,gamo1244,Gamo-Gofa-Dawro,2000000,2007,"wikidata P1098 (unqualified, assumed L1)"
tcy,tulu1258,Tulu,2000000,,"wikidata P1098 (unqualified, assumed L1)"
kru,kuru1301,Kurukh,2000000,,"wikidata P1098 (unqualified, assumed L1)"
sas,sasa1249,Sasak,2000000,,"wikidata P1098 (unqualified, assumed L1)"
pcc,bouy1240,Bouyei,2000000,,"wikidata P1098 (unqualified, assumed L1)"
sxu,uppe1400,Central East Middle German,2000000,1998,"wikidata P1098 (unqualified, assumed L1)"
mkd,mace1250,Macedonian,2000000,,"wikidata P1098 (unqualified, assumed L1)"
shk,shil1265,Shilluk,2000000,,"wikidata P1098 (unqualified, assumed L1)"
zyb,yong1276,Yongbei Zhuang,1980000,2007,"wikidata P1098 (unqualified, assumed L1)"
fon,fonn1241,Fon,1935500,2016,"wikidata P1098 (unqualified, assumed L1)"
bgq,bagr1243,Bagri,1890815,2011,wikidata P1098 (first-language qualified)
sid,sida1246,Sidamo,1800000,,"wikidata P1098 (unqualified, assumed L1)"
rhg,rohi1238,Rohingya,1800000,2012,"wikidata P1098 (unqualified, assumed L1)"
kai,kare1348,Karekare,1800000,,"wikidata P1098 (unqualified, assumed L1)"
brh,brah1256,Brahui,1800000,,"wikidata P1098 (unqualified, assumed L1)"
kde,mako1251,Makonde,1700000,,"wikidata P1098 (unqualified, assumed L1)"
quh,sout2991,South Bolivian Quechua,1616120,2004,"wikidata P1098 (unqualified, assumed L1)"
bin,bini1246,Bini,1600000,2015,wikidata P1098 (first-language qualified)
igl,igal1242,Igala,1600000,,"wikidata P1098 (unqualified, assumed L1)"
kbd,kaba1278,Kabardian,1600000,2007,"wikidata P1098 (unqualified, assumed L1)"
aar,afar1241,Afar,1600000,,"wikidata P1098 (unqualified, assumed L1)"
lim,limb1263,Limburgan,1600000,,"wikidata P1098 (unqualified, assumed L1)"
mak,maka1311,Makasar,1600000,,"wikidata P1098 (unqualified, assumed L1)"
nde,nort2795,Zimbabwean Ndebele,1572800,,"wikidata P1098 (unqualified, assumed L1)"
guw,gunn1250,Gun,1539000,2021,"wikidata P1098 (unqualified, assumed L1)"
kmc,sout2741,Southern Dong,1500000,,"wikidata P1098 (unqualified, assumed L1)"
khn,khan1272,Khandesi,1500000,,"wikidata P1098 (unqualified, assumed L1)"
khg,kham1282,Khams Tibetan,1500000,,"wikidata P1098 (unqualified, assumed L1)"
tyz,tayy1238,Tày,1500000,,"wikidata P1098 (unqualified, assumed L1)"
lrc,nort2645,Northern Luri,1500000,2001,"wikidata P1098 (unqualified, assumed L1)"
lki,laki1244,Laki,1500000,,"wikidata P1098 (unqualified, assumed L1)"
kbr,kafa1242,Kafa,1500000,,"wikidata P1098 (unqualified, assumed L1)"
unr,mund1320,Mundari,1500000,,"wikidata P1098 (unqualified, assumed L1)"
noe,nima1243,Nimadi,1500000,2000,"wikidata P1098 (unqualified, assumed L1)"
hoc,hooo1248,Ho,1500000,,"wikidata P1098 (unqualified, assumed L1)"
quz,cusc1236,Cusco Quechua,1500000,1989,"wikidata P1098 (unqualified, assumed L1)"
brx,bodo1269,Bodo-Mech,1482929,2011,wikidata P1098 (first-language qualified)
sgw,seba1251,Sebat Bet Gurage,1480000,,"wikidata P1098 (unqualified, assumed L1)"
mni,mani1292,Manipuri,1470000,2001,"wikidata P1098 (unqualified, assumed L1)"
mfa,patt1249,Kelantan-Pattani Malay,1470000,2010,"wikidata P1098 (unqualified, assumed L1)"
kxm,nort2684,Northern Khmer,1400000,2006,"wikidata P1098 (unqualified, assumed L1)"
vls,vlaa1240,Western Flemish,1400000,1998,"wikidata P1098 (unqualified, assumed L1)"
hyw,homs1234,Western Armenian,1395240,2018,"wikidata P1098 (unqualified, assumed L1)"
che,chec1245,Chechen,1393900,2010,"wikidata P1098 (unqualified, assumed L1)"
mnk,mand1436,Mandinka,1350000,,"wikidata P1098 (unqualified, assumed L1)"
rmt,doma1258,Domari,1340000,2000,"wikidata P1098 (unqualified, assumed L1)"
egl,emil1241,Emiliano,1300000,2006,wikidata P1098 (first-language qualified)
ven,vend1245,Venda,1300000,2011,wikidata P1098 (first-language qualified)
toi,tong1318,Tonga (Zambia),1270000,,"wikidata P1098 (unqualified, assumed L1)"
ach,acol1236,Acoli,1200000,,"wikidata P1098 (unqualified, assumed L1)"
zeh,east2363,Eastern Hongshuihe Zhuang,1200000,2007,"wikidata P1098 (unqualified, assumed L1)"
bak,bash1264,Bashkir,1200000,2010,wikidata P1098 (first-language qualified)
bod,tibe1272,Tibetan,1200000,1990,wikidata P1098 (first-language qualified)
tsc,tswa1255,Tswa,1200000,2006,"wikidata P1098 (unqualified, assumed L1)"
srr,sere1260,Sereer,1200000,,"wikidata P1098 (unqualified, assumed L1)"
taj,east2347,Eastern Tamang,1180000,2001,wikidata P1098 (first-language qualified)
bej,beja1238,Beja,1178000,,"wikidata P1098 (unqualified, assumed L1)"
ekk,esto1258,Estonian,1164770,2012,"wikidata P1098 (unqualified, assumed L1)"
mtq,muon1246,Muong,1140000,,"wikidata P1098 (unqualified, assumed L1)"
ajg,ajab1235,Aja (Benin),1133000,2016,"wikidata P1098 (unqualified, assumed L1)"
hnm,hain1238,Hainanese,1100000,,"wikidata P1098 (unqualified, assumed L1)"
pag,pang1290,Pangasinan,1100000,,"wikidata P1098 (unqualified, assumed L1)"
btm,bata1291,Batak Mandailing,1100000,,"wikidata P1098 (unqualified, assumed L1)"
urh,urho1239,Urhobo,1100000,2020,wikidata P1098 (first-language qualified)
rgn,roma1328,Romagnol,1100000,2008,"wikidata P1098 (unqualified, assumed L1)"
tsg,taus1251,Tausug,1100000,2000,wikidata P1098 (first-language qualified)
mdh,magu1243,Maguindanao,1100000,2010,wikidata P1098 (first-language qualified)
dga,sout2789,Central Dagaare,1100000,,"wikidata P1098 (unqualified, assumed L1)"
snk,soni1259,Soninke,1096795,,"wikidata P1098 (unqualified, assumed L1)"
zmi,nege1240,Negeri Sembilan Malay,1010000,2024,"wikidata P1098 (unqualified, assumed L1)"
kbp,kabi1261,Kabiyé,1000000,2012,"wikidata P1098 (unqualified, assumed L1)"
grt,garo1247,Garo,1000000,,"wikidata P1098 (unqualified, assumed L1)"
luz,sout2647,Southern Luri,1000000,,"wikidata P1098 (unqualified, assumed L1)"
gor,goro1259,Gorontalo,1000000,2000,"wikidata P1098 (unqualified, assumed L1)"
pfl,pala1330,Pfaelzisch-Lothringisch,1000000,,"wikidata P1098 (unqualified, assumed L1)"
bqi,bakh1245,Bakhtiari,1000000,,"wikidata P1098 (unqualified, assumed L1)"
qxq,qash1240,Qashqa'i,995000,2019,"wikidata P1098 (unqualified, assumed L1)"
haq,haaa1252,Ha,990000,2001,"wikidata P1098 (unqualified, assumed L1)"
ryu,cent2126,Central Okinawan,984000,,"wikidata P1098 (unqualified, assumed L1)"
nym,nyam1276,Nyamwezi,980000,,"wikidata P1098 (unqualified, assumed L1)"
drs,gede1246,Gedeo,980000,2007,"wikidata P1098 (unqualified, assumed L1)"
kac,kach1280,Southern Jinghpaw,940000,2001,"wikidata P1098 (unqualified, assumed L1)"
its,isek1239,Isekiri,940000,2020,wikidata P1098 (first-language qualified)
stv,silt1240,Silt'e,935000,2007,"wikidata P1098 (unqualified, assumed L1)"
quy,ayac1239,Ayacucho Quechua,918200,2000,"wikidata P1098 (unqualified, assumed L1)"
mqy,mang1405,Manggarai,900000,,"wikidata P1098 (unqualified, assumed L1)"
mjl,mand1409,Mandeali,900000,,"wikidata P1098 (unqualified, assumed L1)"
nus,nuer1246,Nuer,900000,,"wikidata P1098 (unqualified, assumed L1)"
new,newa1246,Kathmandu Valley Newari,893600,2011,wikidata P1098 (first-language qualified)
nij,ngaj1237,Ngaju,890000,2003,"wikidata P1098 (unqualified, assumed L1)"
ktb,kamb1316,Kambaata,890000,2007,"wikidata P1098 (unqualified, assumed L1)"
kmz,khor1269,Khorasan Turkic,886000,2014,"wikidata P1098 (unqualified, assumed L1)"
kea,kabu1256,Kabuverdianu,871000,2017,wikidata P1098 (first-language qualified)
kfr,kach1277,Kachchi,866000,,"wikidata P1098 (unqualified, assumed L1)"
blk,paok1235,Pa'o Karen,860000,,"wikidata P1098 (unqualified, assumed L1)"
bum,bulu1251,Bulu (Cameroon),860000,2007,wikidata P1098 (first-language qualified)
fan,fang1246,Fang (Equatorial Guinea),858000,,"wikidata P1098 (unqualified, assumed L1)"
xmm,mala1481,Manado Malay,850000,2001,"wikidata P1098 (unqualified, assumed L1)"
mnw,monn1252,Mon,850000,2004,"wikidata P1098 (unqualified, assumed L1)"
nut,nung1283,Nung (Viet Nam),850000,,"wikidata P1098 (unqualified, assumed L1)"
fry,west2354,Western Frisian,845100,2014,"wikidata P1098 (unqualified, assumed L1)"
kha,khas1269,Khasi,843000,2001,"wikidata P1098 (unqualified, assumed L1)"
nia,nias1242,Nias,825768,,"wikidata P1098 (unqualified, assumed L1)"
swg,swab1242,Swabian,820000,2006,wikidata P1098 (first-language qualified)
ium,iumi1238,Iu Mien,820000,,"wikidata P1098 (unqualified, assumed L1)"
ndo,ndon1254,Ndonga,810000,2006,"wikidata P1098 (unqualified, assumed L1)"
adx,amdo1237,Amdo Tibetan,810000,,"wikidata P1098 (unqualified, assumed L1)"
tig,tigr1270,Tigre,800000,,"wikidata P1098 (unqualified, assumed L1)"
nup,nupe1254,Nupe-Nupe-Tako,800000,1990,wikidata P1098 (first-language qualified)
dty,doty1234,Dotyali,790000,2011,"wikidata P1098 (unqualified, assumed L1)"
mrw,mara1404,Maranao,780000,1990,wikidata P1098 (first-language qualified)
pnt,pont1253,Pontic,778000,2012,"wikidata P1098 (unqualified, assumed L1)"
ava,avar1256,Avar,766500,2010,"wikidata P1098 (unqualified, assumed L1)"
rki,rakh1245,Rakhine,765000,,"wikidata P1098 (unqualified, assumed L1)"
tly,taly1247,North-Central Talysh,764400,,"wikidata P1098 (unqualified, assumed L1)"
blt,taid1247,Tai Dam,760000,,"wikidata P1098 (unqualified, assumed L1)"
eus,basq1248,Basque,750000,2016,"wikidata P1098 (unqualified, assumed L1)"
fvr,furr1244,Fur,746000,,"wikidata P1098 (unqualified, assumed L1)"
gaa,gaaa1244,Ga,745000,2013,"wikidata P1098 (unqualified, assumed L1)"
anp,angi1238,Angika,740000,,"wikidata P1098 (unqualified, assumed L1)"
hni,hani1248,Hani,740000,,"wikidata P1098 (unqualified, assumed L1)"
chv,chuv1255,Chuvash,738070,2024,"wikidata P1098 (unqualified, assumed L1)"
cym,wels1247,Welsh,724000,,"wikidata P1098 (unqualified, assumed L1)"
rng,rong1268,Ronga,722000,,"wikidata P1098 (unqualified, assumed L1)"
scl,shin1264,Shina,720200,2018,wikidata P1098 (first-language qualified)
gur,fare1241,Farefare,720000,2003,wikidata P1098 (first-language qualified)
yua,yuca1254,Yucatec Maya,706000,,"wikidata P1098 (unqualified, assumed L1)"
lic,hlai1239,Hlai,700000,,"wikidata P1098 (unqualified, assumed L1)"
gyn,creo1235,Guyanese Creole English,700000,,"wikidata P1098 (unqualified, assumed L1)"
trp,kokb1239,Kok Borok,700000,,"wikidata P1098 (unqualified, assumed L1)"
hwc,hawa1247,Hawai'i Creole English,700000,2012,"wikidata P1098 (unqualified, assumed L1)"
khb,luuu1242,Lü,700000,,"wikidata P1098 (unqualified, assumed L1)"
pcd,pica1241,Picard,700000,,"wikidata P1098 (unqualified, assumed L1)"
kri,krio1253,Krio,692000,2016,wikidata P1098 (first-language qualified)
ruf,lugu1238,Luguru,692000,,"wikidata P1098 (unqualified, assumed L1)"
mgr,mamb1296,Mambwe-Lungu,674000,,"wikidata P1098 (unqualified, assumed L1)"
fia,nobi1240,Nobiin,669000,,"wikidata P1098 (unqualified, assumed L1)"
ksb,sham1280,Shambala,664000,,"wikidata P1098 (unqualified, assumed L1)"
tdd,tain1252,Tai Nüa,650000,,"wikidata P1098 (unqualified, assumed L1)"
tyr,taid1249,Tai Daeng-Meuay,650000,,"wikidata P1098 (unqualified, assumed L1)"
uki,gums1237,Gumsai,645000,,"wikidata P1098 (unqualified, assumed L1)"
cps,capi1239,Capiznon,640000,2000,"wikidata P1098 (unqualified, assumed L1)"
ttq,tawa1286,Tawallammat Tamajaq,640000,,"wikidata P1098 (unqualified, assumed L1)"
nbl,sout3270,South Transvaal Ndebele,640000,,"wikidata P1098 (unqualified, assumed L1)"
lez,lezg1247,Lezgian,633610,2010,"wikidata P1098 (unqualified, assumed L1)"
rag,logo1258,Logooli,618300,2009,"wikidata P1098 (unqualified, assumed L1)"
rue,rusy1239,Rusyn,610000,,"wikidata P1098 (unqualified, assumed L1)"
koo,konz1239,Konzo,609000,2002,"wikidata P1098 (unqualified, assumed L1)"
rcf,reun1238,Réunion Creole French,600000,,"wikidata P1098 (unqualified, assumed L1)"
mfe,mori1278,Morisyen,600000,1989,"wikidata P1098 (unqualified, assumed L1)"
kaj,jjuu1238,Jju,600000,2020,"wikidata P1098 (unqualified, assumed L1)"
wln,wall1255,Walloon,600000,2007,"wikidata P1098 (unqualified, assumed L1)"
ahk,akha1245,Akha,600000,2007,"wikidata P1098 (unqualified, assumed L1)"
btx,bata1293,Batak Karo,600000,1991,"wikidata P1098 (unqualified, assumed L1)"
vav,varl1238,Dungar Varli,600000,,"wikidata P1098 (unqualified, assumed L1)"
loz,lozi1239,Lozi,600000,,"wikidata P1098 (unqualified, assumed L1)"
sag,sang1328,Sango,599000,2017,wikidata P1098 (first-language qualified)
kaa,kara1467,Kara-Kalpak,583410,2010,"wikidata P1098 (unqualified, assumed L1)"
leb,lala1264,Lala-Bisa,580000,2006,"wikidata P1098 (unqualified, assumed L1)"
ewo,ewon1239,Ewondo,578000,,"wikidata P1098 (unqualified, assumed L1)"
ady,adyg1241,West Circassian,575900,2010,"wikidata P1098 (unqualified, assumed L1)"
syc,clas1252,Classical Syriac,575000,,"wikidata P1098 (unqualified, assumed L1)"
mlt,malt1254,Maltese,570000,2012,wikidata P1098 (first-language qualified)
kfp,korw1242,Korwa,570000,,"wikidata P1098 (unqualified, assumed L1)"
rmn,balk1252,Balkan Romani,563670,2013,wikidata P1098 (first-language qualified)
crh,crim1257,Crimean Tatar,552740,2021,"wikidata P1098 (unqualified, assumed L1)"
rmy,vlax1238,Vlax Romani,538480,,wikidata P1098 (first-language qualified)
lij,ligu1248,Ligurian,500000,,"wikidata P1098 (unqualified, assumed L1)"
taq,tama1365,Tamasheq,500000,2023,wikidata P1098 (first-language qualified)
qxp,puno1238,Puno Quechua,500000,2002,"wikidata P1098 (unqualified, assumed L1)"
pov,uppe1455,Upper Guinea Crioulo,500000,,"wikidata P1098 (unqualified, assumed L1)"
sgs,samo1265,Samogitian,500000,2009,"wikidata P1098 (unqualified, assumed L1)"
cak,kaqc1270,Kaqchikel,500000,,"wikidata P1098 (unqualified, assumed L1)"
asa,asut1235,Asu (Tanzania),500000,2000,"wikidata P1098 (unqualified, assumed L1)"
fly,tsot1242,Tsotsitaal,500000,,"wikidata P1098 (unqualified, assumed L1)"
sda,tora1261,Toraja-Sa'dan,500000,,"wikidata P1098 (unqualified, assumed L1)"
lus,lush1249,Mizo,500000,1997,"wikidata P1098 (unqualified, assumed L1)"
awn,awng1244,Awngi,490000,,"wikidata P1098 (unqualified, assumed L1)"
kdt,kuyy1240,Kuy,488900,2006,"wikidata P1098 (unqualified, assumed L1)"
mhr,east2328,Eastern Mari,482000,2012,"wikidata P1098 (unqualified, assumed L1)"
adh,adho1243,Adhola,480000,2014,"wikidata P1098 (unqualified, assumed L1)"
kjg,khmu1256,Khmu,480000,1985,"wikidata P1098 (unqualified, assumed L1)"
kfq,kork1243,Korku,478000,,"wikidata P1098 (unqualified, assumed L1)"
kge,kome1238,Komering,470000,2000,wikidata P1098 (first-language qualified)
bgx,balk1254,Rumelian Turkish,464000,2021,"wikidata P1098 (unqualified, assumed L1)"
tet,tetu1245,Tetum,463500,2011,"wikidata P1098 (unqualified, assumed L1)"
irk,iraq1241,Iraqw,460000,,"wikidata P1098 (unqualified, assumed L1)"
szl,sile1253,Silesian,457900,2021,wikidata P1098 (first-language qualified)
sah,yaku1245,Sakha,450000,2010,"wikidata P1098 (unqualified, assumed L1)"
lhu,lahu1253,Lahu,450000,,"wikidata P1098 (unqualified, assumed L1)"
lob,lobi1245,Lobi,440000,1991,"wikidata P1098 (unqualified, assumed L1)"
xal,kalm1243,Oirad-Kalmyk-Darkhat,431800,2021,"wikidata P1098 (unqualified, assumed L1)"
cbk,chav1241,Chavacano,431000,2005,"wikidata P1098 (unqualified, assumed L1)"
kum,kumy1244,Kumyk,426212,2010,"wikidata P1098 (unqualified, assumed L1)"
kek,kekc1242,Q'eqchi',420000,,"wikidata P1098 (unqualified, assumed L1)"
bsq,nucl1418,Bassa,420000,,"wikidata P1098 (unqualified, assumed L1)"
smo,samo1305,Samoan,415720,2015,"wikidata P1098 (unqualified, assumed L1)"
srn,sran1240,Sranan Tongo,415700,2016,wikidata P1098 (first-language qualified)
srb,sora1254,Sora,410000,,"wikidata P1098 (unqualified, assumed L1)"
dyo,jola1263,Jola-Fonyi,410000,2006,"wikidata P1098 (unqualified, assumed L1)"
ibg,iban1267,Ibanag,400000,2010,wikidata P1098 (first-language qualified)
cja,west2650,Western Cham,400000,,"wikidata P1098 (unqualified, assumed L1)"
anc,ngas1240,Ngas,400000,,"wikidata P1098 (unqualified, assumed L1)"
mrh,mara1382,Mara,400000,,"wikidata P1098 (unqualified, assumed L1)"
dug,duru1249,Duruma,397000,2009,"wikidata P1098 (unqualified, assumed L1)"
pbv,pnar1238,Pnar,395124,2011,wikidata P1098 (first-language qualified)
ltz,luxe1241,Moselle Franconian,391200,2012,wikidata P1098 (first-language qualified)
bwx,buna1273,Bunu,390000,2001,wikidata P1098 (first-language qualified)
tap,taab1238,Taabwa,382000,,"wikidata P1098 (unqualified, assumed L1)"
hif,fiji1242,Fiji Hindi,380000,1991,"wikidata P1098 (unqualified, assumed L1)"
wti,bert1248,Berta,367000,,"wikidata P1098 (unqualified, assumed L1)"
kyk,kama1363,Kamayo,363000,2000,"wikidata P1098 (unqualified, assumed L1)"
isl,icel1247,Icelandic,358000,2013,wikidata P1098 (first-language qualified)
ziw,zigu1244,Zigula-Mushungulu,355000,,"wikidata P1098 (unqualified, assumed L1)"
prv,prov1247,Provençal (Retired),354500,,"wikidata P1098 (unqualified, assumed L1)"
tzo,tzot1259,Tzotzil,350000,,"wikidata P1098 (unqualified, assumed L1)"
kxv,kuvi1243,Kuvi,350000,,"wikidata P1098 (unqualified, assumed L1)"
msb,masb1238,Masbatenyo,350000,2002,wikidata P1098 (first-language qualified)
rej,reja1240,Rejang,350000,,"wikidata P1098 (unqualified, assumed L1)"
peg,peng1244,Pengo,350000,2000,"wikidata P1098 (unqualified, assumed L1)"
ank,goem1240,Goemai,347005,,"wikidata P1098 (unqualified, assumed L1)"
bcq,benc1235,Bench,347000,,"wikidata P1098 (unqualified, assumed L1)"
xmf,ming1252,Mingrelian,345530,2015,"wikidata P1098 (unqualified, assumed L1)"
fij,fiji1243,Fijian,341270,1996,wikidata P1098 (first-language qualified)
div,dhiv1236,Dhivehi,340500,2012,"wikidata P1098 (unqualified, assumed L1)"
ccp,chak1266,Chakma,326000,2007,"wikidata P1098 (unqualified, assumed L1)"
inh,ingu1240,Ingush,322900,2010,"wikidata P1098 (unqualified, assumed L1)"
pap,papi1253,Papiamento,321300,2011,wikidata P1098 (first-language qualified)
ebu,embu1241,Embu,320000,2009,"wikidata P1098 (unqualified, assumed L1)"
ann,obol1243,Obolo,318000,,"wikidata P1098 (unqualified, assumed L1)"
zdj,ngaz1238,Ngazidja Comorian,312000,,"wikidata P1098 (unqualified, assumed L1)"
krc,kara1465,Karachay-Balkar,310400,2010,"wikidata P1098 (unqualified, assumed L1)"
nyd,nyor1244,Nyore,310000,2009,"wikidata P1098 (unqualified, assumed L1)"
nxq,naxi1245,Naxi,310000,,"wikidata P1098 (unqualified, assumed L1)"
nbf,naxi1246,Naxi (Retired),310000,,"wikidata P1098 (unqualified, assumed L1)"
ish,esan1238,Esan,300000,1994,"wikidata P1098 (unqualified, assumed L1)"
swi,suii1243,Sui,300000,2007,"wikidata P1098 (unqualified, assumed L1)"
mnb,muna1247,Muna,300000,,"wikidata P1098 (unqualified, assumed L1)"
fur,friu1240,Friulian,300000,2002,"wikidata P1098 (unqualified, assumed L1)"
guc,wayu1243,Wayuu,300000,,"wikidata P1098 (unqualified, assumed L1)"
arn,mapu1245,Mapudungun,300000,,"wikidata P1098 (unqualified, assumed L1)"
say,saya1246,Saya,300000,2013,"wikidata P1098 (unqualified, assumed L1)"
osi,osin1237,Osing,300000,2000,"wikidata P1098 (unqualified, assumed L1)"
hsh,hung1263,Hungarian Sign Language,300000,,"wikidata P1098 (unqualified, assumed L1)"
saz,saur1248,Saurashtra,300000,,"wikidata P1098 (unqualified, assumed L1)"
jab,hyam1245,Hyam,300000,2014,"wikidata P1098 (unqualified, assumed L1)"
smw,sumb1241,Sumbawa,300000,1989,"wikidata P1098 (unqualified, assumed L1)"
gcr,guia1246,Guianese Creole French,300000,,"wikidata P1098 (unqualified, assumed L1)"
tyv,tuvi1240,Tuvinian,297000,2010,"wikidata P1098 (unqualified, assumed L1)"
mde,maba1277,Maba (Chad),296000,,"wikidata P1098 (unqualified, assumed L1)"
bft,balt1258,Balti,290000,,"wikidata P1098 (unqualified, assumed L1)"
khw,khow1242,Khowar,290000,2004,"wikidata P1098 (unqualified, assumed L1)"
alw,alab1254,Alaba-K'abeena,287000,2007,"wikidata P1098 (unqualified, assumed L1)"
aiw,aari1239,Aari,285000,2007,wikidata P1098 (first-language qualified)
fsl,fren1243,French Sign Language,283000,2008,"wikidata P1098 (unqualified, assumed L1)"
mne,naba1253,Naba,280000,2006,"wikidata P1098 (unqualified, assumed L1)"
twh,taid1250,Tai Dón,280000,2002,"wikidata P1098 (unqualified, assumed L1)"
zib,zimb1247,Zimbabwe Sign Language,280000,2008,"wikidata P1098 (unqualified, assumed L1)"
tza,tanz1238,Tanzanian Sign Language,278000,2008,"wikidata P1098 (unqualified, assumed L1)"
wni,ndzw1235,Ndzwani Comorian,275000,,"wikidata P1098 (unqualified, assumed L1)"
zag,zagh1240,Beria,274000,2006,"wikidata P1098 (unqualified, assumed L1)"
wss,wasa1244,Wasa,273000,,"wikidata P1098 (unqualified, assumed L1)"
ssy,saho1246,Saho,271180,,"wikidata P1098 (unqualified, assumed L1)"
udm,udmu1245,Udmurt,270000,2020,wikidata P1098 (first-language qualified)
jra,jara1266,Jarai,262800,,"wikidata P1098 (unqualified, assumed L1)"
njo,aona1235,Ao Naga,261000,2001,"wikidata P1098 (unqualified, assumed L1)"
pdt,plau1238,Plautdietsch,261000,,"wikidata P1098 (unqualified, assumed L1)"
kcg,tyap1238,Tyap,255000,,"wikidata P1098 (unqualified, assumed L1)"
drt,dren1238,Drents,255000,2009,wikidata P1098 (first-language qualified)
ngb,nort2774,Northern Ngbandi,250290,,"wikidata P1098 (unqualified, assumed L1)"
gsc,gasc1241,Gascon (Retired),250000,,"wikidata P1098 (unqualified, assumed L1)"
lzz,lazz1240,Laz,250000,,"wikidata P1098 (unqualified, assumed L1)"
naq,nama1264,Nama (Namibia),250000,,"wikidata P1098 (unqualified, assumed L1)"
eto,eton1253,Eton-Mengisa,250000,2005,wikidata P1098 (first-language qualified)
thz,taya1257,Tayart Tamajeq,250000,,"wikidata P1098 (unqualified, assumed L1)"
bde,bade1248,Bade,250000,,"wikidata P1098 (unqualified, assumed L1)"
eth,ethi1238,Ethiopian Sign Language,250000,2008,"wikidata P1098 (unqualified, assumed L1)"
ase,amer1248,American Sign Language,250000,1972,"wikidata P1098 (unqualified, assumed L1)"
kua,kuan1247,Kuanyama,247000,2006,"wikidata P1098 (unqualified, assumed L1)"
kxc,kons1243,Konso,240000,2017,"wikidata P1098 (unqualified, assumed L1)"
xbr,kamb1299,Kambera,240000,2009,wikidata P1098 (first-language qualified)
dzo,dzon1239,Dzongkha,237080,2010,"wikidata P1098 (unqualified, assumed L1)"
her,here1253,Herero,237000,,"wikidata P1098 (unqualified, assumed L1)"
cnr,mont1282,Montenegrin Standard,232600,,"wikidata P1098 (unqualified, assumed L1)"
aii,assy1241,Assyrian Neo-Aramaic,232300,,"wikidata P1098 (unqualified, assumed L1)"
enq,enga1252,Enga,230000,2000,"wikidata P1098 (unqualified, assumed L1)"
bto,irig1242,Iriga Bicolano,230000,2000,wikidata P1098 (first-language qualified)
bas,basa1284,Basa (Cameroon),230000,,"wikidata P1098 (unqualified, assumed L1)"
njz,nyis1236,Nyishi-Hill Miri,230000,,"wikidata P1098 (unqualified, assumed L1)"
frp,fran1260,Arpitan,227000,2013,"wikidata P1098 (unqualified, assumed L1)"
zea,zeeu1238,Zeeuws,220000,,"wikidata P1098 (unqualified, assumed L1)"
ukl,ukra1235,Ukrainian Sign Language,219000,,"wikidata P1098 (unqualified, assumed L1)"
lam,lamb1271,Lamba,219000,,"wikidata P1098 (unqualified, assumed L1)"
guk,gumu1244,Northern Gumuz,219000,2007,"wikidata P1098 (unqualified, assumed L1)"
bxr,russ1264,Russia Buriat,219000,2010,"wikidata P1098 (unqualified, assumed L1)"
ami,amis1246,Amis,215000,2020,"wikidata P1098 (unqualified, assumed L1)"
mri,maor1246,Maori,213849,2023,"wikidata P1098 (unqualified, assumed L1)"
enn,enge1239,Egene,211000,,"wikidata P1098 (unqualified, assumed L1)"
xan,xamt1239,Xamtanga,210000,2007,"wikidata P1098 (unqualified, assumed L1)"
bdr,west2560,West Coast Bajau,210000,2010,"wikidata P1098 (unqualified, assumed L1)"
ext,extr1243,Extremaduran,201500,100,"wikidata P1098 (unqualified, assumed L1)"
sce,dong1285,Dongxiang,200000,2007,"wikidata P1098 (unqualified, assumed L1)"
ltg,east2282,East Latvian,200000,2009,"wikidata P1098 (unqualified, assumed L1)"
kzj,coas1294,Coastal Kadazan,200000,,"wikidata P1098 (unqualified, assumed L1)"
frs,nort2628,German Northern Low Saxon,200000,2015,"wikidata P1098 (unqualified, assumed L1)"
kfa,koda1255,Kodava,200000,2001,"wikidata P1098 (unqualified, assumed L1)"
yba,yala1263,Yala,200000,2008,"wikidata P1098 (unqualified, assumed L1)"
mvz,mesq1240,Mesqan,195000,2007,"wikidata P1098 (unqualified, assumed L1)"
fip,fipa1238,Fipa,195000,,"wikidata P1098 (unqualified, assumed L1)"
abk,abkh1244,Abkhaz,190110,2015,"wikidata P1098 (unqualified, assumed L1)"
cab,gari1256,Garifuna,190000,,"wikidata P1098 (unqualified, assumed L1)"
ton,tong1325,Tonga (Tonga Islands),186010,2015,"wikidata P1098 (unqualified, assumed L1)"
uum,urum1249,Kipchak Urum,185000,2021,"wikidata P1098 (unqualified, assumed L1)"
slp,lama1277,Lamaholot,180000,2010,"wikidata P1098 (unqualified, assumed L1)"
dnw,west2594,Western Dani,180000,1993,"wikidata P1098 (unqualified, assumed L1)"
miq,misk1235,Mískito,180000,,"wikidata P1098 (unqualified, assumed L1)"
ctu,chol1282,Chol,180000,,"wikidata P1098 (unqualified, assumed L1)"
kvk,kore1273,Korean Sign Language,180000,2008,wikidata P1098 (first-language qualified)
dtp,cent2100,Kadazan Dusun,180000,1991,"wikidata P1098 (unqualified, assumed L1)"
njh,loth1237,Lotha Naga,179467,2001,"wikidata P1098 (unqualified, assumed L1)"
thk,thar1283,Tharaka,176000,2009,"wikidata P1098 (unqualified, assumed L1)"
cla,ronn1241,Ron,176000,,"wikidata P1098 (unqualified, assumed L1)"
tsj,tsha1245,Tshangla,175000,,"wikidata P1098 (unqualified, assumed L1)"
ski,sika1262,Sika,175000,1995,"wikidata P1098 (unqualified, assumed L1)"
tsz,pure1242,Purepecha,175000,,"wikidata P1098 (unqualified, assumed L1)"
rsb,roma1241,Serbo-Bosnian Vlax,170000,2006,wikidata P1098 (first-language qualified)
qus,sant1432,Santiago del Estero Quichua,170000,2000,"wikidata P1098 (unqualified, assumed L1)"
nav,nava1243,Navajo,169369,2011,"wikidata P1098 (unqualified, assumed L1)"
bkd,binu1244,Talaandig-Binukid,168234,2010,wikidata P1098 (first-language qualified)
hns,cari1275,Caribbean Hindustani,165000,,"wikidata P1098 (unqualified, assumed L1)"
dop,lukp1238,Lukpa,160000,2012,"wikidata P1098 (unqualified, assumed L1)"
bdq,bahn1262,Bahnar,160000,1999,wikidata P1098 (first-language qualified)
kqy,koor1239,Koorete,159200,2007,"wikidata P1098 (unqualified, assumed L1)"
kdn,kund1255,Chikunda,157000,,"wikidata P1098 (unqualified, assumed L1)"
leh,lenj1248,Lenje,156000,,"wikidata P1098 (unqualified, assumed L1)"
kpv,komi1268,Komi-Zyrian,156000,2010,"wikidata P1098 (unqualified, assumed L1)"
lbe,lakk1252,Lak,154820,2010,"wikidata P1098 (unqualified, assumed L1)"
mjg,huzh1238,Mongghul,152000,2000,"wikidata P1098 (unqualified, assumed L1)"
cos,cors1241,Corsican,151000,2013,"wikidata P1098 (unqualified, assumed L1)"
aig,anti1245,Antigua and Barbuda Creole English,150000,,"wikidata P1098 (unqualified, assumed L1)"
mzb,tumz1238,Tumzabt,150000,2010,"wikidata P1098 (unqualified, assumed L1)"
ngu,guer1241,Central Guerrero Nahuatl,150000,1998,"wikidata P1098 (unqualified, assumed L1)"
kyu,west2409,Western Kayah,150000,2008,"wikidata P1098 (unqualified, assumed L1)"
bno,bant1288,Bantoanon,150000,,wikidata P1098 (first-language qualified)
rmc,carp1235,Central Romani,150000,,"wikidata P1098 (unqualified, assumed L1)"
mki,dhat1238,Dhatki,150000,,"wikidata P1098 (unqualified, assumed L1)"
hus,huas1242,Huastec,150000,,"wikidata P1098 (unqualified, assumed L1)"
mhy,maan1238,Ma'anyan,150000,2003,"wikidata P1098 (unqualified, assumed L1)"
gag,gaga1249,Gagauz,148720,2014,"wikidata P1098 (unqualified, assumed L1)"
pdc,penn1240,Pennsylvania German,148000,2015,"wikidata P1098 (unqualified, assumed L1)"
nka,nkoy1244,Nkoya,146000,,"wikidata P1098 (unqualified, assumed L1)"
mve,marw1256,Marwari (Pakistan),146000,2016,"wikidata P1098 (unqualified, assumed L1)"
gle,iris1253,Irish,141000,2019,wikidata P1098 (first-language qualified)
jbn,nafu1238,Nafusi,140000,2006,"wikidata P1098 (unqualified, assumed L1)"
pua,west2631,Western Highland Purepecha,140000,2020,wikidata P1098 (first-language qualified)
pbb,paez1247,Páez,140000,,"wikidata P1098 (unqualified, assumed L1)"
anu,anua1242,Anuak,140000,,"wikidata P1098 (unqualified, assumed L1)"
lad,ladi1251,Ladino,137000,2016,"wikidata P1098 (unqualified, assumed L1)"
pmf,pamo1252,Pamona,137000,2000,"wikidata P1098 (unqualified, assumed L1)"
bfq,bada1257,Badaga,134000,2011,"wikidata P1098 (unqualified, assumed L1)"
mrr,mari1414,Maria (India),134000,,"wikidata P1098 (unqualified, assumed L1)"
ngp,ngul1246,Ngulu,132000,,"wikidata P1098 (unqualified, assumed L1)"
mgm,mamb1306,Mambae,130000,2010,wikidata P1098 (first-language qualified)
pof,poke1238,Poke,130000,1984,"wikidata P1098 (unqualified, assumed L1)"
tan,nucl1696,Tangale,130000,,"wikidata P1098 (unqualified, assumed L1)"
tab,taba1259,Tabasaran,126900,2010,"wikidata P1098 (unqualified, assumed L1)"
cnh,haka1240,Haka Chin,125000,,"wikidata P1098 (unqualified, assumed L1)"
tpi,tokp1240,Tok Pisin,122000,2004,wikidata P1098 (first-language qualified)
kus,kusa1250,Kusaal,121000,,"wikidata P1098 (unqualified, assumed L1)"
rsl,russ1255,Russian-Tajik Sign Language,120000,2010,"wikidata P1098 (unqualified, assumed L1)"
kkh,khun1259,Khün,120000,,"wikidata P1098 (unqualified, assumed L1)"
cyo,cuyo1237,Cuyonon,120000,1990,wikidata P1098 (first-language qualified)
hmo,hiri1237,Hiri Motu,120000,1989,"wikidata P1098 (unqualified, assumed L1)"
ymk,makw1236,Makwe,119700,2000,"wikidata P1098 (unqualified, assumed L1)"
bpy,bish1244,Bishnupriya Manipuri,117500,2001,"wikidata P1098 (unqualified, assumed L1)"
etu,ejag1239,Ejagham,116700,2000,"wikidata P1098 (unqualified, assumed L1)"
gil,gilb1244,Gilbertese,116280,2010,"wikidata P1098 (unqualified, assumed L1)"
qul,nort2976,North Bolivian Quechua,116000,1978,"wikidata P1098 (unqualified, assumed L1)"
rup,arom1237,Aromanian,112960,1999,"wikidata P1098 (unqualified, assumed L1)"
thv,taha1241,Tahaggart Tamahaq,112900,2020,"wikidata P1098 (unqualified, assumed L1)"
bzj,beli1260,Belize Kriol English,110000,,"wikidata P1098 (unqualified, assumed L1)"
yky,yako1252,Yakoma,110000,,"wikidata P1098 (unqualified, assumed L1)"
ast,astu1245,Asturian-Leonese-Cantabrian,110000,2007,wikidata P1098 (first-language qualified)
kkv,kang1289,Kangean,110000,2000,wikidata P1098 (first-language qualified)
end,ende1246,Ende,110000,2009,"wikidata P1098 (unqualified, assumed L1)"
ibl,ibal1244,Ibaloi,110000,1990,wikidata P1098 (first-language qualified)
yka,yaka1277,Yakan,110000,1990,wikidata P1098 (first-language qualified)
hvn,sabu1255,Hawu,110000,1997,"wikidata P1098 (unqualified, assumed L1)"
csb,kash1274,Kashubian,108000,2011,"wikidata P1098 (unqualified, assumed L1)"
bre,bret1244,Breton,107000,2025,"wikidata P1098 (unqualified, assumed L1)"
jdt,jude1256,Judeo-Tat,106000,1989,"wikidata P1098 (unqualified, assumed L1)"
nbw,sout2784,Southern Ngbandi,105000,,"wikidata P1098 (unqualified, assumed L1)"
ljl,lioo1240,Li'o,105000,2009,"wikidata P1098 (unqualified, assumed L1)"
sty,sibe1250,Siberian Tatar,101000,2012,"wikidata P1098 (unqualified, assumed L1)"
niy,ngit1239,Ngiti,100000,1991,"wikidata P1098 (unqualified, assumed L1)"
lrl,lari1253,Larestani,100000,,"wikidata P1098 (unqualified, assumed L1)"
wmw,mwan1247,Mwani,100000,2006,wikidata P1098 (first-language qualified)
tjl,tail1248,Tai Laing,100000,2010,wikidata P1098 (first-language qualified)
dsq,tada1238,Tadaksahak,100000,2007,"wikidata P1098 (unqualified, assumed L1)"
fay,sout2645,Fars Dialects,100000,2012,wikidata P1098 (first-language qualified)
nto,ntom1248,Ntomba,100000,1980,"wikidata P1098 (unqualified, assumed L1)"
sdn,gall1276,Gallurese Sardinian,100000,1999,wikidata P1098 (first-language qualified)
sdc,sass1235,Sassarese Sardinian,100000,1999,"wikidata P1098 (unqualified, assumed L1)"
fng,fana1235,Fanagalo,100000,,"wikidata P1098 (unqualified, assumed L1)"
adj,adio1239,Adioukrou,100000,1999,"wikidata P1098 (unqualified, assumed L1)"
osd,,,100000,2010,"wikidata P1098 (unqualified, assumed L1)"
nrf,jerr1238,Jerriais,100000,,"wikidata P1098 (unqualified, assumed L1)"
aae,arbe1236,Arbëreshë Albanian,100000,,"wikidata P1098 (unqualified, assumed L1)"
ked,kere1283,Kerewe,100000,1987,"wikidata P1098 (unqualified, assumed L1)"
sco,scot1243,Scots,99200,2011,wikidata P1098 (first-language qualified)
adr,adon1237,Adonara,98000,2008,"wikidata P1098 (unqualified, assumed L1)"
cwe,kwer1261,Kwere,98000,,"wikidata P1098 (unqualified, assumed L1)"
myv,erzy1239,Erzya,96860,2010,"wikidata P1098 (unqualified, assumed L1)"
dta,daur1238,Dagur,96085,1999,"wikidata P1098 (unqualified, assumed L1)"
pwn,paiw1248,Paiwan,96000,,"wikidata P1098 (unqualified, assumed L1)"
auh,aush1241,Aushi,95200,,"wikidata P1098 (unqualified, assumed L1)"
tbl,tbol1240,Tboli,95000,2000,wikidata P1098 (first-language qualified)
mdy,male1284,Male (Ethiopia),94700,2007,"wikidata P1098 (unqualified, assumed L1)"
abu,abur1243,Abure,93000,2017,wikidata P1098 (first-language qualified)
bst,bask1236,Basketo,92600,2007,"wikidata P1098 (unqualified, assumed L1)"
ixl,ixil1251,Ixil,92000,,"wikidata P1098 (unqualified, assumed L1)"
omi,omii1238,Omi,91000,2005,"wikidata P1098 (unqualified, assumed L1)"
kft,kanj1259,Kanjari,91000,,"wikidata P1098 (unqualified, assumed L1)"
trw,torw1241,Torwali,90000,2011,"wikidata P1098 (unqualified, assumed L1)"
srm,sara1340,Saramaccan,90000,2013,"wikidata P1098 (unqualified, assumed L1)"
nog,noga1249,Nogai,87119,2010,"wikidata P1098 (unqualified, assumed L1)"
sjs,senh1238,Senhaja De Srair,86000,2022,"wikidata P1098 (unqualified, assumed L1)"
mlm,mula1253,Mulam,86000,,"wikidata P1098 (unqualified, assumed L1)"
sth,shel1236,Shelta,86000,,"wikidata P1098 (unqualified, assumed L1)"
crs,sese1246,Seselwa Creole French,85000,2021,"wikidata P1098 (unqualified, assumed L1)"
zai,isth1244,Isthmus Zapotec,85000,1990,wikidata P1098 (first-language qualified)
jge,jude1258,Judeo-Georgian,85000,,"wikidata P1098 (unqualified, assumed L1)"
tru,turo1239,Turoyo,84000,1994,"wikidata P1098 (unqualified, assumed L1)"
yim,yimc1240,Yimchungru Naga,83259,2011,wikidata P1098 (first-language qualified)
adl,galo1242,Galo,80597,2001,wikidata P1098 (first-language qualified)
ngi,ngiz1242,Ngizim,80000,,"wikidata P1098 (unqualified, assumed L1)"
nrb,nara1262,Nara,80000,2001,"wikidata P1098 (unqualified, assumed L1)"
auv,auve1240,Auvergnat,80000,,"wikidata P1098 (unqualified, assumed L1)"
byk,biao1253,Shidong Biao,80000,2002,wikidata P1098 (first-language qualified)
cia,ciac1237,Cia-Cia,80000,,"wikidata P1098 (unqualified, assumed L1)"
atb,zaiw1241,Zaiwa,80000,1999,"wikidata P1098 (unqualified, assumed L1)"
tay,atay1247,Atayal,80000,,"wikidata P1098 (unqualified, assumed L1)"
sbm,saga1256,Sagala,79000,,"wikidata P1098 (unqualified, assumed L1)"
cts,nort2883,Northern Catanduanes Bicolano,78000,2000,wikidata P1098 (first-language qualified)
wji,warj1253,Warji-Gala,77700,,"wikidata P1098 (unqualified, assumed L1)"
bfi,brit1235,British Sign Language,77000,2014,"wikidata P1098 (unqualified, assumed L1)"
jjr,bank1257,Bankal,75000,,"wikidata P1098 (unqualified, assumed L1)"
vro,sout2679,South Estonian,74499,2011,"wikidata P1098 (unqualified, assumed L1)"
cni,asha1243,Asháninka,73567,2017,"wikidata P1098 (unqualified, assumed L1)"
agi,agar1251,Agariya,72000,2007,"wikidata P1098 (unqualified, assumed L1)"
emp,nort2972,Northern Emberá,72000,2012,"wikidata P1098 (unqualified, assumed L1)"
bji,burj1242,Burji,70100,2007,"wikidata P1098 (unqualified, assumed L1)"
dbd,dadi1249,Dadiya,70000,,"wikidata P1098 (unqualified, assumed L1)"
slr,sala1264,Salar,70000,2002,"wikidata P1098 (unqualified, assumed L1)"
drw,darw1234,Darwazi,70000,,"wikidata P1098 (unqualified, assumed L1)"
mbo,mboc1235,Mbo (Cameroon),70000,,"wikidata P1098 (unqualified, assumed L1)"
sip,sikk1242,Sikkimese,70000,,"wikidata P1098 (unqualified, assumed L1)"
jgk,ging1241,Gingwak,70000,,"wikidata P1098 (unqualified, assumed L1)"
fit,torn1244,Meänkieli,70000,2015,"wikidata P1098 (unqualified, assumed L1)"
byn,bili1260,Bilin,70000,,"wikidata P1098 (unqualified, assumed L1)"
xsb,tina1248,Tinà Sambal,70000,2000,wikidata P1098 (first-language qualified)
cri,saot1239,Sãotomense,69899,,"wikidata P1098 (unqualified, assumed L1)"
fao,faro1244,Faroese,69150,2015,"wikidata P1098 (unqualified, assumed L1)"
gwd,gaww1239,Ale-Gawwada,69000,2007,"wikidata P1098 (unqualified, assumed L1)"
tah,tahi1242,Tahitian,68000,2007,"wikidata P1098 (unqualified, assumed L1)"
lep,lepc1244,Lepcha,66500,2011,"wikidata P1098 (unqualified, assumed L1)"
wlo,woli1241,Wolio,65000,2004,wikidata P1098 (first-language qualified)
bxu,chin1476,China Buriat,65000,1982,"wikidata P1098 (unqualified, assumed L1)"
bzy,oban1244,Obanliku,65000,1989,"wikidata P1098 (unqualified, assumed L1)"
gdl,dira1242,Dirasha,65000,2007,"wikidata P1098 (unqualified, assumed L1)"
dbm,dugu1249,Duguri,65000,2008,"wikidata P1098 (unqualified, assumed L1)"
sgh,shug1248,Shughni,64800,1989,"wikidata P1098 (unqualified, assumed L1)"
cha,cham1312,Chamorro,64300,,"wikidata P1098 (unqualified, assumed L1)"
liq,libi1250,Libido,64000,2007,"wikidata P1098 (unqualified, assumed L1)"
koi,komi1269,Komi-Permyak,63100,2010,"wikidata P1098 (unqualified, assumed L1)"
mqx,mamu1255,Mamuju,63000,2010,wikidata P1098 (first-language qualified)
jgo,ngom1272,Ngomba,63000,1999,"wikidata P1098 (unqualified, assumed L1)"
raw,rawa1265,Rawang,63000,2000,wikidata P1098 (first-language qualified)
tca,ticu1245,Ticuna,61000,2021,"wikidata P1098 (unqualified, assumed L1)"
ksd,kuan1248,Kuanua,61000,1991,wikidata P1098 (first-language qualified)
zom,zouu1235,Zou,61000,2012,"wikidata P1098 (unqualified, assumed L1)"
mah,mars1254,Marshallese,61000,2001,"wikidata P1098 (unqualified, assumed L1)"
dsh,daas1238,Daasanach,60500,2007,"wikidata P1098 (unqualified, assumed L1)"
gla,scot1245,Scottish Gaelic,60130,2011,"wikidata P1098 (unqualified, assumed L1)"
bhh,bukh1238,Bukharic,60000,,"wikidata P1098 (unqualified, assumed L1)"
jvn,cari1276,Caribbean Javanese,60000,1986,"wikidata P1098 (unqualified, assumed L1)"
wja,waja1259,Waja,60000,,"wikidata P1098 (unqualified, assumed L1)"
jpr,jude1257,Judeo-Persian,60000,,"wikidata P1098 (unqualified, assumed L1)"
nxg,ngad1261,Ngad'a,60000,1995,"wikidata P1098 (unqualified, assumed L1)"
nbh,ngam1282,Ngamo,60000,,"wikidata P1098 (unqualified, assumed L1)"
rmq,calo1236,Caló,60000,2015,wikidata P1098 (first-language qualified)
ksf,bafi1243,Bafia,60000,,"wikidata P1098 (unqualified, assumed L1)"
nnp,wanc1238,Wancho Naga,59154,2011,wikidata P1098 (first-language qualified)
msk,mans1262,Mansaka,58000,2000,wikidata P1098 (first-language qualified)
agr,agua1253,Aguaruna,56584,2017,"wikidata P1098 (unqualified, assumed L1)"
kal,kala1399,Kalaallisut,56200,2007,wikidata P1098 (first-language qualified)
alt,sout2694,Southern Altai,55720,,"wikidata P1098 (unqualified, assumed L1)"
bsk,buru1296,Burushaski,55000,,"wikidata P1098 (unqualified, assumed L1)"
nph,phom1236,Phom Naga,54416,2011,"wikidata P1098 (unqualified, assumed L1)"
sby,soli1239,Soli,54400,1986,"wikidata P1098 (unqualified, assumed L1)"
klj,turk1303,Khalaj Turkic,53900,2019,"wikidata P1098 (unqualified, assumed L1)"
wbj,alag1248,Alagwa,53000,2009,wikidata P1098 (first-language qualified)
chk,chuu1238,Chuukese,51330,2000,wikidata P1098 (first-language qualified)
smk,boli1256,Bolinao,51000,2007,wikidata P1098 (first-language qualified)
abi,abid1235,Abidji,51000,,"wikidata P1098 (unqualified, assumed L1)"
kcz,kono1265,Konongo-Ruwila,51000,1987,"wikidata P1098 (unqualified, assumed L1)"
jye,jude1267,Judeo-Yemeni Arabic,50300,1995,"wikidata P1098 (unqualified, assumed L1)"
bha,bhar1241,Bhariati,50000,2018,"wikidata P1098 (unqualified, assumed L1)"
nxe,nage1237,Nage,50000,1993,"wikidata P1098 (unqualified, assumed L1)"
mbt,mati1250,Matigsalug Manobo,50000,2010,wikidata P1098 (first-language qualified)
fcs,queb1245,Quebec Sign Language,50000,2010,"wikidata P1098 (unqualified, assumed L1)"
tiy,tiru1241,Tiruray,50000,2002,wikidata P1098 (first-language qualified)
uth,east2402,Eastern Duka,50000,2017,"wikidata P1098 (unqualified, assumed L1)"
rml,balt1257,Baltic Romani,50000,,"wikidata P1098 (unqualified, assumed L1)"
mhw,mbuk1240,Mbukushu,49710,2018,"wikidata P1098 (unqualified, assumed L1)"
abq,abaz1241,Abaza,48000,,"wikidata P1098 (unqualified, assumed L1)"
hch,huic1243,Huichol,47625,2020,"wikidata P1098 (unqualified, assumed L1)"
rys,yaey1239,Yaeyama,47600,2000,"wikidata P1098 (unqualified, assumed L1)"
rut,rutu1240,Rutul,47400,2010,"wikidata P1098 (unqualified, assumed L1)"
sci,sril1245,Sri Lanka Malay,46000,2006,"wikidata P1098 (unqualified, assumed L1)"
kdc,kutu1263,Kutu,45000,,"wikidata P1098 (unqualified, assumed L1)"
bmi,bagi1246,Bagirmi,44800,1983,"wikidata P1098 (unqualified, assumed L1)"
bra,braj1242,Braj,44000,,"wikidata P1098 (unqualified, assumed L1)"
agj,argo1244,Argobba,43700,,"wikidata P1098 (unqualified, assumed L1)"
cac,chuj1250,Chuj,43370,1991,"wikidata P1098 (unqualified, assumed L1)"
bgs,taga1272,Tagabawa,43000,1998,wikidata P1098 (first-language qualified)
kjh,khak1248,Khakas,42604,,"wikidata P1098 (unqualified, assumed L1)"
bxm,mong1330,Mongolia Buriat,42500,2016,"wikidata P1098 (unqualified, assumed L1)"
tuq,teda1241,Tedaga,42500,,"wikidata P1098 (unqualified, assumed L1)"
kcn,nubi1253,Nubi,42000,2002,wikidata P1098 (first-language qualified)
tft,tern1247,Ternate,42000,,"wikidata P1098 (unqualified, assumed L1)"
dng,dung1253,Dungan,41400,2001,"wikidata P1098 (unqualified, assumed L1)"
lif,limb1266,Limbu,40835,2011,wikidata P1098 (first-language qualified)
gss,gree1271,Greek Sign Language,40600,1986,"wikidata P1098 (unqualified, assumed L1)"
rwm,amba1263,Amba (Uganda),40100,2002,"wikidata P1098 (unqualified, assumed L1)"
roh,roma1326,Romansh,40039,2012,"wikidata P1098 (unqualified, assumed L1)"
bau,bada1258,Bada (Nigeria),40000,,"wikidata P1098 (unqualified, assumed L1)"
hac,gura1251,Gurani,40000,,"wikidata P1098 (unqualified, assumed L1)"
nhn,cent2132,Tlaxcala-Puebla-Central Nahuatl,40000,1980,wikidata P1098 (first-language qualified)
sad,sand1273,Sandawe,40000,,"wikidata P1098 (unqualified, assumed L1)"
geh,hutt1235,Hutterite German,40000,2007,"wikidata P1098 (unqualified, assumed L1)"
tob,toba1269,Toba,40000,,"wikidata P1098 (unqualified, assumed L1)"
ask,ashk1246,Ashkun,40000,,"wikidata P1098 (unqualified, assumed L1)"
qub,hual1241,Huallaga Huánuco Quechua,40000,1993,"wikidata P1098 (unqualified, assumed L1)"
xxk,keoo1238,Kéo,40000,2001,"wikidata P1098 (unqualified, assumed L1)"
uuu,uuuu1243,U,40000,2000,wikidata P1098 (first-language qualified)
kvq,geba1237,Geba Karen,40000,2010,"wikidata P1098 (unqualified, assumed L1)"
mkl,moko1243,Mokole,39600,2021,"wikidata P1098 (unqualified, assumed L1)"
meu,motu1246,Motu,39000,,"wikidata P1098 (unqualified, assumed L1)"
mfy,mayo1264,Mayo,39000,2020,wikidata P1098 (first-language qualified)
kkw,teke1280,Teke-Kukuya,38800,2000,"wikidata P1098 (unqualified, assumed L1)"
bnn,bunu1267,Bunun,38000,2002,wikidata P1098 (first-language qualified)
dot,dass1243,Dass,37582,,"wikidata P1098 (unqualified, assumed L1)"
caq,carn1240,Car Nicobarese,37000,,"wikidata P1098 (unqualified, assumed L1)"
oyd,oyda1235,Oyda,37000,2007,"wikidata P1098 (unqualified, assumed L1)"
bqn,bulg1240,Bulgarian Sign Language,37000,2014,"wikidata P1098 (unqualified, assumed L1)"
cdm,chep1245,Chepang,36807,2001,"wikidata P1098 (unqualified, assumed L1)"
poi,high1276,Highland Popoluca,36000,2020,wikidata P1098 (first-language qualified)
ntk,ikom1245,Ikoma-Nata,36000,2005,"wikidata P1098 (unqualified, assumed L1)"
krl,kare1335,Karelian,35600,2010,wikidata P1098 (first-language qualified)
baz,tune1241,Tunen (Retired),35300,1982,"wikidata P1098 (unqualified, assumed L1)"
jiv,shua1257,Shuar,35000,2007,"wikidata P1098 (unqualified, assumed L1)"
tvu,tune1261,Tunen,35000,,"wikidata P1098 (unqualified, assumed L1)"
slm,pang1291,Pangutaran Sama,35000,2000,wikidata P1098 (first-language qualified)
shp,ship1254,Shipibo-Conibo,34152,2017,"wikidata P1098 (unqualified, assumed L1)"
crk,plai1258,Plains Cree,34000,1982,wikidata P1098 (first-language qualified)
kxl,nepa1253,Nepali Kurux,33700,2011,"wikidata P1098 (unqualified, assumed L1)"
ktz,juho1239,South-Eastern Ju,33600,,"wikidata P1098 (unqualified, assumed L1)"
bsc,bass1258,Bassari-Tanda,33600,,"wikidata P1098 (unqualified, assumed L1)"
inb,inga1252,Colombian Inga,33000,2007,"wikidata P1098 (unqualified, assumed L1)"
jac,popt1235,Popti',33000,2019,wikidata P1098 (first-language qualified)
mhs,buru1303,Buru (Indonesia),32980,,"wikidata P1098 (unqualified, assumed L1)"
ddn,dend1243,Dendi (Benin),32050,,"wikidata P1098 (unqualified, assumed L1)"
bri,mokp1239,Mokpwe,32000,,"wikidata P1098 (unqualified, assumed L1)"
tny,tong1320,Tongwe,31600,,"wikidata P1098 (unqualified, assumed L1)"
nzy,nzak1246,Nzakambay,31500,,"wikidata P1098 (unqualified, assumed L1)"
jun,juan1238,Juang,30875,2001,"wikidata P1098 (unqualified, assumed L1)"
olo,livv1243,Livvi,30770,2010,"wikidata P1098 (unqualified, assumed L1)"
tul,tula1252,Tula,30000,,"wikidata P1098 (unqualified, assumed L1)"
nag,naga1394,Naga Pidgin,30000,1989,"wikidata P1098 (unqualified, assumed L1)"
mmd,maon1241,Maonan,30000,2005,"wikidata P1098 (unqualified, assumed L1)"
azr,adze1241,Adzera (Retired),30000,,"wikidata P1098 (unqualified, assumed L1)"
adz,adze1240,Adzera,30000,,"wikidata P1098 (unqualified, assumed L1)"
qvc,caja1238,Cajamarca Quechua,30000,2001,"wikidata P1098 (unqualified, assumed L1)"
lsi,lash1243,Lashi,30000,2012,wikidata P1098 (first-language qualified)
mrj,west2392,Western Mari,30000,2012,"wikidata P1098 (unqualified, assumed L1)"
sjo,xibe1242,Xibe,30000,,"wikidata P1098 (unqualified, assumed L1)"
mba,higa1237,Higaonon,30000,1996,wikidata P1098 (first-language qualified)
lld,ladi1250,Ladin,30000,,"wikidata P1098 (unqualified, assumed L1)"
cgc,kaga1256,Kagayanen,30000,2007,wikidata P1098 (first-language qualified)
caa,chor1273,Ch'orti',30000,1990,"wikidata P1098 (unqualified, assumed L1)"
oci,occi1239,Occitan,30000,2030,"wikidata P1098 (unqualified, assumed L1)"
mkf,miya1266,Miya,30000,,"wikidata P1098 (unqualified, assumed L1)"
blz,bala1315,Balantak,30000,2000,wikidata P1098 (first-language qualified)
agx,aghu1253,Aghul,29300,2010,"wikidata P1098 (unqualified, assumed L1)"
pon,pohn1238,Pohnpeian,29000,2001,wikidata P1098 (first-language qualified)
snp,sian1257,Siane,29000,2000,wikidata P1098 (first-language qualified)
sne,baub1235,Bau-Jagoi Bidayuh,29000,2000,wikidata P1098 (first-language qualified)
wlc,mwal1237,Mwali Comorian,28700,,"wikidata P1098 (unqualified, assumed L1)"
wba,wara1303,Warao,28100,2007,"wikidata P1098 (unqualified, assumed L1)"
tmw,temu1239,Temuan,28000,2008,wikidata P1098 (first-language qualified)
lbo,lave1248,Laven,28000,,"wikidata P1098 (unqualified, assumed L1)"
zab,sanj1284,Western Tlacolula Valley Zapotec,28000,1990,wikidata P1098 (first-language qualified)
tlb,tobe1252,Tobelo,27720,,"wikidata P1098 (unqualified, assumed L1)"
bdp,bend1258,Bende,27000,,"wikidata P1098 (unqualified, assumed L1)"
agd,agar1252,Agarabi,27000,,"wikidata P1098 (unqualified, assumed L1)"
tda,tagd1238,Tagdal,26900,2000,"wikidata P1098 (unqualified, assumed L1)"
haw,hawa1245,Hawaiian,26205,2010,"wikidata P1098 (unqualified, assumed L1)"
gnd,zulg1242,Zulgo-Gemzek,26000,2002,"wikidata P1098 (unqualified, assumed L1)"
led,lend1245,Lendu,26000,,"wikidata P1098 (unqualified, assumed L1)"
lel,lele1265,Lele (Democratic Republic of Congo),26000,,"wikidata P1098 (unqualified, assumed L1)"
har,hara1271,Harari,25810,,"wikidata P1098 (unqualified, assumed L1)"
sme,nort2671,North Saami,25700,2009,"wikidata P1098 (unqualified, assumed L1)"
cfa,diji1241,Dijim-Bwilim,25000,,"wikidata P1098 (unqualified, assumed L1)"
xdq,kajt1238,Kajtak,25000,,"wikidata P1098 (unqualified, assumed L1)"
aol,alor1247,Alorese,25000,1997,"wikidata P1098 (unqualified, assumed L1)"
gah,alek1238,Alekano,25000,1999,"wikidata P1098 (unqualified, assumed L1)"
pip,pero1241,Pero,25000,,"wikidata P1098 (unqualified, assumed L1)"
pis,piji1239,Pijin,25000,,"wikidata P1098 (unqualified, assumed L1)"
lmy,lamb1273,Lamboya,25000,1997,wikidata P1098 (first-language qualified)
mhp,bali1279,Balinese Malay,25000,2000,"wikidata P1098 (unqualified, assumed L1)"
bwc,bwil1245,Bwile,24800,,"wikidata P1098 (unqualified, assumed L1)"
mql,mbel1240,Mbelime,24500,,"wikidata P1098 (unqualified, assumed L1)"
bsh,kati1270,Katë,24200,,"wikidata P1098 (unqualified, assumed L1)"
yey,yeyi1239,Yeyi,24000,,"wikidata P1098 (unqualified, assumed L1)"
sle,shol1240,Sholaga,24000,2006,wikidata P1098 (first-language qualified)
doe,doee1238,Doe,24000,,"wikidata P1098 (unqualified, assumed L1)"
bff,bofi1238,Bofi,23500,,"wikidata P1098 (unqualified, assumed L1)"
guh,guah1255,Sikuani,23006,,"wikidata P1098 (unqualified, assumed L1)"
anm,anal1239,Anal,23000,,"wikidata P1098 (unqualified, assumed L1)"
tkr,tsak1249,Tsakhur,23000,1989,"wikidata P1098 (unqualified, assumed L1)"
bld,bola1252,Bolango,23000,1986,"wikidata P1098 (unqualified, assumed L1)"
xma,mush1238,Mushungulu,23000,,"wikidata P1098 (unqualified, assumed L1)"
bcw,bana1305,Bana,23000,2007,"wikidata P1098 (unqualified, assumed L1)"
sli,lowe1388,Lower Silesian,22900,,"wikidata P1098 (unqualified, assumed L1)"
wae,wals1238,Walser,22780,,"wikidata P1098 (unqualified, assumed L1)"
dhm,zemb1238,Zemba,22000,,"wikidata P1098 (unqualified, assumed L1)"
yrk,nene1249,Tundra Nenets,21926,2010,"wikidata P1098 (unqualified, assumed L1)"
abx,inab1237,Inabaknon,21400,,"wikidata P1098 (unqualified, assumed L1)"
csg,chil1264,Chilean Sign Language,21000,,"wikidata P1098 (unqualified, assumed L1)"
ygr,yaga1260,Yagaria,21000,1982,"wikidata P1098 (unqualified, assumed L1)"
gum,guam1248,Guambiano,20782,,"wikidata P1098 (unqualified, assumed L1)"
nzs,newz1236,New Zealand Sign Language,20200,,"wikidata P1098 (unqualified, assumed L1)"
szn,sula1248,Sula,20000,,"wikidata P1098 (unqualified, assumed L1)"
kna,dera1248,Dera (Nigeria),20000,,"wikidata P1098 (unqualified, assumed L1)"
mnz,moni1261,Moni,20000,1991,"wikidata P1098 (unqualified, assumed L1)"
quf,lamb1276,Lambayeque Quechua,20000,1998,"wikidata P1098 (unqualified, assumed L1)"
mky,east2440,East Makian,20000,,"wikidata P1098 (unqualified, assumed L1)"
hca,anda1280,Andaman Creole Hindi,20000,1994,"wikidata P1098 (unqualified, assumed L1)"
pga,suda1237,South Sudanese Creole Arabic,20000,1987,wikidata P1098 (first-language qualified)
kcq,kamo1254,Kamo,20000,,"wikidata P1098 (unqualified, assumed L1)"
kfc,kond1295,Konda-Dora,20000,,"wikidata P1098 (unqualified, assumed L1)"
oua,taga1278,Ouargli,20000,2014,"wikidata P1098 (unqualified, assumed L1)"
dun,dusu1271,Dusun Deyah,20000,1981,"wikidata P1098 (unqualified, assumed L1)"
nuo,nguo1239,Nguôn,20000,,"wikidata P1098 (unqualified, assumed L1)"
trv,taro1264,Seediq,20000,2008,"wikidata P1098 (unqualified, assumed L1)"
ani,andi1255,Andi,20000,,"wikidata P1098 (unqualified, assumed L1)"
lrt,lara1260,Larantuka Malay,20000,2007,"wikidata P1098 (unqualified, assumed L1)"
dak,dako1258,Dakota,20000,2011,"wikidata P1098 (unqualified, assumed L1)"
bvb,bube1242,Bube,20000,,"wikidata P1098 (unqualified, assumed L1)"
dox,buss1239,Bussa,19020,2007,"wikidata P1098 (unqualified, assumed L1)"
mek,meke1243,Mekeo,19000,2003,"wikidata P1098 (unqualified, assumed L1)"
mju,mann1245,Manna-Dora,18964,,"wikidata P1098 (unqualified, assumed L1)"
maa,sanj1286,San Jerónimo Tecóatl Mazatec,18900,2000,"wikidata P1098 (unqualified, assumed L1)"
xom,komo1258,Komo (Sudan-Ethiopia),18530,,"wikidata P1098 (unqualified, assumed L1)"
kie,kibe1241,Kibet,18500,1983,"wikidata P1098 (unqualified, assumed L1)"
mpe,maja1242,Majang,18500,2007,"wikidata P1098 (unqualified, assumed L1)"
alu,area1240,'Are'are,18000,1999,wikidata P1098 (first-language qualified)
mfh,mata1306,Matal,18000,1982,wikidata P1098 (first-language qualified)
dow,doya1240,Doyayo,18000,1985,"wikidata P1098 (unqualified, assumed L1)"
snc,sina1266,Sinaugoro,18000,2000,wikidata P1098 (first-language qualified)
rar,raro1241,Southern Cook Island Maori,17500,2018,"wikidata P1098 (unqualified, assumed L1)"
bwe,bwek1238,Bwe Karen,17200,1997,"wikidata P1098 (unqualified, assumed L1)"
pau,pala1344,Palauan,17000,,"wikidata P1098 (unqualified, assumed L1)"
alp,alun1238,Alune,17000,2000,wikidata P1098 (first-language qualified)
esu,cent2127,Central Alaskan Yupik,16900,,"wikidata P1098 (unqualified, assumed L1)"
kcu,kami1256,Kami (Tanzania),16400,,"wikidata P1098 (unqualified, assumed L1)"
guu,yano1261,Yanomamö,16200,,"wikidata P1098 (unqualified, assumed L1)"
xsr,sher1255,Solu-Khumbu Sherpa,16012,2011,wikidata P1098 (first-language qualified)
srh,sari1246,Sarikoli,16000,,"wikidata P1098 (unqualified, assumed L1)"
ter,tere1279,Terena-Kinikinao-Chane,16000,2006,"wikidata P1098 (unqualified, assumed L1)"
yog,yoga1237,Yogad,16000,1990,wikidata P1098 (first-language qualified)
yec,yeni1236,Yeniche,16000,2006,wikidata P1098 (first-language qualified)
dhv,dehu1237,Dehu,15949,2014,"wikidata P1098 (unqualified, assumed L1)"
evn,even1259,Evenki,15800,2010,"wikidata P1098 (unqualified, assumed L1)"
swb,maor1244,Maore Comorian,15200,2012,"wikidata P1098 (unqualified, assumed L1)"
tby,taba1263,Tabaru,15000,1991,wikidata P1098 (first-language qualified)
xkz,kurt1248,Kurtokha,15000,2011,wikidata P1098 (first-language qualified)
klr,khal1275,Khaling,15000,2011,wikidata P1098 (first-language qualified)
ood,toho1245,Tohono O'odham,15000,2007,wikidata P1098 (first-language qualified)
cto,embe1260,Emberá-Catío,15000,1992,"wikidata P1098 (unqualified, assumed L1)"
dse,dutc1253,Dutch Sign Language,15000,2018,"wikidata P1098 (unqualified, assumed L1)"
fse,finn1310,Finnish Sign Language,15000,2006,"wikidata P1098 (unqualified, assumed L1)"
sva,svan1243,Svan,15000,,"wikidata P1098 (unqualified, assumed L1)"
mbb,west2555,Western Bukidnon Manobo,15000,2008,wikidata P1098 (first-language qualified)
mwl,mira1251,Mirandese,15000,2000,"wikidata P1098 (unqualified, assumed L1)"
ldm,land1256,Landoma,15000,,"wikidata P1098 (unqualified, assumed L1)"
pmt,tuam1242,Tuamotuan,15000,,"wikidata P1098 (unqualified, assumed L1)"
qvs,sanm1289,San Martín Quechua,15000,2000,"wikidata P1098 (unqualified, assumed L1)"
yli,angg1239,Angguruk Yali,15000,1991,"wikidata P1098 (unqualified, assumed L1)"
lqr,logi1239,Logir,15000,,"wikidata P1098 (unqualified, assumed L1)"
lbj,lada1244,Leh Ladakhi,14952,2011,"wikidata P1098 (unqualified, assumed L1)"
pug,phui1238,Phuie,14300,2000,"wikidata P1098 (unqualified, assumed L1)"
duu,drun1238,Drung,14225,,"wikidata P1098 (unqualified, assumed L1)"
rsk,pann1240,Pannonian Ruthenian,14185,2011,"wikidata P1098 (unqualified, assumed L1)"
uhn,dama1272,Damal,14000,2000,"wikidata P1098 (unqualified, assumed L1)"
bgj,bang1356,Bangolan,14000,2008,"wikidata P1098 (unqualified, assumed L1)"
cbt,chay1248,Shawi,14000,2011,"wikidata P1098 (unqualified, assumed L1)"
riu,riun1237,Riung,14000,1981,"wikidata P1098 (unqualified, assumed L1)"
pid,piar1243,Piaroa,13770,2012,"wikidata P1098 (unqualified, assumed L1)"
apw,west2615,Western Apache,13445,2013,wikidata P1098 (first-language qualified)
hsb,uppe1395,Upper Sorbian,13300,2007,"wikidata P1098 (unqualified, assumed L1)"
gha,ghad1239,Ghadames,13100,2006,"wikidata P1098 (unqualified, assumed L1)"
kzg,kika1239,Kikai,13100,2000,wikidata P1098 (first-language qualified)
kht,kham1290,Khamti,13000,2000,wikidata P1098 (first-language qualified)
tvl,tuva1244,Tuvalu,13000,,"wikidata P1098 (unqualified, assumed L1)"
wap,wapi1253,Wapishana,13000,2000,"wikidata P1098 (unqualified, assumed L1)"
ghs,guhu1244,Guhu-Samane,13000,2000,wikidata P1098 (first-language qualified)
yul,yulu1243,Yulu-Binga,13000,1987,"wikidata P1098 (unqualified, assumed L1)"
qux,yauy1235,Yauyos Quechua,13000,2000,"wikidata P1098 (unqualified, assumed L1)"
csq,croa1242,Croatian Sign Language,13000,2014,"wikidata P1098 (unqualified, assumed L1)"
sqs,sril1237,Sri Lankan Sign Language,12800,1986,"wikidata P1098 (unqualified, assumed L1)"
ssn,waat1238,Waata,12600,2009,"wikidata P1098 (unqualified, assumed L1)"
abm,aban1242,Abanyom,12500,,"wikidata P1098 (unqualified, assumed L1)"
ddo,dido1241,Tsez,12467,,"wikidata P1098 (unqualified, assumed L1)"
chr,cher1273,Cherokee,12300,2010,"wikidata P1098 (unqualified, assumed L1)"
kwi,awac1239,Awa-Cuaiquer,12055,2005,"wikidata P1098 (unqualified, assumed L1)"
bne,bint1245,Bintauna,12000,2004,"wikidata P1098 (unqualified, assumed L1)"
atq,aral1243,Aralle-Tabulahan,12000,1984,"wikidata P1098 (unqualified, assumed L1)"
yai,yagn1238,Yagnobi,12000,,"wikidata P1098 (unqualified, assumed L1)"
lcm,tung1290,Tungag,12000,1990,"wikidata P1098 (unqualified, assumed L1)"
mbf,baba1267,Baba Malay,12000,2006,"wikidata P1098 (unqualified, assumed L1)"
bbt,mbur1239,Mburku,12000,,"wikidata P1098 (unqualified, assumed L1)"
szw,sawa1247,Sawai,12000,,"wikidata P1098 (unqualified, assumed L1)"
aib,ainu1251,Ainu (China),12000,2017,"wikidata P1098 (unqualified, assumed L1)"
aut,aust1304,Austral,12000,,"wikidata P1098 (unqualified, assumed L1)"
mqs,west2600,West Makian,12000,1977,wikidata P1098 (first-language qualified)
lcl,lise1239,Lisela,11900,1989,"wikidata P1098 (unqualified, assumed L1)"
wbl,wakh1245,Wakhi,11900,1989,"wikidata P1098 (unqualified, assumed L1)"
wbk,waig1243,Nuristani Kalasha,11500,2011,"wikidata P1098 (unqualified, assumed L1)"
dbp,duwa1244,Duwai,11400,,"wikidata P1098 (unqualified, assumed L1)"
chp,chip1261,Chipewyan,11325,2016,"wikidata P1098 (unqualified, assumed L1)"
kuh,kush1236,Kushi,11000,,"wikidata P1098 (unqualified, assumed L1)"
moe,mont1268,Montagnais,11000,2011,"wikidata P1098 (unqualified, assumed L1)"
fax,fala1241,Fala,11000,1994,wikidata P1098 (first-language qualified)
ptn,pata1260,Patani,10600,,"wikidata P1098 (unqualified, assumed L1)"
ojs,seve1240,Severn Ojibwa,10500,,"wikidata P1098 (unqualified, assumed L1)"
dru,ruka1240,Rukai,10500,2002,wikidata P1098 (first-language qualified)
agu,agua1252,Aguacateco,10100,2019,"wikidata P1098 (unqualified, assumed L1)"
asf,aust1271,Auslan,10100,2016,"wikidata P1098 (unqualified, assumed L1)"
huy,hula1244,Hulaulá,10000,,"wikidata P1098 (unqualified, assumed L1)"
lou,loui1240,Louisiana Creole French,10000,2010,wikidata P1098 (first-language qualified)
niu,niue1239,Niuean,10000,1998,"wikidata P1098 (unqualified, assumed L1)"
tnf,tang1374,Tangshewi,10000,,"wikidata P1098 (unqualified, assumed L1)"
ple,palu1252,Palu'e,10000,1997,"wikidata P1098 (unqualified, assumed L1)"
vgr,vagh1246,Vaghri,10000,1998,wikidata P1098 (first-language qualified)
rmf,kalo1256,Kalo Finnish Romani,10000,2001,wikidata P1098 (first-language qualified)
car,gali1262,Galibi Carib,10000,,"wikidata P1098 (unqualified, assumed L1)"
yva,nucl1454,Yawa,10000,,"wikidata P1098 (unqualified, assumed L1)"
phl,phal1254,Palula,10000,2008,wikidata P1098 (first-language qualified)
lms,limo1250,Limousin,10000,,"wikidata P1098 (unqualified, assumed L1)"
cbi,chac1249,Cha'palaa,10000,2013,"wikidata P1098 (unqualified, assumed L1)"
peh,bona1250,Bonan,10000,2017,"wikidata P1098 (unqualified, assumed L1)"
mcq,esee1247,Ese,10000,2000,wikidata P1098 (first-language qualified)
ryn,nort2935,Northern Amami-Oshima,10000,2004,wikidata P1098 (first-language qualified)
lur,laur1249,Laura,10000,,"wikidata P1098 (unqualified, assumed L1)"
kvb,kubu1239,Kubu,10000,1989,"wikidata P1098 (unqualified, assumed L1)"
bis,bisl1239,Bislama,10000,2011,"wikidata P1098 (unqualified, assumed L1)"
scp,hela1238,Lamjung-Melamchi Yolmo,10000,,"wikidata P1098 (unqualified, assumed L1)"
frr,nort2626,Northern Frisian,10000,1976,"wikidata P1098 (unqualified, assumed L1)"
ssq,cent2074,Central Ngada,10000,1994,"wikidata P1098 (unqualified, assumed L1)"
sea,sema1266,Semai,10000,2007,wikidata P1098 (first-language qualified)
ojw,west1510,Western Ojibwa,10000,2002,wikidata P1098 (first-language qualified)
kot,lagw1237,Lagwan,10000,2004,wikidata P1098 (first-language qualified)
kth,kara1484,Karanga,10000,1999,"wikidata P1098 (unqualified, assumed L1)"
kry,kryt1240,Kryz,10000,,"wikidata P1098 (unqualified, assumed L1)"
deq,dend1242,Dendi (Central African Republic),10000,1996,"wikidata P1098 (unqualified, assumed L1)"
beu,blag1240,Blagar,10000,2014,wikidata P1098 (first-language qualified)
kxb,krob1245,Krobu,9920,1993,"wikidata P1098 (unqualified, assumed L1)"
cjo,ashe1273,Ashéninka Pajonal,9881,2017,"wikidata P1098 (unqualified, assumed L1)"
sdp,sher1257,Sherdukpen,9663,2011,"wikidata P1098 (unqualified, assumed L1)"
zun,zuni1245,Zuni,9650,,"wikidata P1098 (unqualified, assumed L1)"
xav,xava1240,Xavánte,9600,2006,"wikidata P1098 (unqualified, assumed L1)"
mbc,macu1259,Macushi,9600,,"wikidata P1098 (unqualified, assumed L1)"
kvt,laht1236,Lahta Karen,9550,2000,"wikidata P1098 (unqualified, assumed L1)"
gwt,gawa1247,Gawar-Bati,9500,,"wikidata P1098 (unqualified, assumed L1)"
nau,naur1243,Nauru,9300,2013,wikidata P1098 (first-language qualified)
kxk,zaye1235,Lahta-Zayein Karen,9300,1983,"wikidata P1098 (unqualified, assumed L1)"
kca,khan1273,Kazym-Berezover-Suryskarer Khanty,9230,2021,"wikidata P1098 (unqualified, assumed L1)"
cho,choc1276,Choctaw,9200,,"wikidata P1098 (unqualified, assumed L1)"
mav,sate1243,Sateré-Mawé,9200,2008,wikidata P1098 (first-language qualified)
vid,vidu1238,Vidunda,9000,,"wikidata P1098 (unqualified, assumed L1)"
rtm,rotu1241,Rotuman,9000,,"wikidata P1098 (unqualified, assumed L1)"
saf,safa1243,Safaliba,9000,2019,"wikidata P1098 (unqualified, assumed L1)"
aaa,ghot1243,Ghotuo,9000,1994,"wikidata P1098 (unqualified, assumed L1)"
bfw,bond1245,Bondo,9000,2002,"wikidata P1098 (unqualified, assumed L1)"
lbc,lakk1238,Lakkia,9000,2007,wikidata P1098 (first-language qualified)
hkk,hunj1241,Hunjara-Kaina Ke,8770,2000,"wikidata P1098 (unqualified, assumed L1)"
nen,neng1238,Nengone,8700,2009,wikidata P1098 (first-language qualified)
pyu,puyu1239,Puyuma,8500,2002,wikidata P1098 (first-language qualified)
mlw,molo1266,Moloko,8500,,"wikidata P1098 (unqualified, assumed L1)"
arg,arag1245,Aragonese,8500,2022,wikidata P1098 (first-language qualified)
nfl,ayiw1239,Äiwoo,8400,1999,wikidata P1098 (first-language qualified)
mic,mikm1235,Mi'kmaq,8270,2011,"wikidata P1098 (unqualified, assumed L1)"
tjo,tema1243,Oued Righ,8100,2020,"wikidata P1098 (unqualified, assumed L1)"
kkf,kala1376,Kalaktang Monpa,8000,2005,"wikidata P1098 (unqualified, assumed L1)"
opm,oksa1245,Oksapmin,8000,1991,"wikidata P1098 (unqualified, assumed L1)"
yrl,nhen1239,Nhengatu,8000,,"wikidata P1098 (unqualified, assumed L1)"
udi,udii1243,Udi,8000,,"wikidata P1098 (unqualified, assumed L1)"
hub,huam1247,Huambisa,8000,2012,"wikidata P1098 (unqualified, assumed L1)"
pqa,paaa1242,Pa'a,8000,,"wikidata P1098 (unqualified, assumed L1)"
swl,swed1236,Swedish Sign Language,8000,2021,wikidata P1098 (first-language qualified)
kgq,kamo1255,Kamoro,8000,1987,"wikidata P1098 (unqualified, assumed L1)"
kos,kosr1238,Kosraean,8000,,"wikidata P1098 (unqualified, assumed L1)"
prn,pras1239,Prasun,8000,,"wikidata P1098 (unqualified, assumed L1)"
txn,west2538,West Tarangan,7910,2011,"wikidata P1098 (unqualified, assumed L1)"
tcs,torr1261,Torres Strait-Lockhart River Creole,7800,2021,wikidata P1098 (first-language qualified)
app,apma1240,Apma,7800,,"wikidata P1098 (unqualified, assumed L1)"
muz,murs1242,Mursi,7500,,"wikidata P1098 (unqualified, assumed L1)"
csx,camb1244,Cambodian Sign Language,7500,2015,"wikidata P1098 (unqualified, assumed L1)"
yup,yukp1241,Yukpa,7500,2011,"wikidata P1098 (unqualified, assumed L1)"
tnp,whit1269,Whitesands,7500,2001,wikidata P1098 (first-language qualified)
xtm,magd1235,Magdalena Peñasco Mixtec,7400,2005,wikidata P1098 (first-language qualified)
aau,abau1245,Abau,7270,2000,"wikidata P1098 (unqualified, assumed L1)"
arv,arbo1245,Arbore,7210,2007,"wikidata P1098 (unqualified, assumed L1)"
dwa,diri1259,Diri,7200,,"wikidata P1098 (unqualified, assumed L1)"
txu,kaya1330,Mebengokre,7100,,"wikidata P1098 (unqualified, assumed L1)"
baa,baba1268,Babatana,7070,1999,"wikidata P1098 (unqualified, assumed L1)"
bsg,bash1263,Bashkardi,7030,2000,"wikidata P1098 (unqualified, assumed L1)"
gzi,gazi1243,Gazic,7030,2000,"wikidata P1098 (unqualified, assumed L1)"
gnw,west2640,Western Bolivian Guaraní,7000,2002,"wikidata P1098 (unqualified, assumed L1)"
myu,mund1330,Mundurukú,7000,,"wikidata P1098 (unqualified, assumed L1)"
isv,inte1263,Interslavic zonal constructed language,7000,2020,"wikidata P1098 (unqualified, assumed L1)"
aue,kxau1241,Groot Laagte =/Kx'au//'ein,7000,,"wikidata P1098 (unqualified, assumed L1)"
quk,chac1250,Chachapoyas Quechua,7000,2003,"wikidata P1098 (unqualified, assumed L1)"
mrz,nucl1622,Marind,7000,1987,"wikidata P1098 (unqualified, assumed L1)"
hop,hopi1249,Hopi,6780,2010,"wikidata P1098 (unqualified, assumed L1)"
tin,tind1238,Tindi,6693,2000,"wikidata P1098 (unqualified, assumed L1)"
kee,east1472,Eastern Keres,6680,2007,"wikidata P1098 (unqualified, assumed L1)"
dsb,lowe1385,Lower Sorbian,6670,2007,"wikidata P1098 (unqualified, assumed L1)"
ruy,mala1471,Mala (Nigeria),6600,2000,"wikidata P1098 (unqualified, assumed L1)"
byr,baru1267,Baruya,6600,1990,"wikidata P1098 (unqualified, assumed L1)"
not,noma1263,Nomatsiguenga,6500,2003,"wikidata P1098 (unqualified, assumed L1)"
pio,piap1246,Piapoco,6400,2001,"wikidata P1098 (unqualified, assumed L1)"
cub,cube1242,Cubeo,6300,2009,"wikidata P1098 (unqualified, assumed L1)"
nac,nara1264,Narak,6200,2000,"wikidata P1098 (unqualified, assumed L1)"
mcb,mach1267,Machiguenga,6200,2007,"wikidata P1098 (unqualified, assumed L1)"
ebk,east2881,Eastern Bontok,6170,2007,wikidata P1098 (first-language qualified)
atj,atik1240,Atikamekw,6160,2016,"wikidata P1098 (unqualified, assumed L1)"
ydg,yidg1240,Yidgha,6150,,"wikidata P1098 (unqualified, assumed L1)"
wca,yano1262,Yanomám,6000,2006,"wikidata P1098 (unqualified, assumed L1)"
bsj,bang1348,Bangwinji,6000,,"wikidata P1098 (unqualified, assumed L1)"
kuk,kepo1237,Kepo',6000,2010,"wikidata P1098 (unqualified, assumed L1)"
kpt,kara1474,Karata-Tukita,6000,,"wikidata P1098 (unqualified, assumed L1)"
kap,bezh1248,Bezhta,6000,,"wikidata P1098 (unqualified, assumed L1)"
des,desa1247,Desano,6000,,"wikidata P1098 (unqualified, assumed L1)"
xka,kalk1245,Kalkoti,6000,2018,wikidata P1098 (first-language qualified)
mrq,nort2845,North Marquesan,6000,,"wikidata P1098 (unqualified, assumed L1)"
fpe,fern1234,Pichi,6000,2011,"wikidata P1098 (unqualified, assumed L1)"
awo,awak1250,Awak,6000,,"wikidata P1098 (unqualified, assumed L1)"
lwt,lewo1244,Lewotobi,6000,,"wikidata P1098 (unqualified, assumed L1)"
tdr,todr1244,Todrah,6000,,"wikidata P1098 (unqualified, assumed L1)"
mch,maqu1238,Ye'kwana,6000,2001,"wikidata P1098 (unqualified, assumed L1)"
cal,caro1242,Carolinian,5700,,"wikidata P1098 (unqualified, assumed L1)"
yad,yagu1244,Yagua,5700,2000,"wikidata P1098 (unqualified, assumed L1)"
eve,even1260,Even,5660,2010,"wikidata P1098 (unqualified, assumed L1)"
fab,fada1250,Annobonese,5600,2010,"wikidata P1098 (unqualified, assumed L1)"
vaj,vase1234,Northern Ju,5600,,"wikidata P1098 (unqualified, assumed L1)"
mto,toto1305,Totontepec Mixe,5500,2000,wikidata P1098 (first-language qualified)
bsw,bais1246,Baiso,5480,2007,"wikidata P1098 (unqualified, assumed L1)"
dov,domb1246,Toka-Leya-Dombe,5430,2006,"wikidata P1098 (unqualified, assumed L1)"
aji,ajie1238,Ajië,5400,2009,wikidata P1098 (first-language qualified)
cas,mose1249,Mosetén-Chimané,5300,2004,"wikidata P1098 (unqualified, assumed L1)"
yap,yape1248,Yapese,5130,2005,wikidata P1098 (first-language qualified)
ckt,chuk1273,Chukchi,5100,2010,"wikidata P1098 (unqualified, assumed L1)"
bla,siks1238,Siksika,5000,,"wikidata P1098 (unqualified, assumed L1)"
pib,yine1238,Yine,5000,2004,"wikidata P1098 (unqualified, assumed L1)"
urk,urak1238,Urak Lawoi',5000,2012,wikidata P1098 (first-language qualified)
jje,jeju1234,Jejueo,5000,2014,wikidata P1098 (first-language qualified)
kdx,kamm1249,Kam,5000,1993,"wikidata P1098 (unqualified, assumed L1)"
piy,piya1245,Piya-Kwonci,5000,,"wikidata P1098 (unqualified, assumed L1)"
rap,rapa1244,Rapanui,5000,,"wikidata P1098 (unqualified, assumed L1)"
nmy,namu1246,Namuyi,5000,2007,wikidata P1098 (first-language qualified)
yle,yele1255,Yele,5000,2011,"wikidata P1098 (unqualified, assumed L1)"
nea,east2464,Eastern Ngad'a,5000,1994,"wikidata P1098 (unqualified, assumed L1)"
reb,remb1250,Rembong-Wangka,5000,2010,"wikidata P1098 (unqualified, assumed L1)"
bdc,embe1259,Emberá-Baudó,5000,1995,"wikidata P1098 (unqualified, assumed L1)"
kls,kala1372,Chitral Kalasha,5000,2000,wikidata P1098 (first-language qualified)
wyy,west2519,Western Viti Levu-Yasawas Fijian,5000,,"wikidata P1098 (unqualified, assumed L1)"
lnc,lang1334,Languedocien,5000,,"wikidata P1098 (unqualified, assumed L1)"
gyg,gbay1278,Gbayi,5000,,"wikidata P1098 (unqualified, assumed L1)"
xug,kuni1268,Kunigami,5000,2004,"wikidata P1098 (unqualified, assumed L1)"
dae,duup1238,Duupa,5000,1991,"wikidata P1098 (unqualified, assumed L1)"
ruq,megl1237,Megleno-Romanian,5000,,"wikidata P1098 (unqualified, assumed L1)"
gwg,mooo1239,Moo,5000,,"wikidata P1098 (unqualified, assumed L1)"
sau,sale1244,Saleman,4800,,"wikidata P1098 (unqualified, assumed L1)"
xsy,sais1237,Saisiyat,4750,2002,wikidata P1098 (first-language qualified)
ybe,west2402,West Yugur,4600,2007,"wikidata P1098 (unqualified, assumed L1)"
ukk,doii1241,Doi,4500,2007,wikidata P1098 (first-language qualified)
duq,dusu1269,Dusun Malang,4500,2003,"wikidata P1098 (unqualified, assumed L1)"
baj,bara1367,Barakai,4450,2011,"wikidata P1098 (unqualified, assumed L1)"
amn,aman1265,Amanab,4400,2003,wikidata P1098 (first-language qualified)
sks,maia1254,Maia,4400,2000,wikidata P1098 (first-language qualified)
trg,lish1246,Lishán Didán,4378,,"wikidata P1098 (unqualified, assumed L1)"
roo,roto1249,Rotokas,4320,,"wikidata P1098 (unqualified, assumed L1)"
mus,cree1270,Creek,4300,,"wikidata P1098 (unqualified, assumed L1)"
kbt,abad1241,Abadi,4300,,"wikidata P1098 (unqualified, assumed L1)"
scb,chut1247,Chut,4279,,"wikidata P1098 (unqualified, assumed L1)"
nmn,huaa1248,East Taa,4200,,"wikidata P1098 (unqualified, assumed L1)"
jih,shan1274,Stodsde,4100,2004,"wikidata P1098 (unqualified, assumed L1)"
plg,pila1245,Pilagá,4000,,"wikidata P1098 (unqualified, assumed L1)"
kbh,cams1241,Camsá,4000,2008,"wikidata P1098 (unqualified, assumed L1)"
kpc,curr1243,Curripaco,4000,,"wikidata P1098 (unqualified, assumed L1)"
pss,kaul1240,Kaulong,4000,2000,wikidata P1098 (first-language qualified)
cpc,ajyi1238,Ajyíninka Apurucayali,4000,2000,"wikidata P1098 (unqualified, assumed L1)"
pjt,pitj1243,Pitjantjatjara,4000,,"wikidata P1098 (unqualified, assumed L1)"
paq,pary1242,Parya,4000,2008,"wikidata P1098 (unqualified, assumed L1)"
ckh,chak1270,Chak,4000,2007,"wikidata P1098 (unqualified, assumed L1)"
wuh,wutu1241,Wutunhua,4000,2016,"wikidata P1098 (unqualified, assumed L1)"
zlu,zull1239,Zul,4000,2014,"wikidata P1098 (unqualified, assumed L1)"
xhe,khet1238,Khetrani,4000,,"wikidata P1098 (unqualified, assumed L1)"
ror,rong1269,Rongga,4000,2005,"wikidata P1098 (unqualified, assumed L1)"
yuy,east2337,East Yugur,4000,2007,"wikidata P1098 (unqualified, assumed L1)"
tge,east2346,Eastern Gorkha Tamang,3980,2000,"wikidata P1098 (unqualified, assumed L1)"
cul,culi1244,Culina,3900,2006,"wikidata P1098 (unqualified, assumed L1)"
byh,bujh1238,Bujhyal,3900,,"wikidata P1098 (unqualified, assumed L1)"
bbz,baba1273,Babalia Creole Arabic,3900,1993,"wikidata P1098 (unqualified, assumed L1)"
sja,epen1239,Epena,3802,2011,"wikidata P1098 (unqualified, assumed L1)"
huq,tsat1238,Tsat,3800,1999,"wikidata P1098 (unqualified, assumed L1)"
sir,siri1278,Siri,3800,,"wikidata P1098 (unqualified, assumed L1)"
tao,yami1254,Yami,3800,2006,wikidata P1098 (first-language qualified)
kte,nubr1241,Gyalsumdo-Nubri,3776,,"wikidata P1098 (unqualified, assumed L1)"
mnj,munj1244,Munji,3770,,"wikidata P1098 (unqualified, assumed L1)"
dba,bang1363,Bangime,3500,2017,wikidata P1098 (first-language qualified)
sui,suki1245,Suki,3500,2000,"wikidata P1098 (unqualified, assumed L1)"
saj,sahu1245,Sahu,3500,,"wikidata P1098 (unqualified, assumed L1)"
nhg,tete1251,Tetelcingo Nahuatl,3500,1990,wikidata P1098 (first-language qualified)
kpy,kory1246,Koryak,3500,,"wikidata P1098 (unqualified, assumed L1)"
moh,moha1258,Mohawk,3500,,"wikidata P1098 (unqualified, assumed L1)"
mxe,mele1250,Mele-Fila,3500,,"wikidata P1098 (unqualified, assumed L1)"
pbh,enap1235,Panare,3500,2001,"wikidata P1098 (unqualified, assumed L1)"
bbl,bats1242,Bats,3420,2000,"wikidata P1098 (unqualified, assumed L1)"
shd,kund1257,Kundal Shahi,3371,2011,"wikidata P1098 (unqualified, assumed L1)"
tkp,tiko1237,Tikopia,3324,1999,"wikidata P1098 (unqualified, assumed L1)"
yah,yazg1240,Yazgulyam,3300,2000,"wikidata P1098 (unqualified, assumed L1)"
tkl,toke1240,Tokelau,3300,,"wikidata P1098 (unqualified, assumed L1)"
hul,hula1239,Hula,3240,2000,"wikidata P1098 (unqualified, assumed L1)"
kxa,kair1263,Kairiru,3200,2000,wikidata P1098 (first-language qualified)
bls,bala1314,Balaesang,3200,2001,"wikidata P1098 (unqualified, assumed L1)"
tfr,teri1250,Teribe,3000,,"wikidata P1098 (unqualified, assumed L1)"
abp,aben1249,Abenlen Ayta,3000,,"wikidata P1098 (unqualified, assumed L1)"
kgr,abun1252,Abun,3000,,"wikidata P1098 (unqualified, assumed L1)"
cro,crow1244,Crow,3000,,"wikidata P1098 (unqualified, assumed L1)"
auj,awji1241,Awjilah,3000,2000,"wikidata P1098 (unqualified, assumed L1)"
scw,shaa1247,Sya,3000,,"wikidata P1098 (unqualified, assumed L1)"
tow,jeme1245,Towa,3000,2007,wikidata P1098 (first-language qualified)
lud,ludi1246,Ludian,3000,2012,"wikidata P1098 (unqualified, assumed L1)"
adn,adan1251,Adang,3000,2000,"wikidata P1098 (unqualified, assumed L1)"
ahh,aghu1255,Aghu,3000,1987,"wikidata P1098 (unqualified, assumed L1)"
sqk,alba1271,Albanian Sign Language,3000,2007,"wikidata P1098 (unqualified, assumed L1)"
moc,moco1246,Mocoví,3000,,"wikidata P1098 (unqualified, assumed L1)"
pwg,gapa1238,Gapapaiwa,3000,2007,wikidata P1098 (first-language qualified)
nsy,nasa1239,Nasal,3000,,"wikidata P1098 (unqualified, assumed L1)"
wrx,waer1237,Kolor,3000,2010,"wikidata P1098 (unqualified, assumed L1)"
pui,puin1248,Puinave,3000,2007,"wikidata P1098 (unqualified, assumed L1)"
mte,mono1273,Mono-Alu,2940,1999,"wikidata P1098 (unqualified, assumed L1)"
gzn,gane1237,Gane,2900,,"wikidata P1098 (unqualified, assumed L1)"
huu,muru1274,Murui Huitoto,2900,2008,"wikidata P1098 (unqualified, assumed L1)"
cui,cuib1242,Cuiba,2900,2008,"wikidata P1098 (unqualified, assumed L1)"
sws,selu1242,Seluwasan,2839,,"wikidata P1098 (unqualified, assumed L1)"
cjs,shor1247,Mrassu Shor-Tutal,2839,,"wikidata P1098 (unqualified, assumed L1)"
cpg,capp1239,Cappadocian Greek,2800,2015,"wikidata P1098 (unqualified, assumed L1)"
vmm,mitl1235,Mitlatongo Mixtec,2800,,"wikidata P1098 (unqualified, assumed L1)"
pln,pale1260,Palenquero,2788,2005,"wikidata P1098 (unqualified, assumed L1)"
djr,djam1256,Djambarrpuyngu,2766,,"wikidata P1098 (unqualified, assumed L1)"
kvv,kola1285,Kola,2750,,"wikidata P1098 (unqualified, assumed L1)"
mgn,mban1262,Mbangi,2750,1996,"wikidata P1098 (unqualified, assumed L1)"
yaa,yami1256,Yaminahua,2729,2011,"wikidata P1098 (unqualified, assumed L1)"
yuz,yura1255,Yuracaré,2700,2004,wikidata P1098 (first-language qualified)
mue,medi1245,Media Lengua,2600,2011,"wikidata P1098 (unqualified, assumed L1)"
mbq,mais1250,Maisin,2600,2000,"wikidata P1098 (unqualified, assumed L1)"
gvc,guan1269,Kotiria,2600,2007,"wikidata P1098 (unqualified, assumed L1)"
aah,abua1245,Abu' Arapesh,2560,,"wikidata P1098 (unqualified, assumed L1)"
bzq,buli1255,Buli (Indonesia),2524,,"wikidata P1098 (unqualified, assumed L1)"
wbp,warl1254,Warlpiri,2507,2012,"wikidata P1098 (unqualified, assumed L1)"
zav,yatz1235,Yatzachi Zapotec,2500,,"wikidata P1098 (unqualified, assumed L1)"
ktc,khol1240,Kholok,2500,1977,"wikidata P1098 (unqualified, assumed L1)"
agv,remo1247,Hatang Kayi,2500,2000,wikidata P1098 (first-language qualified)
wpc,maco1239,Maco,2500,2002,"wikidata P1098 (unqualified, assumed L1)"
arw,araw1276,Lokono,2500,1980,"wikidata P1098 (unqualified, assumed L1)"
dlk,daha1247,Dahalik,2500,2005,"wikidata P1098 (unqualified, assumed L1)"
bnd,band1355,Banda (Indonesia),2486,,"wikidata P1098 (unqualified, assumed L1)"
alq,algo1255,Algonquin,2430,,"wikidata P1098 (unqualified, assumed L1)"
klw,lind1248,Tado-Lindu,2400,2000,wikidata P1098 (first-language qualified)
cax,chiq1248,Lomeriano-Ignaciano Chiquitano,2400,2021,wikidata P1098 (first-language qualified)
boa,bora1263,Bora,2400,2000,"wikidata P1098 (unqualified, assumed L1)"
chy,chey1247,Cheyenne,2400,2010,"wikidata P1098 (unqualified, assumed L1)"
apz,safe1240,Safeyoka,2390,1980,"wikidata P1098 (unqualified, assumed L1)"
cof,colo1256,Tsafiki,2300,2000,"wikidata P1098 (unqualified, assumed L1)"
zrn,zire1244,Zirenkel,2240,,"wikidata P1098 (unqualified, assumed L1)"
uve,west2516,West Uvean,2200,2009,"wikidata P1098 (unqualified, assumed L1)"
mcf,mats1244,Matsés,2200,2006,"wikidata P1098 (unqualified, assumed L1)"
ddi,diod1237,Diodio,2200,2000,wikidata P1098 (first-language qualified)
ayo,ayor1240,Ayoreo,2189,2012,"wikidata P1098 (unqualified, assumed L1)"
alj,alan1249,Alangan,2150,2002,wikidata P1098 (first-language qualified)
var,huar1255,Huarijio,2136,2010,"wikidata P1098 (unqualified, assumed L1)"
coe,kore1283,Koreguaje,2100,2008,"wikidata P1098 (unqualified, assumed L1)"
tri,trio1238,Trió,2100,2006,"wikidata P1098 (unqualified, assumed L1)"
tsu,tsou1248,Tsou,2100,2002,wikidata P1098 (first-language qualified)
tiw,tiwi1244,Tiwi,2040,2016,"wikidata P1098 (unqualified, assumed L1)"
mdf,moks1248,Moksha,2025,2010,"wikidata P1098 (unqualified, assumed L1)"
une,unem1238,Uneme,2023,2000,"wikidata P1098 (unqualified, assumed L1)"
ovd,elfd1234,Elfdalian,2000,2009,wikidata P1098 (first-language qualified)
kil,kari1316,Kariya,2000,,"wikidata P1098 (unqualified, assumed L1)"
fkv,kven1236,Kven Finnish,2000,2005,"wikidata P1098 (unqualified, assumed L1)"
jbe,jude1262,Judeo-Berber,2000,,"wikidata P1098 (unqualified, assumed L1)"
epo,espe1235,Esperanto,2000,,wikidata P1098 (first-language qualified)
lkt,lako1247,Lakota,2000,2016,"wikidata P1098 (unqualified, assumed L1)"
ceg,cham1315,Chamacoco,2000,2015,"wikidata P1098 (unqualified, assumed L1)"
kyj,kara1487,Karao,2000,2011,wikidata P1098 (first-language qualified)
kyd,kare1339,Karey,2000,,"wikidata P1098 (unqualified, assumed L1)"
nll,niha1238,Nihali,2000,1991,wikidata P1098 (first-language qualified)
kvo,dobe1238,Dobel,2000,,"wikidata P1098 (unqualified, assumed L1)"
sru,suru1262,Suruí,2000,,"wikidata P1098 (unqualified, assumed L1)"
tgd,ciwo1236,Ciwogai,2000,,"wikidata P1098 (unqualified, assumed L1)"
tez,tets1235,Tetserret,2000,2017,"wikidata P1098 (unqualified, assumed L1)"
jmb,zumb1240,Zumbun,2000,,"wikidata P1098 (unqualified, assumed L1)"
tsd,tsak1248,Tsakonian,2000,2021,"wikidata P1098 (unqualified, assumed L1)"
lsl,latv1245,Latvian Sign Language,2000,,"wikidata P1098 (unqualified, assumed L1)"
pav,wari1268,Wari',1930,2007,"wikidata P1098 (unqualified, assumed L1)"
bsn,bara1380,Barasana-Eduria,1900,1993,"wikidata P1098 (unqualified, assumed L1)"
mhn,moch1255,Mòcheno,1900,1992,"wikidata P1098 (unqualified, assumed L1)"
mbp,mala1522,Malayo,1850,2007,"wikidata P1098 (unqualified, assumed L1)"
slu,sela1259,Selaru,1823,,"wikidata P1098 (unqualified, assumed L1)"
ali,amai1246,Amaimon,1800,2003,wikidata P1098 (first-language qualified)
ams,sout2954,Southern Amami-Oshima,1800,2014,wikidata P1098 (first-language qualified)
ycn,yucu1253,Yucuna,1800,2001,"wikidata P1098 (unqualified, assumed L1)"
ess,cent2128,Central Siberian Yupik,1800,1997,"wikidata P1098 (unqualified, assumed L1)"
pab,pare1272,Parecís,1800,2014,"wikidata P1098 (unqualified, assumed L1)"
tna,taca1256,Tacana,1800,2004,"wikidata P1098 (unqualified, assumed L1)"
cap,chip1262,Chipaya,1800,2011,"wikidata P1098 (unqualified, assumed L1)"
lvk,lavu1241,Lavukaleve,1783,,"wikidata P1098 (unqualified, assumed L1)"
khv,khva1239,Khwarshi-Inkhoqwari,1740,2010,"wikidata P1098 (unqualified, assumed L1)"
dgr,dogr1252,Dogrib,1735,2016,"wikidata P1098 (unqualified, assumed L1)"
kmv,kari1301,Uaçá Creole French,1726,2001,"wikidata P1098 (unqualified, assumed L1)"
hto,mini1256,Minica Huitoto,1705,2000,"wikidata P1098 (unqualified, assumed L1)"
gup,gunw1252,Bininj Kun-Wok,1702,2016,"wikidata P1098 (unqualified, assumed L1)"
con,cofa1242,Cofán,1700,,"wikidata P1098 (unqualified, assumed L1)"
jup,hupd1244,Hup,1700,2007,"wikidata P1098 (unqualified, assumed L1)"
jal,yala1266,Yalahatan-Haruru-Awaiya,1700,,"wikidata P1098 (unqualified, assumed L1)"
way,waya1269,Wayana,1700,2012,wikidata P1098 (first-language qualified)
woe,wole1240,Woleaian,1700,,"wikidata P1098 (unqualified, assumed L1)"
auc,waor1240,Waorani,1650,2004,"wikidata P1098 (unqualified, assumed L1)"
knm,kana1291,Katukína-Kanamarí,1650,2006,"wikidata P1098 (unqualified, assumed L1)"
nib,naka1264,Nakama,1600,2006,wikidata P1098 (first-language qualified)
kbc,kadi1248,Kadiwéu,1590,,"wikidata P1098 (unqualified, assumed L1)"
irx,kamb1302,North Kamrau,1570,1993,"wikidata P1098 (unqualified, assumed L1)"
tee,hueh1236,Huehuetla Tepehua,1500,2007,wikidata P1098 (first-language qualified)
pnh,penr1237,Māngarongaro,1500,,"wikidata P1098 (unqualified, assumed L1)"
vay,wayu1241,Wayu,1500,2011,wikidata P1098 (first-language qualified)
syw,kaga1252,Kagate,1500,2013,"wikidata P1098 (unqualified, assumed L1)"
amp,alam1246,Alamblak,1500,2000,"wikidata P1098 (unqualified, assumed L1)"
jkr,koro1316,Koro,1500,2011,"wikidata P1098 (unqualified, assumed L1)"
eso,esto1238,Estonian Sign Language,1500,2011,"wikidata P1098 (unqualified, assumed L1)"
tlv,tali1262,Taliabu,1500,,"wikidata P1098 (unqualified, assumed L1)"
cbn,nyah1250,Nyahkur,1500,2006,wikidata P1098 (first-language qualified)
slc,sali1298,Sáliba,1500,2008,"wikidata P1098 (unqualified, assumed L1)"
kva,bagv1239,Bagvalal,1450,2010,"wikidata P1098 (unqualified, assumed L1)"
naz,coat1240,Coatepec Nahuatl,1400,1990,wikidata P1098 (first-language qualified)
xns,kana1283,Kanashi,1400,2002,"wikidata P1098 (unqualified, assumed L1)"
bor,boro1282,Bororo,1400,2007,wikidata P1098 (first-language qualified)
gld,nana1257,Nanai,1390,2010,"wikidata P1098 (unqualified, assumed L1)"
kei,keii1239,Kei,1360,,"wikidata P1098 (unqualified, assumed L1)"
amv,ambe1248,Ambelau,1347,,"wikidata P1098 (unqualified, assumed L1)"
pfa,paaf1237,Pááfang,1300,,"wikidata P1098 (unqualified, assumed L1)"
sny,sani1270,Saniyo-Hiyewe,1300,2000,wikidata P1098 (first-language qualified)
aoi,anin1240,Anindilyakwa,1283,,"wikidata P1098 (unqualified, assumed L1)"
vep,veps1250,Veps,1276,2021,"wikidata P1098 (unqualified, assumed L1)"
crx,carr1249,Central Carrier,1270,2016,"wikidata P1098 (unqualified, assumed L1)"
cbs,cash1254,Cashinahua,1200,2007,"wikidata P1098 (unqualified, assumed L1)"
cbr,cash1251,Cashibo-Cacataibo,1200,2007,"wikidata P1098 (unqualified, assumed L1)"
mqz,mala1487,Malasanga,1200,2000,wikidata P1098 (first-language qualified)
yui,yuru1263,Yurutí,1200,2011,"wikidata P1098 (unqualified, assumed L1)"
orh,oroq1238,Oroqen,1200,2009,"wikidata P1098 (unqualified, assumed L1)"
kud,auhe1237,'Auhelawa,1200,1998,"wikidata P1098 (unqualified, assumed L1)"
mwc,aree1239,Are,1200,1973,"wikidata P1098 (unqualified, assumed L1)"
sey,seco1241,Secoya,1200,,"wikidata P1098 (unqualified, assumed L1)"
zsu,suku1264,Sukurum,1160,2000,"wikidata P1098 (unqualified, assumed L1)"
piv,pile1238,Vaeakau-Taumako,1142,,"wikidata P1098 (unqualified, assumed L1)"
ppl,pipi1250,Pipil,1135,2024,"wikidata P1098 (unqualified, assumed L1)"
cbu,cand1248,Candoshi-Shapra,1120,2017,"wikidata P1098 (unqualified, assumed L1)"
jaa,jama1261,Madi,1080,2011,wikidata P1098 (first-language qualified)
bvr,bura1267,Burarra,1070,2006,"wikidata P1098 (unqualified, assumed L1)"
oru,ormu1247,Ormuri,1050,2000,"wikidata P1098 (unqualified, assumed L1)"
oia,oira1263,Oirata,1049,,"wikidata P1098 (unqualified, assumed L1)"
myy,macu1260,Macuna,1032,2011,"wikidata P1098 (unqualified, assumed L1)"
srw,seru1245,Serua,1013,,"wikidata P1098 (unqualified, assumed L1)"
abo,abon1238,Abon,1000,1973,"wikidata P1098 (unqualified, assumed L1)"
goe,gong1251,Gongduk,1000,,"wikidata P1098 (unqualified, assumed L1)"
ruo,istr1245,Istro-Romanian,1000,,"wikidata P1098 (unqualified, assumed L1)"
guo,guay1257,Guayabero,1000,2008,"wikidata P1098 (unqualified, assumed L1)"
air,airo1242,Airoran,1000,1998,"wikidata P1098 (unqualified, assumed L1)"
tak,tala1295,Tala,1000,1993,wikidata P1098 (first-language qualified)
shh,shos1248,Shoshoni,1000,2007,"wikidata P1098 (unqualified, assumed L1)"
ktl,koro1296,Koroshi,1000,2006,"wikidata P1098 (unqualified, assumed L1)"
swc,cong1236,Congo Swahili,1000,1991,wikidata P1098 (first-language qualified)
tia,tidi1241,Tidikelt-Tuat Tamazight,1000,2011,"wikidata P1098 (unqualified, assumed L1)"
stq,sate1242,Ems-Weser Frisian,1000,,"wikidata P1098 (unqualified, assumed L1)"
ist,istr1244,Istriot,1000,,"wikidata P1098 (unqualified, assumed L1)"
trm,treg1243,Tregami,1000,,"wikidata P1098 (unqualified, assumed L1)"
kjj,khin1240,Khinalug,1000,2007,"wikidata P1098 (unqualified, assumed L1)"
loj,louu1245,Lou,1000,1994,"wikidata P1098 (unqualified, assumed L1)"
huz,hunz1247,Hunzib,1000,,"wikidata P1098 (unqualified, assumed L1)"
kvy,yint1235,Yintale Karen,1000,2000,"wikidata P1098 (unqualified, assumed L1)"
kxs,kang1281,Kangjia,1000,2007,"wikidata P1098 (unqualified, assumed L1)"
arp,arap1274,Arapaho,1000,,"wikidata P1098 (unqualified, assumed L1)"
wno,wano1243,Wano,1000,2011,"wikidata P1098 (unqualified, assumed L1)"
kui,kuik1246,Kuikúro-Kalapálo,1000,2006,"wikidata P1098 (unqualified, assumed L1)"
asu,toca1235,Tocantins Asurini,999,,"wikidata P1098 (unqualified, assumed L1)"
aqc,arch1244,Archi,970,2010,"wikidata P1098 (unqualified, assumed L1)"
szy,saki1247,Sakizaya,958,2018,"wikidata P1098 (unqualified, assumed L1)"
mwp,kala1377,Kala Lagaw Ya,957,2016,"wikidata P1098 (unqualified, assumed L1)"
bkq,baka1277,Bakairí,950,1999,"wikidata P1098 (unqualified, assumed L1)"
mns,mans1258,Northern Mansi,938,2010,"wikidata P1098 (unqualified, assumed L1)"
git,gitx1241,Gitxsan,930,2011,"wikidata P1098 (unqualified, assumed L1)"
com,coma1245,Comanche,915,2000,"wikidata P1098 (unqualified, assumed L1)"
mpr,vang1243,Vangunu,910,1999,"wikidata P1098 (unqualified, assumed L1)"
sei,seri1257,Seri,900,,"wikidata P1098 (unqualified, assumed L1)"
lcd,lola1248,Lola,900,,"wikidata P1098 (unqualified, assumed L1)"
wut,wutu1244,Wutung,900,2003,wikidata P1098 (first-language qualified)
yau,yuwa1244,Hoti,900,2011,"wikidata P1098 (unqualified, assumed L1)"
clc,chil1280,Chilcotin-Nicola,860,2014,"wikidata P1098 (unqualified, assumed L1)"
ilu,iliu1237,Ili'uun,842,,"wikidata P1098 (unqualified, assumed L1)"
mbr,nuka1242,Nukak Makú,831,2017,"wikidata P1098 (unqualified, assumed L1)"
hts,hadz1240,Hadza,800,,"wikidata P1098 (unqualified, assumed L1)"
mcm,mala1533,Malacca-Batavia Portuguese Creole,800,2010,wikidata P1098 (first-language qualified)
vkp,korl1238,Korlai Portuguese,800,2015,wikidata P1098 (first-language qualified)
drn,west2548,West Damar,800,1987,"wikidata P1098 (unqualified, assumed L1)"
tkw,tean1237,Teanu,800,2012,wikidata P1098 (first-language qualified)
anz,anem1249,Anem,800,2011,"wikidata P1098 (unqualified, assumed L1)"
twf,nort1550,Taos Northern Tiwa,800,2007,wikidata P1098 (first-language qualified)
isk,ishk1246,Ishkashimi,800,1989,"wikidata P1098 (unqualified, assumed L1)"
jct,krym1236,Krymchak,785,,"wikidata P1098 (unqualified, assumed L1)"
kky,gugu1255,Guugu Yimidhirr,780,2006,"wikidata P1098 (unqualified, assumed L1)"
xok,xokl1240,Xokleng,760,1998,"wikidata P1098 (unqualified, assumed L1)"
gdm,laal1242,Laal,749,2000,"wikidata P1098 (unqualified, assumed L1)"
rma,rama1270,Rama,740,2009,"wikidata P1098 (unqualified, assumed L1)"
dny,deni1241,Deni,740,2006,"wikidata P1098 (unqualified, assumed L1)"
crg,mich1243,Heritage Michif,730,2011,"wikidata P1098 (unqualified, assumed L1)"
nab,sout2994,Southern Nambikuára,720,2006,"wikidata P1098 (unqualified, assumed L1)"
ese,esee1248,Ese Ejja,700,2007,"wikidata P1098 (unqualified, assumed L1)"
smj,lule1254,Lule Saami,700,2022,"wikidata P1098 (unqualified, assumed L1)"
knt,pano1254,Panoan Katukína,700,2010,"wikidata P1098 (unqualified, assumed L1)"
goo,gone1237,Gone Dau,690,,"wikidata P1098 (unqualified, assumed L1)"
gwi,gwic1235,Gwich'in,670,,"wikidata P1098 (unqualified, assumed L1)"
ais,nata1254,Northern Amis,653,2012,"wikidata P1098 (unqualified, assumed L1)"
apy,apal1257,Apalaí,650,2022,"wikidata P1098 (unqualified, assumed L1)"
gae,guar1293,Baniva de Maroa,650,2006,"wikidata P1098 (unqualified, assumed L1)"
ncg,nisg1240,Nisga'a,610,2011,"wikidata P1098 (unqualified, assumed L1)"
sma,sout2674,South Saami,600,1992,"wikidata P1098 (unqualified, assumed L1)"
miw,akoy1238,Akoye,600,2001,wikidata P1098 (first-language qualified)
prc,para1299,Parachi,600,,"wikidata P1098 (unqualified, assumed L1)"
mll,malu1245,Malua-Tepërav,600,,"wikidata P1098 (unqualified, assumed L1)"
pyy,pyen1239,Pyen,600,,"wikidata P1098 (unqualified, assumed L1)"
hix,hixk1239,Hixkaryána,600,2000,"wikidata P1098 (unqualified, assumed L1)"
kay,kama1373,Kamayurá,600,2014,"wikidata P1098 (unqualified, assumed L1)"
kdd,yank1247,Yankunytjatjara,600,2021,wikidata P1098 (first-language qualified)
cao,chac1251,Chácobo,600,2006,"wikidata P1098 (unqualified, assumed L1)"
sov,sons1242,Sonsorol,600,,"wikidata P1098 (unqualified, assumed L1)"
zsa,sara1323,Sarasira,600,2000,"wikidata P1098 (unqualified, assumed L1)"
nil,nila1244,Nila,600,,"wikidata P1098 (unqualified, assumed L1)"
sel,selk1253,Selkup,600,2022,"wikidata P1098 (unqualified, assumed L1)"
nce,yale1246,Yale,600,1991,"wikidata P1098 (unqualified, assumed L1)"
yha,baha1256,Baha Buyang,600,2007,wikidata P1098 (first-language qualified)
pqm,male1292,Malecite-Passamaquoddy,590,2011,"wikidata P1098 (unqualified, assumed L1)"
unk,enaw1238,Enawené-Nawé,570,2014,"wikidata P1098 (unqualified, assumed L1)"
tue,tuyu1244,Tuyuca,570,2009,"wikidata P1098 (unqualified, assumed L1)"
gul,gull1241,Sea Island Creole English,550,1990,"wikidata P1098 (unqualified, assumed L1)"
snn,sion1247,Siona-Tetete,550,2013,"wikidata P1098 (unqualified, assumed L1)"
esy,eska1234,Eskayan,550,2013,"wikidata P1098 (unqualified, assumed L1)"
kkk,koko1269,Kokota,530,,"wikidata P1098 (unqualified, assumed L1)"
aca,acha1250,Achagua,514,,"wikidata P1098 (unqualified, assumed L1)"
mbn,maca1259,Hitnu,513,2008,"wikidata P1098 (unqualified, assumed L1)"
bao,waim1255,Waimaha,500,2006,"wikidata P1098 (unqualified, assumed L1)"
cji,cham1309,Chamalal,500,2010,"wikidata P1098 (unqualified, assumed L1)"
cot,caqu1242,Caquinte,500,2012,"wikidata P1098 (unqualified, assumed L1)"
sjd,kild1236,Kildin Saami,500,,"wikidata P1098 (unqualified, assumed L1)"
jic,toll1241,Tol,500,2012,"wikidata P1098 (unqualified, assumed L1)"
txi,ikpe1245,Ikpeng,500,2013,"wikidata P1098 (unqualified, assumed L1)"
tli,tlin1245,Tlingit,500,2016,"wikidata P1098 (unqualified, assumed L1)"
lsn,tibe1277,Tibetan Sign Language,500,2018,"wikidata P1098 (unqualified, assumed L1)"
tsy,tebu1240,Tebul Sign Language,500,2007,"wikidata P1098 (unqualified, assumed L1)"
amr,amar1274,Amarakaeri,500,,"wikidata P1098 (unqualified, assumed L1)"
kwk,kwak1269,Kwak'wala,500,2011,"wikidata P1098 (unqualified, assumed L1)"
cbc,cara1272,Carapana,482,2005,"wikidata P1098 (unqualified, assumed L1)"
jmw,mouw1234,Mouwase,450,2011,"wikidata P1098 (unqualified, assumed L1)"
ems,paci1278,Pacific Gulf Yupik,450,,"wikidata P1098 (unqualified, assumed L1)"
pkp,puka1242,Pukapuka,450,2011,wikidata P1098 (first-language qualified)
jqr,jaqa1244,Jaqaru,448,,"wikidata P1098 (unqualified, assumed L1)"
thp,thom1243,Thompson,440,,"wikidata P1098 (unqualified, assumed L1)"
yro,yaro1235,Yaroame,430,2015,"wikidata P1098 (unqualified, assumed L1)"
sms,skol1241,Skolt Saami,420,,"wikidata P1098 (unqualified, assumed L1)"
srq,siri1273,Sirionó,400,2004,"wikidata P1098 (unqualified, assumed L1)"
zem,zeem1242,Zeem,400,2003,"wikidata P1098 (unqualified, assumed L1)"
bxd,pela1242,Pela,400,2000,wikidata P1098 (first-language qualified)
yab,yuhu1238,Yuhup,400,1999,"wikidata P1098 (unqualified, assumed L1)"
wam,wamp1249,Wampanoag,400,,"wikidata P1098 (unqualified, assumed L1)"
cim,cimb1238,Cimbrian,400,2000,wikidata P1098 (first-language qualified)
tav,tatu1247,Tatuyo,400,2007,"wikidata P1098 (unqualified, assumed L1)"
bxq,beel1236,Beele,400,,"wikidata P1098 (unqualified, assumed L1)"
pih,pitc1234,Pitcairn-Norfolk,400,2008,wikidata P1098 (first-language qualified)
yoi,yona1241,Yonaguni,400,2015,"wikidata P1098 (unqualified, assumed L1)"
dal,daha1245,Dahalo,400,,"wikidata P1098 (unqualified, assumed L1)"
sbf,shab1252,Shabo,400,2000,wikidata P1098 (first-language qualified)
eme,emer1243,Teko,400,2012,wikidata P1098 (first-language qualified)
dmr,east2472,East Damar,400,,"wikidata P1098 (unqualified, assumed L1)"
mmq,musa1266,Aisi,400,2015,wikidata P1098 (first-language qualified)
myp,pira1253,Pirahã,389,2006,"wikidata P1098 (unqualified, assumed L1)"
gvn,kuku1273,Kuku-Yalanji,388,2021,wikidata P1098 (first-language qualified)
yij,yind1247,Yindjibarndi,377,2016,"wikidata P1098 (unqualified, assumed L1)"
mph,maun1240,Mawng,371,2016,"wikidata P1098 (unqualified, assumed L1)"
mbj,nade1244,Nadëb,370,2011,"wikidata P1098 (unqualified, assumed L1)"
ano,ando1256,Andoque,370,2007,"wikidata P1098 (unqualified, assumed L1)"
cku,koas1236,Koasati,370,2015,wikidata P1098 (first-language qualified)
suy,suya1243,Suyá,350,2006,"wikidata P1098 (unqualified, assumed L1)"
auw,awyi1241,Awyi,350,,"wikidata P1098 (unqualified, assumed L1)"
kzd,kada1286,Kadai,350,,"wikidata P1098 (unqualified, assumed L1)"
lnn,lore1244,Nethalp,340,2000,"wikidata P1098 (unqualified, assumed L1)"
aap,para1310,Pará Arára,340,2010,"wikidata P1098 (unqualified, assumed L1)"
wmd,mama1278,Mamaindé,340,2010,"wikidata P1098 (unqualified, assumed L1)"
mpq,mati1255,Matís,320,2008,"wikidata P1098 (unqualified, assumed L1)"
wau,waur1244,Waurá,320,2006,"wikidata P1098 (unqualified, assumed L1)"
kmq,kwam1249,Gwama,319,2007,"wikidata P1098 (unqualified, assumed L1)"
nay,narr1259,Narrinyeri,312,2016,wikidata P1098 (first-language qualified)
dhg,dhan1270,Dhangu,310,2016,wikidata P1098 (first-language qualified)
btn,rata1245,Ratagnon,310,2010,wikidata P1098 (first-language qualified)
nhv,tema1239,Temascaltepec Nahuatl,310,1990,wikidata P1098 (first-language qualified)
amc,amah1246,Amahuaca,310,2000,"wikidata P1098 (unqualified, assumed L1)"
ctz,zaca1242,Zacatepec Chatino,300,2015,wikidata P1098 (first-language qualified)
tsm,turk1288,Turkish Sign Language,300,2021,"wikidata P1098 (unqualified, assumed L1)"
tnc,tani1257,Tanimuca-Retuarã,300,1976,"wikidata P1098 (unqualified, assumed L1)"
fss,finl1235,Finland-Swedish Sign Language,300,2014,"wikidata P1098 (unqualified, assumed L1)"
koy,koyu1237,Koyukon,300,2007,"wikidata P1098 (unqualified, assumed L1)"
smn,inar1241,Inari Saami,300,,"wikidata P1098 (unqualified, assumed L1)"
yee,yima1243,Yimas,300,,"wikidata P1098 (unqualified, assumed L1)"
bsa,abin1243,Abinomn,300,2002,"wikidata P1098 (unqualified, assumed L1)"
slf,swis1235,Swiss-Italian Sign Language,300,2010,"wikidata P1098 (unqualified, assumed L1)"
ved,vedd1240,Veddah,300,,"wikidata P1098 (unqualified, assumed L1)"
tip,trim1239,Trimuris,300,,"wikidata P1098 (unqualified, assumed L1)"
rmh,murk1238,Murkim,290,2004,"wikidata P1098 (unqualified, assumed L1)"
pad,paum1247,Paumari,290,2007,"wikidata P1098 (unqualified, assumed L1)"
aag,ambr1239,Ambrak,290,2000,"wikidata P1098 (unqualified, assumed L1)"
jur,juru1256,Yudja,280,2006,"wikidata P1098 (unqualified, assumed L1)"
jap,jaru1257,Jaruára,271,2014,"wikidata P1098 (unqualified, assumed L1)"
ktx,kaxa1239,Kaxararí,270,2001,"wikidata P1098 (unqualified, assumed L1)"
cbb,cabi1241,Cabiyarí,270,2008,"wikidata P1098 (unqualified, assumed L1)"
rey,reye1240,Reyesano,250,2007,"wikidata P1098 (unqualified, assumed L1)"
cbv,cacu1241,Kakua,250,2015,"wikidata P1098 (unqualified, assumed L1)"
cod,coca1259,Cocama-Cocamilla,250,2007,"wikidata P1098 (unqualified, assumed L1)"
sac,mesk1242,Meskwaki,250,,"wikidata P1098 (unqualified, assumed L1)"
cox,nant1250,Nanti,250,2007,"wikidata P1098 (unqualified, assumed L1)"
bae,bare1276,Baré,240,2011,"wikidata P1098 (unqualified, assumed L1)"
nys,nyun1247,Nyunga,232,2006,"wikidata P1098 (unqualified, assumed L1)"
mmh,mehi1240,Mehináku,230,2006,"wikidata P1098 (unqualified, assumed L1)"
kis,kiss1246,Kis,220,,"wikidata P1098 (unqualified, assumed L1)"
sri,siri1274,Siriano,220,2008,"wikidata P1098 (unqualified, assumed L1)"
mmp,siaw1243,Siawi,220,,"wikidata P1098 (unqualified, assumed L1)"
cih,chin1475,Chinali,220,2016,wikidata P1098 (first-language qualified)
arr,karo1305,Karo (Brazil),210,2006,"wikidata P1098 (unqualified, assumed L1)"
bph,botl1242,Botlikh,210,2010,"wikidata P1098 (unqualified, assumed L1)"
akv,akhv1239,Northern Akhvakh,210,2010,"wikidata P1098 (unqualified, assumed L1)"
ngr,nang1262,Nanggu,210,1999,"wikidata P1098 (unqualified, assumed L1)"
xjb,twee1234,Tweed-Albert,208,2021,wikidata P1098 (first-language qualified)
bnh,bana1306,Banawá,207,2014,"wikidata P1098 (unqualified, assumed L1)"
ure,uruu1244,Uru,200,2012,"wikidata P1098 (unqualified, assumed L1)"
aaf,aran1261,Aranadan,200,,"wikidata P1098 (unqualified, assumed L1)"
wrm,waru1265,Warumungu,200,1983,"wikidata P1098 (unqualified, assumed L1)"
atw,atsu1245,Atsugewi,200,1977,"wikidata P1098 (unqualified, assumed L1)"
tno,toro1255,Toromono,200,1983,"wikidata P1098 (unqualified, assumed L1)"
bdk,budu1248,Budukh,200,2010,"wikidata P1098 (unqualified, assumed L1)"
mhj,mogh1245,Mogholi,200,2003,"wikidata P1098 (unqualified, assumed L1)"
lfn,ling1267,Lingua Franca Nova,200,,"wikidata P1098 (unqualified, assumed L1)"
tba,aika1237,Aikanã,200,2007,"wikidata P1098 (unqualified, assumed L1)"
lnb,mbal1255,Central Wambo,200,2006,"wikidata P1098 (unqualified, assumed L1)"
zen,zena1248,Zenaga,200,2018,"wikidata P1098 (unqualified, assumed L1)"
afs,afro1254,Afro-Seminole Creole,200,1990,"wikidata P1098 (unqualified, assumed L1)"
rac,rasa1243,Rasawa,200,1987,wikidata P1098 (first-language qualified)
itk,jude1255,Judeo-Italian,200,,"wikidata P1098 (unqualified, assumed L1)"
ale,aleu1260,Aleut,200,2010,"wikidata P1098 (unqualified, assumed L1)"
niv,gily1242,Amur Nivkh,198,2010,"wikidata P1098 (unqualified, assumed L1)"
oca,ocai1244,Ocaina,190,2000,"wikidata P1098 (unqualified, assumed L1)"
mik,mika1239,Mikasuki,190,,"wikidata P1098 (unqualified, assumed L1)"
mmm,maii1238,Maii,180,2001,"wikidata P1098 (unqualified, assumed L1)"
bcr,babi1235,Witsuwit'en-Babine,175,2021,"wikidata P1098 (unqualified, assumed L1)"
ukg,ukur1240,Ukuriguma,170,2003,wikidata P1098 (first-language qualified)
awe,awet1244,Awetí,170,2011,"wikidata P1098 (unqualified, assumed L1)"
gia,kitj1240,Kitja,169,2016,"wikidata P1098 (unqualified, assumed L1)"
bea,beav1236,Beaver,160,,"wikidata P1098 (unqualified, assumed L1)"
mep,miri1266,Miriwung,156,2016,wikidata P1098 (first-language qualified)
ulc,ulch1241,Ulch,154,2010,"wikidata P1098 (unqualified, assumed L1)"
cby,cara1245,Carabayo,150,2007,"wikidata P1098 (unqualified, assumed L1)"
bmr,muin1242,Muinane,150,2007,"wikidata P1098 (unqualified, assumed L1)"
ket,kett1243,Ket,150,2000,"wikidata P1098 (unqualified, assumed L1)"
vis,vish1243,Vishavan,150,1994,"wikidata P1098 (unqualified, assumed L1)"
kwa,daww1239,Dâw,142,,"wikidata P1098 (unqualified, assumed L1)"
yol,east2834,Irish Anglo-Norman,140,,"wikidata P1098 (unqualified, assumed L1)"
swx,suru1263,Suruahá,140,2006,"wikidata P1098 (unqualified, assumed L1)"
acy,cypr1248,Cypriot Arabic,140,2013,wikidata P1098 (first-language qualified)
tbp,tawo1244,Taworta,140,2000,"wikidata P1098 (unqualified, assumed L1)"
gdo,ghod1238,Godoberi,130,2010,"wikidata P1098 (unqualified, assumed L1)"
kww,kwin1243,Kwinti,130,1980,"wikidata P1098 (unqualified, assumed L1)"
irn,iran1263,Irántxe-Münkü,125,2009,"wikidata P1098 (unqualified, assumed L1)"
nio,ngan1291,Nganasan,125,2010,"wikidata P1098 (unqualified, assumed L1)"
tpy,trum1247,Trumai,120,2002,"wikidata P1098 (unqualified, assumed L1)"
ili,ilit1241,Ili Turki,120,1982,"wikidata P1098 (unqualified, assumed L1)"
izh,ingr1248,Ingrian,120,2010,"wikidata P1098 (unqualified, assumed L1)"
gnn,guma1253,Gumatj,116,2016,"wikidata P1098 (unqualified, assumed L1)"
cuo,cuma1240,Cumanagoto,112,2011,"wikidata P1098 (unqualified, assumed L1)"
bck,buna1275,Bunaba,110,2006,"wikidata P1098 (unqualified, assumed L1)"
drl,darl1243,Paakantyi,110,2021,wikidata P1098 (first-language qualified)
str,stra1244,Northern Straits Salish,105,2016,wikidata P1098 (first-language qualified)
ude,udih1248,Udihe,103,,"wikidata P1098 (unqualified, assumed L1)"
uln,unse1236,Unserdeutsch,100,2020,"wikidata P1098 (unqualified, assumed L1)"
akz,alab1237,Alabama,100,,"wikidata P1098 (unqualified, assumed L1)"
nez,nezp1238,Nez Perce,100,,"wikidata P1098 (unqualified, assumed L1)"
hux,nupo1240,Nüpode Huitoto,100,1991,"wikidata P1098 (unqualified, assumed L1)"
see,sene1264,Seneca,100,2007,wikidata P1098 (first-language qualified)
tae,tari1256,Tariana,100,1996,"wikidata P1098 (unqualified, assumed L1)"
tau,uppe1437,Upper Tanana,100,2007,"wikidata P1098 (unqualified, assumed L1)"
pre,prin1242,Principense,100,2023,"wikidata P1098 (unqualified, assumed L1)"
gni,goon1238,Gooniyandi,100,1991,"wikidata P1098 (unqualified, assumed L1)"
ukq,ukwa1238,Ukwa,100,2004,"wikidata P1098 (unqualified, assumed L1)"
sju,umes1235,Ume Saami,100,2023,"wikidata P1098 (unqualified, assumed L1)"
pby,pyuu1245,Pyu,100,2000,"wikidata P1098 (unqualified, assumed L1)"
kut,kute1249,Kutenai,100,2011,"wikidata P1098 (unqualified, assumed L1)"
ans,anse1238,Anserma,100,,"wikidata P1098 (unqualified, assumed L1)"
ynu,yahu1241,Yahuna,95,2007,"wikidata P1098 (unqualified, assumed L1)"
kim,kara1462,Taiga Sayan Turkic,93,,"wikidata P1098 (unqualified, assumed L1)"
dmw,mudb1240,Mudburra,92,2016,wikidata P1098 (first-language qualified)
jru,japr1238,Japrería,91,2001,"wikidata P1098 (unqualified, assumed L1)"
ite,iten1243,Itene,90,2007,"wikidata P1098 (unqualified, assumed L1)"
hei,heil1246,Heiltsuk-Oowekyala,90,2011,"wikidata P1098 (unqualified, assumed L1)"
kgs,kumb1268,Kumbainggar,90,2016,"wikidata P1098 (unqualified, assumed L1)"
itl,itel1242,West Itelmen,82,2010,"wikidata P1098 (unqualified, assumed L1)"
isc,isco1239,Isconahua,82,2000,"wikidata P1098 (unqualified, assumed L1)"
aro,arao1248,Araona,81,,"wikidata P1098 (unqualified, assumed L1)"
aht,ahte1237,Ahtena,80,,"wikidata P1098 (unqualified, assumed L1)"
kdr,kara1464,Karaim,80,2014,"wikidata P1098 (unqualified, assumed L1)"
cic,chic1270,Chickasaw,75,2017,wikidata P1098 (first-language qualified)
tfn,tana1289,Dena'ina,75,2007,"wikidata P1098 (unqualified, assumed L1)"
psd,plai1235,Plains Indian Sign Language,75,2015,"wikidata P1098 (unqualified, assumed L1)"
neg,negi1245,Negidal,74,2010,"wikidata P1098 (unqualified, assumed L1)"
ehs,miya1268,Miyakubo Sign Language,70,2020,"wikidata P1098 (unqualified, assumed L1)"
wym,wymy1235,Wymysorys,70,,"wikidata P1098 (unqualified, assumed L1)"
auq,anus1237,Korur,70,2000,"wikidata P1098 (unqualified, assumed L1)"
ore,orej1242,Maijiki,70,2018,"wikidata P1098 (unqualified, assumed L1)"
ckv,kava1241,Kavalan,70,2015,wikidata P1098 (first-language qualified)
oak,,,70,,"wikidata P1098 (unqualified, assumed L1)"
vot,voti1245,Votic,62,2010,"wikidata P1098 (unqualified, assumed L1)"
lsv,sivi1235,Sivia Sign Language,62,,"wikidata P1098 (unqualified, assumed L1)"
cuj,mash1270,Mashco Piro,60,1976,"wikidata P1098 (unqualified, assumed L1)"
gge,gura1252,Guragone,60,2011,"wikidata P1098 (unqualified, assumed L1)"
nck,naka1260,Nakara,58,2016,"wikidata P1098 (unqualified, assumed L1)"
cay,cayu1261,Cayuga,55,2016,wikidata P1098 (first-language qualified)
one,onei1249,Oneida,55,2016,wikidata P1098 (first-language qualified)
xwa,kwaz1243,Kwaza,54,2004,"wikidata P1098 (unqualified, assumed L1)"
yii,yidi1250,Yidiñ,52,2021,wikidata P1098 (first-language qualified)
aac,arii1243,Ari,50,2000,"wikidata P1098 (unqualified, assumed L1)"
mzs,maca1262,Macanese,50,2007,wikidata P1098 (first-language qualified)
sje,pite1240,Pite Saami,50,,"wikidata P1098 (unqualified, assumed L1)"
sgu,sala1269,Salas,50,1989,"wikidata P1098 (unqualified, assumed L1)"
teu,sooo1256,Soo,50,2007,"wikidata P1098 (unqualified, assumed L1)"
ile,inte1260,Interlingue (Occidental),50,2019,"wikidata P1098 (unqualified, assumed L1)"
ynk,nauk1242,Naukan Yupik,50,,"wikidata P1098 (unqualified, assumed L1)"
amq,amah1245,Amahai,50,2007,wikidata P1098 (first-language qualified)
mok,moro1289,Marori,50,1998,"wikidata P1098 (unqualified, assumed L1)"
brd,bara1357,Baraamu,50,,"wikidata P1098 (unqualified, assumed L1)"
arl,arab1268,Arabela,50,,"wikidata P1098 (unqualified, assumed L1)"
avk,kota1280,Kotava,50,,"wikidata P1098 (unqualified, assumed L1)"
yux,sout2750,Southern Yukaghir,50,,"wikidata P1098 (unqualified, assumed L1)"
oaa,orok1265,Orok,47,,"wikidata P1098 (unqualified, assumed L1)"
kju,kash1280,Kashaya,45,,"wikidata P1098 (unqualified, assumed L1)"
bpl,broo1238,Broome Pearling Lugger Pidgin,45,,"wikidata P1098 (unqualified, assumed L1)"
clw,chul1246,Lower Chulym Turkic,44,2010,"wikidata P1098 (unqualified, assumed L1)"
ing,dege1248,Degexit'an,40,,"wikidata P1098 (unqualified, assumed L1)"
coo,como1259,Comox,40,2007,"wikidata P1098 (unqualified, assumed L1)"
ykg,nort2745,Northern Yukaghir,40,,"wikidata P1098 (unqualified, assumed L1)"
ono,onon1246,Onondaga,40,2007,"wikidata P1098 (unqualified, assumed L1)"
iqu,iqui1243,Iquito,35,,"wikidata P1098 (unqualified, assumed L1)"
qvp,paca1245,Pacaraos Quechua,35,1993,"wikidata P1098 (unqualified, assumed L1)"
mez,meno1252,Menominee,35,2007,wikidata P1098 (first-language qualified)
ibu,ibuu1240,Ibu,35,1987,"wikidata P1098 (unqualified, assumed L1)"
kuu,uppe1438,Upper Kuskokwim,35,,"wikidata P1098 (unqualified, assumed L1)"
mrc,mari1440,Maricopa,35,2015,wikidata P1098 (first-language qualified)
iow,iowa1245,Iowa-Oto,33,2006,"wikidata P1098 (unqualified, assumed L1)"
xpk,kuli1255,Kulina Pano,32,2007,"wikidata P1098 (unqualified, assumed L1)"
amy,amii1238,Ami,30,2007,"wikidata P1098 (unqualified, assumed L1)"
wrh,wira1262,Wiradhuri,30,2015,"wikidata P1098 (unqualified, assumed L1)"
jmd,yamd1240,Yamdena,30,,"wikidata P1098 (unqualified, assumed L1)"
jeb,jebe1250,Jebero,30,2011,"wikidata P1098 (unqualified, assumed L1)"
pmn,pamm1242,Pam (Cameroon),30,2003,"wikidata P1098 (unqualified, assumed L1)"
xor,koru1247,Korubo,27,2007,"wikidata P1098 (unqualified, assumed L1)"
uma,umat1237,Umatilla,25,2007,wikidata P1098 (first-language qualified)
zma,mand1416,Manda (Australia),25,1983,"wikidata P1098 (unqualified, assumed L1)"
lrg,lara1258,Laragia,23,2006,"wikidata P1098 (unqualified, assumed L1)"
yar,yaba1248,Yabarana,20,1977,"wikidata P1098 (unqualified, assumed L1)"
kio,kiow1266,Kiowa,20,2007,"wikidata P1098 (unqualified, assumed L1)"
nov,novi1234,Novial,20,,"wikidata P1098 (unqualified, assumed L1)"
mnc,manc1252,Manchu,20,2007,"wikidata P1098 (unqualified, assumed L1)"
zmd,mari1422,Maridan,20,1981,"wikidata P1098 (unqualified, assumed L1)"
was,wash1253,Washo,20,2011,"wikidata P1098 (unqualified, assumed L1)"
zmy,mari1423,Mariyedi,20,1981,"wikidata P1098 (unqualified, assumed L1)"
vol,vola1234,Volapük,20,2000,"wikidata P1098 (unqualified, assumed L1)"
zmj,mari1421,Maridjabin,20,1970,"wikidata P1098 (unqualified, assumed L1)"
atc,atsa1242,Atsahuaca,20,1904,"wikidata P1098 (unqualified, assumed L1)"
haa,hann1241,Han,19,2007,"wikidata P1098 (unqualified, assumed L1)"
taa,lowe1425,Lower Tanana,15,2007,"wikidata P1098 (unqualified, assumed L1)"
mfr,mari1424,Marithiel,15,2006,"wikidata P1098 (unqualified, assumed L1)"
enh,tund1254,Tundra Enets,15,,"wikidata P1098 (unqualified, assumed L1)"
zmm,mari1417,Marimanindji,15,1983,"wikidata P1098 (unqualified, assumed L1)"
zmr,mara1386,Maranunggu,15,1983,"wikidata P1098 (unqualified, assumed L1)"
abe,west2630,Western Abenaki,14,,wikidata P1098 (first-language qualified)
bxe,bira1253,Ongota,12,2012,"wikidata P1098 (unqualified, assumed L1)"
mcg,mapo1246,Mapoyo,12,2001,"wikidata P1098 (unqualified, assumed L1)"
alh,alaw1244,Alawa,12,2013,"wikidata P1098 (unqualified, assumed L1)"
kyh,karo1304,Karuk,12,2007,"wikidata P1098 (unqualified, assumed L1)"
alc,qawa1238,Qawasqar,12,,"wikidata P1098 (unqualified, assumed L1)"
csm,cent2140,Central Sierra Miwok,12,1994,wikidata P1098 (first-language qualified)
lio,liki1241,Liki,11,2005,"wikidata P1098 (unqualified, assumed L1)"
alr,alut1245,Alutor,11,2020,"wikidata P1098 (unqualified, assumed L1)"
pnk,paun1241,Paunaka,10,,"wikidata P1098 (unqualified, assumed L1)"
scq,saoc1239,Sa'och,10,2009,"wikidata P1098 (unqualified, assumed L1)"
huk,hulu1246,Hulung,10,1991,"wikidata P1098 (unqualified, assumed L1)"
ppr,piru1241,Piru,10,1989,"wikidata P1098 (unqualified, assumed L1)"
cbd,cari1279,Carijona,10,2016,"wikidata P1098 (unqualified, assumed L1)"
ari,arik1262,Arikara,10,,"wikidata P1098 (unqualified, assumed L1)"
xat,kata1270,Katawixi,10,2006,"wikidata P1098 (unqualified, assumed L1)"
sxr,saar1237,Saaroa,10,2012,wikidata P1098 (first-language qualified)
ltn,latu1238,Latundê,10,2010,"wikidata P1098 (unqualified, assumed L1)"
yhs,,,10,2014,"wikidata P1098 (unqualified, assumed L1)"
enf,fore1265,Forest Enets,10,2011,"wikidata P1098 (unqualified, assumed L1)"
ain,ainu1240,Hokkaido Ainu,10,2007,"wikidata P1098 (unqualified, assumed L1)"
paw,pawn1254,Pawnee,10,2007,"wikidata P1098 (unqualified, assumed L1)"
tpv,tana1281,Tanapag,10,2011,"wikidata P1098 (unqualified, assumed L1)"
ats,gros1243,Gros Ventre,10,2006,"wikidata P1098 (unqualified, assumed L1)"
gyd,kaya1319,Kayardild,8,2016,wikidata P1098 (first-language qualified)
hup,hupa1239,Hupa-Chilula,8,,"wikidata P1098 (unqualified, assumed L1)"
yaw,yawa1261,Yawalapití,8,2006,"wikidata P1098 (unqualified, assumed L1)"
jus,juml1239,Jumla Sign Language,8,2005,"wikidata P1098 (unqualified, assumed L1)"
zmt,mari1419,Maringarr,8,2006,"wikidata P1098 (unqualified, assumed L1)"
dbl,dyir1250,Dyirbal,8,2016,"wikidata P1098 (unqualified, assumed L1)"
idb,dama1278,Daman-Diu Portuguese,8,2012,wikidata P1098 (first-language qualified)
kgg,kusu1250,Kusunda,7,2005,"wikidata P1098 (unqualified, assumed L1)"
ywr,yawu1244,Yawuru,6,2006,"wikidata P1098 (unqualified, assumed L1)"
btj,baca1243,Bacanese Malay,6,2012,"wikidata P1098 (unqualified, assumed L1)"
chl,cahu1264,Cahuilla,6,2011,wikidata P1098 (first-language qualified)
ncz,natc1249,Natchez,6,2011,"wikidata P1098 (unqualified, assumed L1)"
orw,orow1243,Oro Win,5,2011,"wikidata P1098 (unqualified, assumed L1)"
wnw,nucl1651,Nuclear Wintu,5,,"wikidata P1098 (unqualified, assumed L1)"
atx,arut1244,Arutani,5,2018,"wikidata P1098 (unqualified, assumed L1)"
nju,ngad1258,Ngadjunmaya,5,2005,"wikidata P1098 (unqualified, assumed L1)"
abg,abag1245,Abaga,5,1994,"wikidata P1098 (unqualified, assumed L1)"
kxo,kano1245,Kanoê,5,2007,"wikidata P1098 (unqualified, assumed L1)"
xya,yayg1236,Yaygir,5,,"wikidata P1098 (unqualified, assumed L1)"
gin,hinu1240,Hinuq,5,2010,"wikidata P1098 (unqualified, assumed L1)"
wdj,wadj1254,Wadjiginy,5,2005,"wikidata P1098 (unqualified, assumed L1)"
gta,guat1253,Guató,4,2006,"wikidata P1098 (unqualified, assumed L1)"
tnx,tane1237,Tanema,4,2007,"wikidata P1098 (unqualified, assumed L1)"
crd,coeu1236,Coeur d'Alene,4,2007,wikidata P1098 (first-language qualified)
xnb,kana1286,Kanakanavu,4,2012,wikidata P1098 (first-language qualified)
zoq,taba1264,Tabasco Zoque,4,,"wikidata P1098 (unqualified, assumed L1)"
inp,inap1242,Iñapari,4,1999,"wikidata P1098 (unqualified, assumed L1)"
bdn,bald1241,Baldamu,4,2003,wikidata P1098 (first-language qualified)
oum,ouma1237,Ouma,4,2010,"wikidata P1098 (unqualified, assumed L1)"
gmr,mirn1245,Mirniny,4,2005,"wikidata P1098 (unqualified, assumed L1)"
ngh,nngg1234,N||ng,3,,"wikidata P1098 (unqualified, assumed L1)"
wgg,wang1290,Wangganguru,3,2016,wikidata P1098 (first-language qualified)
mud,medn1235,Mednyj Aleut,3,2021,"wikidata P1098 (unqualified, assumed L1)"
sae,saba1268,Sabanê,3,2004,"wikidata P1098 (unqualified, assumed L1)"
bdz,bade1240,Badeshi,3,2008,"wikidata P1098 (unqualified, assumed L1)"
zmg,mart1254,Marti Ke,3,2005,"wikidata P1098 (unqualified, assumed L1)"
giy,giyu1238,Giyug,2,2011,"wikidata P1098 (unqualified, assumed L1)"
omg,omag1248,Omagua,2,2020,"wikidata P1098 (unqualified, assumed L1)"
noj,nonu1241,Nonuya,2,2011,"wikidata P1098 (unqualified, assumed L1)"
mzx,mawa1271,Mawayana,2,2013,"wikidata P1098 (unqualified, assumed L1)"
ccc,cham1318,Chamicuro,2,2008,"wikidata P1098 (unqualified, assumed L1)"
sjt,ters1235,Ter Saami,2,2010,"wikidata P1098 (unqualified, assumed L1)"
squ,squa1248,Squamish,1,2014,wikidata P1098 (first-language qualified)
rgr,resi1247,Resígaro,1,2016,"wikidata P1098 (unqualified, assumed L1)"
yug,yugh1239,Yugh,1,2010,"wikidata P1098 (unqualified, assumed L1)"
chn,chin1272,Creolized Grand Ronde Chinook Jargon,1,,"wikidata P1098 (unqualified, assumed L1)"
pbg,para1316,Paraujano,1,2011,"wikidata P1098 (unqualified, assumed L1)"
pej,nort2966,Northern Pomo,1,2007,wikidata P1098 (first-language qualified)
tit,tini1245,Tinigua,1,2013,"wikidata P1098 (unqualified, assumed L1)"
trr,taus1253,Taushiro,1,2002,"wikidata P1098 (unqualified, assumed L1)"
akk,akka1240,Akkadian,0,,"wikidata P1098 (unqualified, assumed L1)"
ako,akur1238,Akurio,0,2018,"wikidata P1098 (unqualified, assumed L1)"
xpi,pict1238,Pictish,0,2023,"wikidata P1098 (unqualified, assumed L1)"
zro,zapa1253,Záparo,0,,"wikidata P1098 (unqualified, assumed L1)"
xpr,part1239,Parthian,0,,"wikidata P1098 (unqualified, assumed L1)"
xrr,raet1238,Raetic,0,,"wikidata P1098 (unqualified, assumed L1)"
yag,yama1264,Yámana,0,2022,"wikidata P1098 (unqualified, assumed L1)"
xsc,,,0,,"wikidata P1098 (unqualified, assumed L1)"
akm,akab1248,Akabo,0,2010,"wikidata P1098 (unqualified, assumed L1)"
xsv,sudo1236,Sudovian,0,,"wikidata P1098 (unqualified, assumed L1)"
yur,yuro1248,Yurok,0,2013,wikidata P1098 (first-language qualified)
xzh,zhan1239,Zhangzhung,0,,"wikidata P1098 (unqualified, assumed L1)"
zko,kott1239,Kott-Assan,0,,"wikidata P1098 (unqualified, assumed L1)"
ysr,sire1246,Old Sirenik,0,,"wikidata P1098 (unqualified, assumed L1)"
ack,akak1251,Akakora,0,2009,"wikidata P1098 (unqualified, assumed L1)"
yxg,yaga1262,Yagara,0,2016,"wikidata P1098 (unqualified, assumed L1)"
lzh,lite1248,Classical Chinese,0,,"wikidata P1098 (unqualified, assumed L1)"
akj,akaj1239,Akajeru,0,2009,"wikidata P1098 (unqualified, assumed L1)"
xve,vene1257,Venetic,0,,"wikidata P1098 (unqualified, assumed L1)"
mvb,matt1238,Mattole-Bear River,0,,"wikidata P1098 (unqualified, assumed L1)"
xvn,,,0,,"wikidata P1098 (unqualified, assumed L1)"
xzm,zemg1234,Zemgalian,0,,"wikidata P1098 (unqualified, assumed L1)"
yej,yeva1238,Yevanic,0,,"wikidata P1098 (unqualified, assumed L1)"
xxm,mink1237,Minkin,0,,"wikidata P1098 (unqualified, assumed L1)"
xxr,coro1248,Koropó,0,,"wikidata P1098 (unqualified, assumed L1)"
zrp,zarp1238,Zarphatic,0,,"wikidata P1098 (unqualified, assumed L1)"
glv,manx1243,Manx,0,1974,wikidata P1098 (first-language qualified)
xpc,pech1242,Pecheneg,0,,"wikidata P1098 (unqualified, assumed L1)"
tpn,tupi1273,Tupinambá,0,,"wikidata P1098 (unqualified, assumed L1)"
cop,copt1239,Coptic,0,2021,"wikidata P1098 (unqualified, assumed L1)"
svx,,,0,,"wikidata P1098 (unqualified, assumed L1)"
ptw,pent1242,Pentlatch,0,,"wikidata P1098 (unqualified, assumed L1)"
ito,iton1250,Itonama,0,2023,"wikidata P1098 (unqualified, assumed L1)"
pth,pata1261,Pataxó Hã-Ha-Hãe,0,2009,"wikidata P1098 (unqualified, assumed L1)"
pro,oldp1253,Old Provençal,0,,"wikidata P1098 (unqualified, assumed L1)"
sxl,,,0,,"wikidata P1098 (unqualified, assumed L1)"
cob,chic1271,Chicomuceltec,0,,"wikidata P1098 (unqualified, assumed L1)"
cnx,midd1380,Middle Cornish,0,,"wikidata P1098 (unqualified, assumed L1)"
clm,clal1241,Clallam,0,2014,"wikidata P1098 (unqualified, assumed L1)"
pox,pola1255,Polabian,0,1780,"wikidata P1098 (unqualified, assumed L1)"
jbo,lojb1234,Lojban,0,2018,wikidata P1098 (first-language qualified)
chu,chur1257,Church Slavic,0,,"wikidata P1098 (unqualified, assumed L1)"
chg,chag1247,Chagatai,0,,"wikidata P1098 (unqualified, assumed L1)"
pmw,plai1259,Plains Miwok,0,,"wikidata P1098 (unqualified, assumed L1)"
pli,pali1273,Pali,0,,wikidata P1098 (first-language qualified)
tgx,tagi1240,Tagish,0,2008,"wikidata P1098 (unqualified, assumed L1)"
pgn,,,0,,"wikidata P1098 (unqualified, assumed L1)"
tlh,klin1234,Klingon,0,,wikidata P1098 (first-language qualified)
cah,cahu1268,Cahuarano,0,,"wikidata P1098 (unqualified, assumed L1)"
tmr,jewi1240,Jewish Babylonian Aramaic (ca. 200-1200 CE),0,,wikidata P1098 (first-language qualified)
kii,kits1249,Kitsai,0,,"wikidata P1098 (unqualified, assumed L1)"
tni,tand1253,Tandia,0,2002,"wikidata P1098 (unqualified, assumed L1)"
sux,sume1241,Sumerian,0,,"wikidata P1098 (unqualified, assumed L1)"
cor,corn1251,Cornish,0,2011,wikidata P1098 (first-language qualified)
pzh,kulo1237,Pazeh-Kahabu,0,2010,"wikidata P1098 (unqualified, assumed L1)"
sia,akka1237,Akkala Saami,0,2003,"wikidata P1098 (unqualified, assumed L1)"
gmh,midd1343,Middle High German,0,,"wikidata P1098 (unqualified, assumed L1)"
gbu,gaga1251,Gaagudju,0,,"wikidata P1098 (unqualified, assumed L1)"
frm,midd1316,Middle French,0,2022,wikidata P1098 (first-language qualified)
frk,fran1264,Old Frankish,0,,"wikidata P1098 (unqualified, assumed L1)"
eya,eyak1241,Eyak,0,,"wikidata P1098 (unqualified, assumed L1)"
sdt,shua1252,Shuadit,0,,"wikidata P1098 (unqualified, assumed L1)"
ett,etru1241,Etruscan,0,,"wikidata P1098 (unqualified, assumed L1)"
got,goth1244,Gothic,0,2019,"wikidata P1098 (unqualified, assumed L1)"
sga,oldi1245,Early Irish,0,,"wikidata P1098 (unqualified, assumed L1)"
enm,midd1317,Middle English,0,,"wikidata P1098 (unqualified, assumed L1)"
elo,elmo1238,El Molo,0,,"wikidata P1098 (unqualified, assumed L1)"
cyb,cayu1262,Cayubaba,0,2012,wikidata P1098 (first-language qualified)
rsi,renn1236,Rennellese Sign Language,0,2000,"wikidata P1098 (unqualified, assumed L1)"
sjk,kemi1239,Kemi Saami,0,,"wikidata P1098 (unqualified, assumed L1)"
dze,djiw1241,Djiwarli,0,,"wikidata P1098 (unqualified, assumed L1)"
skw,skep1238,Skepi Creole Dutch,0,1998,"wikidata P1098 (unqualified, assumed L1)"
dlm,dalm1243,Dalmatian,0,1898,"wikidata P1098 (unqualified, assumed L1)"
dhx,dhun1239,Dhungaloo,0,2012,"wikidata P1098 (unqualified, assumed L1)"
ido,idoo1234,Ido,0,,wikidata P1098 (first-language qualified)
dcr,nege1244,Virgin Islands Dutch Creole,0,1987,"wikidata P1098 (unqualified, assumed L1)"
sog,sogd1245,Sogdian,0,,"wikidata P1098 (unqualified, assumed L1)"
czk,west3000,West Judeo-Slavic,0,,"wikidata P1098 (unqualified, assumed L1)"
osx,olds1250,Old Saxon,0,,"wikidata P1098 (unqualified, assumed L1)"
tpw,tupi1274,Lingua Geral Paulista,0,,"wikidata P1098 (unqualified, assumed L1)"
xmk,,,0,,"wikidata P1098 (unqualified, assumed L1)"
osa,osag1243,Osage,0,,"wikidata P1098 (unqualified, assumed L1)"
apk,kiow1264,Kiowa Apache,0,,"wikidata P1098 (unqualified, assumed L1)"
woy,weyt1237,Weyto,0,,"wikidata P1098 (unqualified, assumed L1)"
wrg,waru1264,Warrongo,0,2009,"wikidata P1098 (unqualified, assumed L1)"
lng,,,0,1900,"wikidata P1098 (unqualified, assumed L1)"
wrz,wara1290,Warray,0,,"wikidata P1098 (unqualified, assumed L1)"
ang,olde1238,Old English (ca. 450-1100),0,,"wikidata P1098 (unqualified, assumed L1)"
anb,ando1255,Andoa,0,,"wikidata P1098 (unqualified, assumed L1)"
xas,kama1351,Kamas-Koibal,0,,"wikidata P1098 (unqualified, assumed L1)"
xcb,,,0,,"wikidata P1098 (unqualified, assumed L1)"
xce,celt1247,Celtiberian,0,2023,"wikidata P1098 (unqualified, assumed L1)"
xco,khwa1238,Khwarezmian,0,,"wikidata P1098 (unqualified, assumed L1)"
xcu,,,0,,"wikidata P1098 (unqualified, assumed L1)"
xcv,chuv1256,Chuvantsy,0,,"wikidata P1098 (unqualified, assumed L1)"
xcy,cayu1241,Cayuse,0,,"wikidata P1098 (unqualified, assumed L1)"
xfa,fali1291,Faliscan,0,,"wikidata P1098 (unqualified, assumed L1)"
xga,gala1252,Galatian,0,,"wikidata P1098 (unqualified, assumed L1)"
xgl,,,0,,"wikidata P1098 (unqualified, assumed L1)"
xli,,,0,,"wikidata P1098 (unqualified, assumed L1)"
xlp,lepo1240,Lepontic,0,,"wikidata P1098 (unqualified, assumed L1)"
xls,lusi1235,Lusitanian,0,,"wikidata P1098 (unqualified, assumed L1)"
xly,elym1237,Elymian,0,,"wikidata P1098 (unqualified, assumed L1)"
xme,,,0,,"wikidata P1098 (unqualified, assumed L1)"
amg,amar1271,Amurdak,0,,"wikidata P1098 (unqualified, assumed L1)"
liv,livv1244,Liv,0,,wikidata P1098 (first-language qualified)
wlk,wail1244,Eel River Athabaskan,0,,"wikidata P1098 (unqualified, assumed L1)"
arb,stan1318,Standard Arabic,0,2023,override: MSA has ~no L1 speakers; macro-Arabic total lives on the varieties
obt,oldb1248,Old Breton,0,,"wikidata P1098 (unqualified, assumed L1)"
bue,beot1247,Beothuk,0,,wikidata P1098 (first-language qualified)
orv,oldr1238,Old Russian,0,,"wikidata P1098 (unqualified, assumed L1)"
brc,berb1259,Berbice Creole Dutch,0,2005,"wikidata P1098 (unqualified, assumed L1)"
omu,omur1241,Omurano,0,,"wikidata P1098 (unqualified, assumed L1)"
omn,mino1236,Minoan,0,,"wikidata P1098 (unqualified, assumed L1)"
oko,,,0,2022,"wikidata P1098 (unqualified, assumed L1)"
okl,oldk1238,Old Kentish Sign Language,0,,"wikidata P1098 (unqualified, assumed L1)"
oco,oldc1252,Old South-West British,0,,"wikidata P1098 (unqualified, assumed L1)"
txr,tart1237,Tartessian,0,2023,"wikidata P1098 (unqualified, assumed L1)"
ocm,oldc1255,Old Cham,0,2001,"wikidata P1098 (unqualified, assumed L1)"
oac,oroc1248,Oroch,0,2016,"wikidata P1098 (unqualified, assumed L1)"
wiy,wiyo1248,Wiyot,0,,"wikidata P1098 (unqualified, assumed L1)"
uks,urub1243,Urubú-Kaapor Sign Language,0,,"wikidata P1098 (unqualified, assumed L1)"
nyt,nyaw1247,Nyawaygi,0,2009,"wikidata P1098 (unqualified, assumed L1)"
umr,umbu1235,Umbugarla,0,,"wikidata P1098 (unqualified, assumed L1)"
axl,lowe1436,Lower Southern Aranda,0,2011,"wikidata P1098 (unqualified, assumed L1)"
axb,abip1241,Abipon,0,,"wikidata P1098 (unqualified, assumed L1)"
avs,aush1242,Aushiri,0,,"wikidata P1098 (unqualified, assumed L1)"
nrx,ngur1260,Ngurmbur,0,,"wikidata P1098 (unqualified, assumed L1)"
ave,aves1237,Avestan,0,,"wikidata P1098 (unqualified, assumed L1)"
nrn,oldn1246,Old Norn,0,1850,"wikidata P1098 (unqualified, assumed L1)"
wic,wich1260,Wichita,0,2016,"wikidata P1098 (unqualified, assumed L1)"
tvx,taiv1237,Taivoan,0,,"wikidata P1098 (unqualified, assumed L1)"
