level,symbol,segment_class,n_languages,pct_languages,pct_l1_weighted,pct_total_weighted,l1_with,total_with,top_allophones,merged_strict_variants
strict,m,consonant,2111,0.96968,0.9989,0.99948,6147741097,10335938440,mʷ(30) m̥(27) mʲ(25) ɱ(23) ŋ(20) n(14) mb(12) ɲ(7),
strict,s,consonant,1514,0.69545,0.95057,0.96828,5850286671,10013300831,ʃ(96) z(38) sʲ(24) sʷ(18) ts(10) h(7) ç(5) tʃ(4),
strict,j,consonant,1984,0.91135,0.89777,0.93486,5525380912,9667725916,j̃(26) j̥(24) ʝ(18) ɲ(14) i(8) ʒ(7) dʒ(7) jʷ(7),
strict,k,consonant,1991,0.91456,0.89725,0.75118,5522180644,7768262199,ɡ(106) kʰ(97) kʲ(54) kʷ(53) ɣ(28) ʔ(27) x(20) c(17),
strict,p,consonant,1881,0.86403,0.86675,0.73434,5334451595,7594093196,b(86) pʰ(82) pʷ(27) pʲ(27) ɸ(21) β(18) f(14) pɸ(7),
strict,l,consonant,1555,0.71429,0.8625,0.88292,5308280155,9130541333,r(35) lʲ(27) ɾ(24) l̥(23) d(23) n(21) ʎ(16) lˠ(13),
strict,i,vowel,2057,0.94488,0.82989,0.7255,5107555541,7502694413,ɪ(135) ĩ(79) i̥(41) e(30) j(28) ɨ(28) ə(9) ḭ(8),
strict,a,vowel,1962,0.90124,0.80692,0.71741,4966205679,7418940175,ã(79) ə(46) ɑ(40) æ(38) ʌ(33) ḁ(28) ɐ(19) ɛ(15),
strict,u,vowel,1976,0.90767,0.80473,0.70787,4952723818,7320345441,ʊ(85) ũ(72) u̥(32) o(31) w(25) ʉ(14) y(13) ɯ(11),
strict,f,consonant,952,0.4373,0.79425,0.86334,4888226068,8928079339,v(24) fʷ(23) fʲ(21) ɸ(18) p(6) fˠ(4) β(3) f̃(2),
strict,b,consonant,1369,0.62885,0.75724,0.79989,4660433431,8271982135,β(58) p(51) bʷ(38) mb(36) bʲ(31) v(12) b̥(11) m(10),
strict,n,consonant,1815,0.83372,0.75313,0.77334,4635155456,7997323703,ŋ(124) ɲ(58) nʲ(32) m(32) n̥(26) nʷ(18) ɳ(13) nd(12),
strict,w,consonant,1871,0.85944,0.74743,0.8002,4600054768,8275151950,w̃(28) β(27) ɥ(23) v(19) ʍ(15) ʋ(9) u(8) o(6),
strict,ɡ,consonant,1239,0.56913,0.73731,0.74726,4537797260,7727683556,ɣ(71) ɡʷ(37) ɡʲ(34) ŋɡ(31) k(28) ŋ(10) ɟ(10) ɡ̥(8),
strict,pʰ,consonant,369,0.1695,0.59228,0.64108,3645187466,6629643239,p(24) ɸ(10) f(8) pʲʰ(5) pʷʰ(3) ʰp(3) mpʰ(2) pˡ(2),
strict,kʰ,consonant,381,0.17501,0.58998,0.67517,3631056983,6982213114,k(27) x(8) cʰ(5) kʲʰ(4) kx(4) χ(4) ʰk(2) ŋkʰ(2),
strict,ŋ,consonant,1410,0.64768,0.58766,0.653,3616740566,6752926825,ŋʷ(23) ɲ(18) ŋʲ(14) m(12) n(12) ŋ̥(10) ŋɡ(9) ŋm(5),
strict,h,consonant,1242,0.57051,0.54964,0.62341,3382786945,6446932432,x(32) ɦ(27) hʷ(10) h̃(8) ç(7) hʲ(6) ɸ(5) χ(4),
strict,ə,vowel,509,0.23381,0.47981,0.58349,2952975404,6034021467,ə̃(17) a(12) ɐ(8) ɨ(8) i(6) ɪ(5) ø(5) ʌ(5),
strict,ɛ,vowel,836,0.38401,0.47838,0.58109,2944226686,6009295994,ɛ̃(47) e(42) æ(18) ɛ̥(12) ə(9) ɪ(3) œ(3) ɜ(3),
strict,t̪,consonant,527,0.24208,0.47593,0.40698,2929133820,4208676147,tʰ(21) d(17) tʲ(8) ð(4) tʷ(4) ts(3) θ(2) ɾ(2),
strict,t,consonant,1612,0.74047,0.45397,0.40771,2793986063,4216309090,tʰ(86) d(73) tʲ(34) tʷ(17) tʃ(13) ɾ(12) ts(11) r(8),
strict,d̪,consonant,304,0.13964,0.45103,0.41776,2775907147,4320208679,ð(11) t(11) nd(8) dʲ(5) d̥(5) ɾ(4) dð(2) θ(2),
strict,o,vowel,1412,0.6486,0.44697,0.38007,2750900368,3930388950,ɔ(81) õ(69) u(23) ʊ(17) o̥(15) ə(8) ɤ(7) ɔ̃(5),
strict,ʃ,consonant,760,0.3491,0.4402,0.5913,2709220059,6114795439,ʒ(14) ʃʲ(11) s(8) tʃ(5) ʃʷ(5) ʂ(4) ɕ(3) hʲ(1),
strict,z,consonant,661,0.30363,0.43385,0.57962,2670128195,5994056032,ʒ(37) dz(14) zʲ(10) dʒ(10) s(8) zʷ(7) z̥(7) s͉(4),
strict,ɔ,vowel,796,0.36564,0.42517,0.39695,2616703490,4105010556,ɔ̃(50) o(20) ɔ̥(9) ɒ(4) ø(2) ɤ(2) ʊ(2) ɑ(2),
strict,t̠ʃ,consonant,876,0.40239,0.39812,0.48842,2450215011,5050899380,dʒ(28) tʃʰ(22) ts(11) tʃʷ(9) c(6) ʃ(6) tʃʲ(5) tʲ(2),
strict,x,consonant,391,0.1796,0.39257,0.36364,2416075419,3760531515,h(16) xʷ(11) ɣ(11) xʲ(10) ç(9) χ(8) ɦ(2) ɡ(2),
strict,e,vowel,1438,0.66054,0.39195,0.3467,2412266177,3585337113,ɛ(101) ẽ(65) ɪ(20) ə(19) i(15) e̥(12) æ(7) ei(6),
strict,tʰ,consonant,273,0.1254,0.38608,0.4429,2376129197,4580173620,t(23) tʲʰ(4) d(3) tʷʰ(2) ʈʰ(2) ʰt(2) tⁿ(2) ntʰ(2),
strict,ɾ,consonant,582,0.26734,0.36602,0.24855,2252704358,2570369542,r(40) ɾ̃(10) l(9) d(8) ɺ(7) ɹ(7) ɾ̥(5) r̥(5),
strict,v,consonant,603,0.27699,0.34608,0.43749,2129978403,4524249638,w(16) vʲ(13) vʷ(10) β(10) f(9) ʋ(9) v̥(7) ɸ(3),
strict,iː,vowel,747,0.34313,0.32475,0.40544,1998696404,4192757127,ĩ(9) ɪ(6) e(5) ḭ(3) ɨ(3) ei(2) əi(2) eə(1),
strict,r,consonant,1049,0.48186,0.32337,0.32541,1990175866,3365150866,ɾ(73) r̥(29) rʲ(10) ɹ(10) d(9) ʁ(8) l(7) ɾ̥(5),
strict,ɲ,consonant,943,0.43316,0.323,0.28267,1987882851,2923223003,ŋ(15) n(11) m(8) ɲ̥(6) j̃(6) ɲʷ(6) ɲʲ(5) j(3),
strict,n̪,consonant,394,0.18098,0.31799,0.2797,1957107029,2892439522,ɲ(6) ŋ(6) m(4) n̥(3) ɳ(2) nʲ(2) nʷ(2) nt(1),
strict,d̠ʒ,consonant,608,0.27928,0.31707,0.41871,1951418256,4330054262,ʒ(14) ndʒ(13) tʃ(10) dʒʷ(9) dʒʲ(6) dz(3) tʃ͉(3) ɟ(3),
strict,d,consonant,1061,0.48737,0.31539,0.41519,1941088857,4293611645,nd(33) r(27) dʲ(22) t(21) ɾ(20) dʷ(16) l(14) ð(12),
strict,æ,vowel,147,0.06752,0.30149,0.38031,1855536017,3932885713,ɛ(8) æ̃(5) a(2) e(1) æə(1) ə(1) ɑ(1) æ̤(1),
strict,ts,consonant,497,0.2283,0.29792,0.24965,1833562577,2581717857,tʃ(41) dz(15) tsʰ(11) s(7) tsʲ(6) z(6) tsʷ(5) nts(2),
strict,ʊ,vowel,299,0.13734,0.26015,0.37495,1601115106,3877456266,ʊ̃(14) o(12) u(10) ʊ̥(8) ɔ(5) ʊ˞(2) ʊ̰(2) ʊ̤(2),
strict,ɪ,vowel,319,0.14653,0.25935,0.37171,1596192108,3843996076,i(20) ɪ̃(15) ɪ̥(6) e(6) ɛ(4) ə(3) ɯ(2) ɪ̤(2),
strict,uː,vowel,691,0.31741,0.25916,0.23527,1595029959,2433056084,ʊ(7) ũ(5) ṵ(3) o(3) ʉ(2) uə(2) ou(1) ɯ(1),
strict,ɖ,consonant,165,0.07579,0.25663,0.22916,1579462521,2369800114,ɽ(8) ɖʲ(2) dˀ(1) ɖˀ(1) ɖⁿ(1) ɖˡ(1) ɖʷˠ(1) ɳɖ(1),
strict,t̪ʰ,consonant,115,0.05282,0.25312,0.26148,1557825378,2704091341,t(5) tʲʰ(1) tˡ(1) tⁿ(1),
strict,ʈ,consonant,350,0.16077,0.24669,0.21519,1518270498,2225344775,ɖ(10) ʈʰ(2) ɽ(2) ʈˀ(1) ʈʷˠ(1) ʈʲ(1) d(1) ʈʷ(1),
strict,y,vowel,116,0.05328,0.24034,0.22963,1479159578,2374663498,ʏ(2) y̥(1) œ(1) j(1) ʒ(1) ʔy(1) ʔdʒ(1) ỹ(1),
strict,ʈʰ,consonant,82,0.03767,0.2388,0.21575,1469688844,2231171430,ʈ(3) ʈʲʰ(2) ʈⁿ(1) ʈˡ(1) ʈʷˠʰ(1),
strict,ʒ,consonant,313,0.14378,0.22168,0.30952,1364329648,3200902875,dʒ(11) ʃ(6) ʃ͉(5) ʒ̥(5) j(3) ʒʲ(3) ʑ(3) ʐ(2),
strict,ʂ,consonant,131,0.06017,0.22084,0.20062,1359195115,2074697414,ʂɻ(1) ʐ(1) s(1) ʃ(1),
strict,eː,vowel,493,0.22646,0.21966,0.20965,1351925231,2168046513,ɛ(14) ẽ(8) ɪ(4) i(3) ei(2) ḛ(2) ɤe(1) eə(1),
strict,ç,consonant,97,0.04456,0.21887,0.20162,1347048899,2084977438,x(2) çʰ(1) s(1) ch(1) h(1) ʲh(1) j̥(1),
strict,cç,consonant,93,0.04272,0.21686,0.19659,1334700533,2033015931,c(4) ɟʝ(3) ʃ(2) ç(1) ɟ̥ʝ(1),
strict,oː,vowel,483,0.22186,0.21559,0.20535,1326834349,2123645765,õ(9) u(6) ɔ(6) ɤ(2) ʊ(2) o̰(2) o̤(1) ou(1),
strict,tsʰ,consonant,137,0.06293,0.20867,0.1759,1284294405,1819021615,tʃʰ(3) tsʲʰ(2) ts(2) t̬sʰ(1) tsʷʰ(1) tsxʷ(1) tsç(1) tsx(1),
strict,cçʰ,consonant,34,0.01562,0.20709,0.19083,1274519667,1973441827,ʃ(1),
strict,ʔ,consonant,821,0.37712,0.20602,0.20207,1267931023,2089697494,ʔʲ(4) ʔʰ(3) ʔʷ(2) h(2) ɦ(2) q(2) k(2) wˀ(1),
strict,ɽ,consonant,129,0.05926,0.20122,0.1843,1238437382,1905859475,r(6) ɻ(3) ɽʲ(2) ɽ̥(2) ɽ̃(2) ɹ(1) ʈɽ(1) l(1),
strict,χ,consonant,143,0.06569,0.19083,0.16008,1174459126,1655395437,x(3) χʲ(3) h(2) ʁ(2) q(2) ʀ̥(1) χˤ(1) ɕ(1),
strict,tɕ,consonant,83,0.03813,0.18652,0.15374,1147965072,1589865984,c(1) tɕʰ(1) t(1) ʔc(1) ʔcʰ(1) ʔtɕ(1),
strict,b̤,consonant,39,0.01791,0.18445,0.1642,1135198900,1698079575,β(2) b(2) mb̤(1),
strict,ai,vowel,76,0.03491,0.1842,0.18672,1133677947,1930973241,aɪ(1) ʌi(1) ãĩ(1) ɛi(1) ae(1) i(1) e(1),
strict,au,vowel,60,0.02756,0.17933,0.182,1103663566,1882121557,ʌʊ(1) oʊ(1) aʊ(1) ao(1) ɔ(1) o(1) u(1),
strict,ɖ̤,consonant,26,0.01194,0.17577,0.15801,1081810000,1634039444,ɽ̤(2) ɳɖ̤(1) ɖ(1),
strict,ɤ,vowel,50,0.02297,0.17002,0.14275,1046396162,1476266019,ə(2) ɯ(2) ɤɰ(1) oɤ(1) e(1) ɪ(1) o(1) ɤ̥(1),
strict,aː,vowel,716,0.32889,0.16902,0.16927,1040225891,1750510517,ã(11) ɑ(5) a̰(3) a̤(2) ʌ(2) æ(2) ai(1) ɑ̴(1),
strict,ei,vowel,29,0.01332,0.1688,0.1488,1038909970,1538834410,ɛi(1) e(1),
strict,θ,consonant,82,0.03767,0.16841,0.25262,1036474005,2612480513,ð(5) t(3) θ̬(2) tθ(1) nθ(1) w(1) j(1) f(1),
strict,uə,vowel,22,0.01011,0.16739,0.14084,1030222482,1456431705,,
strict,ou,vowel,21,0.00965,0.16678,0.14531,1026446060,1502697438,ɔʊ(1),
strict,iu,vowel,22,0.01011,0.16546,0.13432,1018339180,1389100435,,
strict,tɕʰ,consonant,40,0.01837,0.16304,0.13741,1003454660,1420994935,cʰ(1) t(1) tɕ(1) ɕ(1),
strict,ɕ,consonant,78,0.03583,0.16281,0.13757,1002003902,1422686479,s(2) ʒ(1) sʲ(1) ʃ(1),
strict,ɥ,consonant,35,0.01608,0.16256,0.16111,1000480000,1666126911,y(2) ʝʷ(1) ɥ̥(1),
strict,ʊ̃,vowel,64,0.0294,0.1625,0.15401,1000133100,1592698391,ɯ̃(1),
strict,õ,vowel,268,0.12311,0.16224,0.14769,998489424,1527359055,ɔ̃(5) ũ(1) ə(1) ʌ(1) o(1) õi(1),
strict,ia,vowel,39,0.01791,0.16128,0.13639,992593442,1410407435,,
strict,ua,vowel,35,0.01608,0.16054,0.13522,988033568,1398339497,ɣua(1) ʊɛ(1) ʊa(1),
strict,ʐ,consonant,63,0.02894,0.15941,0.13583,981105215,1404621504,ʐˀ(1) ʂ(1) ʐd(1) ʐʰ(1),
strict,ɪ̃,vowel,71,0.03261,0.15543,0.14933,956584037,1544242718,,
strict,t̠ʃʰ,consonant,146,0.06706,0.15284,0.1737,940672673,1796314774,tʃ(5) tʃʲʰ(3) tsʰ(2) t̬ʃʰ(1) sʲ(1) s(1) stʃ(1) ʰtʃ(1),
strict,ie,vowel,22,0.01011,0.1527,0.12983,939773710,1342603379,,
strict,ʃ̺,consonant,3,0.00138,0.1516,0.13019,933000000,1346327512,,
strict,uo,vowel,7,0.00322,0.15091,0.12814,928787200,1325189426,,
strict,uai,vowel,3,0.00138,0.15083,0.1281,928310000,1324682915,,
strict,ʎ,consonant,86,0.0395,0.15073,0.09502,927658981,982585667,l̥ʲ(2) ʎ̥(1) l(1) j(1) lʲ(1),
strict,ʈʂ,consonant,69,0.03169,0.15045,0.12978,925924062,1342106312,ʈ(2) ɖʐ(1) ts(1) ʈʂʰ(1),
strict,ʈʂʰ,consonant,35,0.01608,0.15011,0.12943,923844743,1338447267,,
strict,ə˞,vowel,6,0.00276,0.14921,0.12813,918344100,1324992608,,
strict,a˞,vowel,4,0.00184,0.14916,0.12809,918030000,1324648659,ɐ˞(1),
strict,ye,vowel,3,0.00138,0.14916,0.12809,918014100,1324632759,,
strict,iau,vowel,2,0.00092,0.14916,0.12809,918010000,1324628659,,
strict,iou,vowel,1,0.00046,0.14916,0.12809,918000000,1324618659,,
strict,t̠ʃ̺ʰ,consonant,1,0.00046,0.14916,0.12809,918000000,1324618659,,
strict,uei,vowel,1,0.00046,0.14916,0.12809,918000000,1324618659,,
strict,ɦ,consonant,68,0.03124,0.14728,0.14938,906426467,1544756466,h(5) x(2) ɦʲ(1) ɦˠ(1) ɦʷˠ(1) ɦ̃(1) ɦ̥(1) ∅(1),
strict,e̞,vowel,196,0.09003,0.14333,0.09128,882137174,943982418,ɛ(9) e̥(5) ḛ(3) ẽ(2) ɤ(2) ee(1) ḛ̃(1) e̤(1),
strict,ĩ,vowel,405,0.18604,0.13885,0.12336,854558417,1275748178,ɪ̃(7) ḭ̃(1) ĩˤ(1) i(1) ỹ(1) ĩi(1) ŋ(1) ɴ(1),
strict,ũ,vowel,375,0.17226,0.12074,0.08743,743086225,904136011,ʊ̃(3) m(1) õ(1) ỹ(1) ũˤ(1) ɨ̃(1) ɔ̃(1) w̃(1),
strict,o̞,vowel,196,0.09003,0.11736,0.07468,722310653,772325873,ɔ(9) õ(4) o̰(4) o̥(3) ʊ(2) ɵ(2) ø(2) oo(1),
strict,d̪̤,consonant,23,0.01056,0.11338,0.12089,697780000,1250171078,nd̤(1) d(1),
strict,ʋ,consonant,44,0.02021,0.11297,0.11907,695306868,1231300760,w(4) β(2) ʋ̃(1) ʋʲ(1) u(1) ʍ(1) b(1) v(1),
strict,ɳ,consonant,308,0.14148,0.11078,0.08837,681793207,913883429,ɽ̃(3) ɳ̥(2) ɳʲ(1) ʲɳ(1) ɳʷ(1),
strict,ɡʱ,consonant,41,0.01883,0.10701,0.09275,658570307,959154303,ɡ̤(1),
strict,c,consonant,313,0.14378,0.1011,0.07488,622220277,774374579,ɟ(14) tʃ(10) cʰ(5) ʃ(5) j(4) ç(4) s(3) cç(2),
strict,ɣ,consonant,309,0.14194,0.09481,0.15049,583480297,1556257525,ɡ(12) ɣʷ(8) x(6) ɰ(6) ɣʲ(5) j(4) ʝ(3) ʁ(3),
strict,æ̃,vowel,29,0.01332,0.09436,0.08049,580755355,832367793,ã(1),
strict,ð,consonant,118,0.0542,0.09093,0.20323,559624191,2101644041,d(6) dð(1) ðʲ(1) θ͉(1) ʐ(1) θ(1) v(1) ð̥(1),
strict,ẽ̞,vowel,37,0.017,0.09039,0.08552,556298707,884437201,ɛ̃(1),
strict,ɔ̃,vowel,179,0.08222,0.08909,0.08,548282330,827261249,ʊ̃(1) ɔ̃i(1),
strict,ũː,vowel,68,0.03124,0.08679,0.10038,534152628,1038032202,,
strict,ʁ,consonant,93,0.04272,0.08646,0.07913,532131629,818290100,ʁ̥(4) ɢ(3) ɣ(3) χ(3) ʀ(2) ʁʲ(2) ɐ(2) χ͉(1),
strict,ɒ,vowel,37,0.017,0.08635,0.20881,531430192,2159395763,ɔ(2) ɑ(2) ɒ̃(2) a(1) ʔɒ(1),
strict,ɛː,vowel,248,0.11392,0.08541,0.11254,525639206,1163816286,ɛ̃(5) æ(3) e(1),
strict,ɐ,vowel,49,0.02251,0.08137,0.06395,500789393,661298676,ɐi(2) ɐ̥(2) ə(2) ɑ(2) ɐ̃(2) ɶ(1) ɐ̰(1) a(1),
strict,ẽ,vowel,250,0.11484,0.08053,0.05329,495653550,551048649,ɛ̃(4) e(1) ẽi(1),
strict,ɭ,consonant,284,0.13045,0.08013,0.06638,493140510,686446628,ɭ̥(2) ɭʲ(1) ʲɭ(1) ɭʷ(1),
strict,ĩː,vowel,69,0.03169,0.07941,0.09506,488753422,983096028,,
strict,l̪,consonant,169,0.07763,0.07847,0.07725,482973364,798913382,l̥(3) lʲ(2) r(2) ɽ(1) ɫ(1) ɭ(1) n(1) d(1),
strict,õː,vowel,44,0.02021,0.07758,0.09439,477463174,976107808,ũ(1),
strict,ã,vowel,388,0.17823,0.07736,0.06383,476129741,660135115,æ̃(3) ʌ̃(1) ə̃(1) ɒ̃(1) ãˤ(1) a(1),
strict,ɟ,consonant,280,0.12862,0.07663,0.07646,471639165,790664827,c(7) dʒ(5) ɲɟ(3) ɲ(3) ɟʝ(2) ɟ̥(2) j(2) ɡʲ(2),
strict,ɡ̤,consonant,9,0.00413,0.0746,0.0723,459134500,747679800,ɡ(2) ŋɡ̤(1) ɣ(1),
strict,ɯ,vowel,134,0.06155,0.07418,0.04549,456572364,470454575,ɯ̥(5) ɤ(4) ɯ̃(4) ɰ(2) ə(2) ɰə(1) ɨ(1) ɯ̰(1),
strict,s̪,consonant,84,0.03859,0.07193,0.07067,442714804,730815138,z(3) sʲ(1) ʃ(1) sˠ(1),
strict,ẽː,vowel,36,0.01654,0.06828,0.08796,420246030,909662944,,
strict,ɟʝ,consonant,80,0.03675,0.06743,0.06834,415027982,706724722,ʝ(2) ɟ(2) cç(2) ɲɟʝ(1) ɟ̊ʝ̊(1),
strict,aɪ,vowel,7,0.00322,0.06727,0.17138,413996360,1772305664,a(2) ɛ(1) i(1),
strict,aʊ,vowel,4,0.00184,0.06697,0.17118,412178140,1770265284,,
strict,ɹ,consonant,38,0.01746,0.06494,0.16994,399663747,1757429431,ɾ(5) r(3) ɹ̥(3) l(2) n(2) ɣ(1) ɯ(1) d(1),
strict,cʰ,consonant,63,0.02894,0.06314,0.03961,388609618,409622222,c(3) cç(1) ç(1) tɕʰ(1) s(1) ɕ(1),
strict,ɑ,vowel,161,0.07395,0.06247,0.0479,384444383,495373231,a(6) ɑ̃(5) ə(5) ʌ(4) ɔ(3) ɐ(3) e(3) ɒ(2),
strict,z̪,consonant,46,0.02113,0.06221,0.06345,382866115,656178632,s(2) s͉(1) zʲ(1) ʒ(1) z̥(1),
strict,ɔɪ,vowel,4,0.00184,0.06192,0.16779,381086290,1735123986,,
strict,ɟ̤ʝ,consonant,19,0.00873,0.05797,0.06253,356750000,646688108,,
strict,dz,consonant,239,0.10978,0.05709,0.04666,351365115,482531590,dʒ(27) ndz(10) z(6) dzʲ(3) ʒ(2) dzʷ(2) t͉s(1) dzʷˠ(1),
strict,œ,vowel,57,0.02618,0.05555,0.06468,341894510,668910743,ʏ(2) ø(1) y(1) œ̃(1) ɶ(1) <œ>(1),
strict,ɨ,vowel,382,0.17547,0.0546,0.04028,336059063,416561291,ɨ̃(16) ɪ(9) i(6) u(5) ɨ̥(5) ə(5) ʉ(3) ɯ(3),
strict,ɔː,vowel,248,0.11392,0.05295,0.06411,325885600,662992752,ɔ̃(4) ɒ(2) o(1) ø(1) ɪ(1) ʌ(1),
strict,q,consonant,170,0.07809,0.05069,0.09279,311973397,959599826,qʰ(10) χ(6) ɢ(5) ʁ(5) qχ(3) x(3) qʲ(2) ɣ(1),
strict,kʷ,consonant,288,0.13229,0.05045,0.03841,310484647,397214594,ɡʷ(6) kʷʰ(3) k(3) ɣʷ(2) ŋkʷ(1) qʷ(1) hʷ(1) kʰ(1),
strict,ʌ,vowel,99,0.04548,0.04949,0.03457,304578945,357514531,ɑ(3) ɔ(3) ə(3) ɜ(2) a(2) e(2) ʌ̥(1) ɛ(1),
strict,ɓ,consonant,241,0.1107,0.04635,0.05275,285243496,545512085,ɓʷ(6) b(5) p(3) ɓ̥(3) ɓʲ(3) bʷ(2) m(2) ɡb(1),
strict,ɑ̃,vowel,32,0.0147,0.04262,0.07759,262285590,802341546,ə(1) ʌ(1) ã(1) æ̃(1) ə̃(1) ɑ̃i(1),
strict,õ̞,vowel,50,0.02297,0.04218,0.03556,259579727,367741080,ʌ̃(1) ɔ̃(1) ɤ̃(1) õ̰(1),
strict,ɐ̃,vowel,7,0.00322,0.04133,0.02413,254356600,249520821,,
strict,ɗ,consonant,204,0.09371,0.04017,0.04781,247214806,494429011,d(4) ɗʲ(2) t(2) l(2) nɗ(1) ɗʷ(1) ʔʲ(1) ɗ̥(1),
strict,ə̃,vowel,62,0.02848,0.03943,0.05831,242655773,602971631,ə̥̃(1) ŋ(1) ɴ(1),
strict,a̟,vowel,29,0.01332,0.03924,0.05549,241510417,573884234,ɑ(2) ɒ(2) æ(2) ã(1) ɐ(1) ə(1) ʌ(1),
strict,bʰ,consonant,13,0.00597,0.03792,0.02195,233351900,226950140,,
strict,ɖʰ,consonant,11,0.00505,0.03791,0.02194,233338000,226936240,,
strict,ø,vowel,65,0.02986,0.03785,0.05013,232968261,518451679,ø̥(2) ø̃(1) ə(1) œ(1) ʏ(1) y(1),
strict,æː,vowel,44,0.02021,0.03675,0.02414,226164347,249593952,ɛ(2) æ̃(1) ɒ(1) a(1),
strict,ɡʰ,consonant,12,0.00551,0.03675,0.0212,226151900,219199925,,
strict,kʲ,consonant,73,0.03353,0.0362,0.02694,222792271,278600937,ŋɡʲ(1) kxʲ(1) k(1) kʲʰ(1) c(1) tʲ(1),
strict,ħ,consonant,58,0.02664,0.03555,0.05795,218791523,599261484,ħʷ(1) ħ̃(1) x(1),
strict,bː,consonant,43,0.01975,0.03488,0.02555,214677795,264239025,p(1) b̥(1),
strict,ɡː,consonant,38,0.01746,0.03417,0.02423,210278795,250586942,ɡˤ(1) k̥(1),
strict,ʕ,consonant,42,0.01929,0.03381,0.02043,208097476,211250320,ɥ(1) ʕˀ(1) ʕ̥(1) ʜ(1),
strict,nː,consonant,67,0.03078,0.03318,0.02496,204210252,258143840,nˤ(1) ŋ(1) nn̥(1),
strict,kː,consonant,59,0.0271,0.03283,0.02283,202066425,236112552,ɡ(2) kˤ(1) ˀk(1) qχʰ(1) kʲ(1) kʰ(1),
strict,mː,consonant,68,0.03124,0.0326,0.0244,200648852,252354631,mm̥(1),
strict,pʲ,consonant,48,0.02205,0.03202,0.02439,197057480,252259736,pʲʰ(1) pɸʲ(1),
strict,sʲ,consonant,32,0.0147,0.03196,0.02412,196713750,249447286,ʃʲ(1) zʲ(1) ʃ(1) tʃ(1),
strict,bʲ,consonant,39,0.01791,0.03193,0.02452,196523218,253530417,pʲ(1) b̥ʲ(1),
strict,lʲ,consonant,51,0.02343,0.03183,0.02425,195925731,250810940,l̥ʲ(3) ɮ(1) lʷʲ(1),
strict,ɟʰ,consonant,8,0.00367,0.03181,0.01963,195788000,202953216,,
strict,rː,consonant,36,0.01654,0.0307,0.02239,188922090,231557681,rr̥(1),
strict,ɛ̃,vowel,190,0.08728,0.03041,0.04754,187148116,491613459,ẽ(4) ãʲ(1) ɛ̃i(1),
strict,d̪ʰ,consonant,8,0.00367,0.03014,0.01641,185513900,169725470,,
strict,ɡʷ,consonant,150,0.0689,0.03,0.01934,184637628,200005575,kʷ(2) ɡ(2) ɡ̥ʷ(1) kʷʰ(1) ɡʲ(1),
strict,lː,consonant,59,0.0271,0.02968,0.0222,182693835,229595620,lʎ(1) ll̥(1),
strict,d̪ʲ,consonant,5,0.0023,0.02949,0.02257,181520062,233358822,,
strict,n̪ʲ,consonant,5,0.0023,0.02939,0.02252,180910073,232930892,,
strict,ɯː,vowel,28,0.01286,0.02898,0.01654,178373528,171032698,u(1) ɯ̃(1),
strict,dː,consonant,31,0.01424,0.02841,0.01995,174863790,206325476,,
strict,ʃː,consonant,33,0.01516,0.02764,0.01871,170125095,193482922,ʃˤ(1) s(1),
strict,mʲ,consonant,50,0.02297,0.02758,0.0217,169733870,224407563,m̥ʲ(1),
strict,fʲ,consonant,26,0.01194,0.02737,0.02151,168474493,222457012,,
strict,vʲ,consonant,18,0.00827,0.02732,0.02144,168144430,221738203,βʲ(1),
strict,yː,vowel,43,0.01975,0.02725,0.02397,167733997,247851316,yə(2),
strict,zʲ,consonant,20,0.00919,0.02725,0.02136,167728225,220889130,,
strict,ʀ,consonant,11,0.00505,0.027,0.04722,166162324,488357893,r(2) ʁ(2) χ(2) ʌ(1) ʀ̥(1) ə(1) ɐ(1),
strict,fː,consonant,33,0.01516,0.02676,0.01855,164707442,191874399,ɸ(1) fˤ(1),
strict,m̩,consonant,15,0.00689,0.02646,0.03297,162874710,340907009,ɱ(2) ŋ(1) n(1) ɲ(1),
strict,n̪|n,consonant,120,0.05512,0.0263,0.01822,161840549,188373483,,
strict,tː,consonant,43,0.01975,0.02614,0.01835,160871085,189791284,tʲ(1) tʰ(1),
strict,s̪|s,consonant,99,0.04548,0.0259,0.01796,159419745,185760168,,
strict,t̪|t,consonant,113,0.05191,0.02568,0.0149,158029733,154109088,,
strict,t̪ʰ|tʰ,consonant,38,0.01746,0.02548,0.01496,156839209,154694631,,
strict,t̪ʲ,consonant,7,0.00322,0.02523,0.0202,155264610,208937122,,
strict,kʷʰ,consonant,35,0.01608,0.02504,0.0221,154115664,228501532,kxʷ(1) kʷ(1),
strict,ʃˠ,consonant,1,0.00046,0.02502,0.02013,154000000,208192519,ʃʲ(1),
strict,ʒˠ,consonant,1,0.00046,0.02502,0.02013,154000000,208192519,,
strict,sˤ,consonant,9,0.00413,0.02502,0.01547,153970000,160028641,,
strict,ä,vowel,52,0.02389,0.02495,0.01792,153562370,185278895,,
strict,sː,consonant,50,0.02297,0.02408,0.01612,148195415,166741039,,
strict,t̪s̪ʰ|tsʰ,consonant,20,0.00919,0.02393,0.01403,147301844,145132881,,
strict,tˤ,consonant,7,0.00322,0.02384,0.01483,146710000,153325464,,
strict,t̪s̪|ts,consonant,32,0.0147,0.02365,0.01359,145573614,140587968,,
strict,hː,consonant,11,0.00505,0.02322,0.01445,142927000,149454437,,
strict,jː,consonant,37,0.017,0.02308,0.01502,142052470,155321255,j̃(1) jj̥(1),
strict,ɴ,consonant,5,0.0023,0.02281,0.01256,140375207,129883027,,
strict,əː,vowel,89,0.04088,0.02252,0.01425,138613617,147333528,ə̃(1) æ(1) u(1) i(1) e(1),
strict,kʼ,consonant,167,0.07671,0.02219,0.01711,136595052,176897019,kʲʼ(2) kʷʼ(2) cʼ(1) ɟ̰(1) ɡ̰(1) ɡˀ(1) qʼ(1) ʔ(1),
strict,r̪,consonant,22,0.01011,0.02218,0.01494,136512467,154470186,rʲ(1) r̥(1) ɾ(1),
strict,øː,vowel,31,0.01424,0.02175,0.02059,133848954,212894830,ɛ̃(1) ɛ(1) uø(1) øə(1),
strict,ɑː,vowel,74,0.03399,0.02171,0.02148,133630324,222104628,a(3) ɔ(1) æ(1) ɐ(1),
strict,ʏ,vowel,15,0.00689,0.02162,0.02349,133064825,242948986,y(1) ʏ̥(1),
strict,zˤ,consonant,7,0.00322,0.02152,0.01368,132432900,141477840,,
strict,dˤ,consonant,6,0.00276,0.02147,0.01365,132110000,141125787,,
strict,ʔː,consonant,13,0.00597,0.02125,0.01329,130756650,137470625,,
strict,wː,consonant,29,0.01332,0.02087,0.01369,128437520,141623950,w̃(1),
strict,ã̈ː,vowel,3,0.00138,0.02081,0.03692,128050000,381769440,,
strict,zː,consonant,17,0.00781,0.0208,0.01425,128018910,147324561,,
strict,ɛ̃ː,vowel,36,0.01654,0.02071,0.03703,127470017,382930430,,
strict,ɔ̃ː,vowel,31,0.01424,0.02066,0.03715,127127230,384163820,,
strict,o̞ː,vowel,31,0.01424,0.02037,0.01367,125349301,141344826,oo(1) oə(1),
strict,ɵ,vowel,27,0.0124,0.02031,0.02154,125002380,222731100,ɵ̥(1),
strict,b̤ʱ,consonant,2,0.00092,0.02031,0.03662,125000000,378719440,,
strict,d̤ʒ̤ʱ,consonant,2,0.00092,0.02031,0.03662,125000000,378719440,,
strict,ɖ̤ʱ,consonant,2,0.00092,0.02031,0.03662,125000000,378719440,,
strict,ɡ̤ʱ,consonant,2,0.00092,0.02031,0.03662,125000000,378719440,,
strict,ħː,consonant,5,0.0023,0.02024,0.01305,124580000,134990075,,
strict,dˤː,consonant,4,0.00184,0.02016,0.01302,124100000,134610345,,
strict,sˤː,consonant,4,0.00184,0.02016,0.01302,124100000,134610345,,
strict,tˤː,consonant,4,0.00184,0.02016,0.01302,124100000,134610345,,
strict,zˤː,consonant,4,0.00184,0.02016,0.01302,124100000,134610345,,
strict,ʕː,consonant,5,0.0023,0.02015,0.01301,124020000,134530345,ʕ̥(1) ʜ(1),
strict,l̪|l,consonant,102,0.04685,0.02013,0.01442,123888214,149157979,,
strict,ʝ,consonant,46,0.02113,0.01978,0.04155,121749029,429656081,j(2) dʒ(1) ɣ(1) ɟ(1),
strict,ɨː,vowel,70,0.03215,0.01931,0.01242,118874237,128424044,ɨ̃(1),
strict,m̤,consonant,17,0.00781,0.0193,0.01369,118795967,141552627,β̤̃(1),
strict,t̪s̪,consonant,37,0.017,0.01926,0.01305,118519109,134994633,tsʲ(1),
strict,mb,consonant,266,0.12219,0.01881,0.03412,115787102,352889961,mbʲ(4) mbʷ(3) b(3) m(2) p(2) mpʰ(1) β̃(1) bm(1),
strict,pf,consonant,34,0.01562,0.018,0.01693,110794007,175122343,f(1) pfʷ(1) pf̃(1) bf(1) bv(1) bvf(1),
strict,äː,vowel,29,0.01332,0.01789,0.03613,110094465,373635988,,
strict,l̤,consonant,12,0.00551,0.0177,0.01241,108920467,128361786,,
strict,β̞,consonant,26,0.01194,0.01753,0.01335,107873306,138009179,w(2) b(1) β̜(1) j(1) v(1),
strict,oi,vowel,34,0.01562,0.01733,0.01112,106666672,115035419,ɔɛ(1) ʊi(1),
strict,ɸ,consonant,117,0.05374,0.01676,0.01204,103139079,124495290,f(6) p(5) v(1) β(1) ɸʲ(1) ɸʷ(1) pʰ(1) h(1),
strict,ui,vowel,39,0.01791,0.01603,0.00848,98685092,87707550,ʊɨ(1),
strict,ʌ̃,vowel,16,0.00735,0.01568,0.00832,96513345,86024262,,
strict,qː,consonant,11,0.00505,0.0153,0.01024,94167913,105913681,qˤ(1),
strict,iə,vowel,17,0.00781,0.01521,0.01112,93608382,114969864,,
strict,χː,consonant,8,0.00367,0.01513,0.01011,93098620,104569545,χˤ(1),
strict,pʼ,consonant,116,0.05328,0.01504,0.01273,92547884,131655842,ɓ(2) b̰(1) bˀ(1) p̰ʲ(1) pʲʼ(1) p(1),
strict,ʁː,consonant,3,0.00138,0.01496,0.01003,92100130,103725422,ʁˤ(1) ʁ̥(1) χ(1),
strict,tʼ,consonant,124,0.05696,0.01475,0.01243,90804017,128528391,ɗ(3) d̰(1) dˀ(1) ʈʼ(1) t̰ʲ(1) d(1) tʷʼ(1),
strict,z̪|z,consonant,29,0.01332,0.01423,0.01156,87596766,119591691,,
strict,n̪̤,consonant,5,0.0023,0.01407,0.00972,86609467,100529523,,
strict,t̠ʃʼ,consonant,123,0.0565,0.01402,0.01251,86264705,129420002,tsʼ(2) dʒ̰(1) dʒˀ(1) tʃ̰ʲ(1) tʂʼ(1) tʃʲʼ(1) t̥(1),
strict,w̤,consonant,5,0.0023,0.01362,0.00974,83852000,100702005,,
strict,ɻ,consonant,256,0.11759,0.01358,0.00843,83582491,87127054,ɻ̥(4) ɾ(3) ʐ͇(1) ʲɻ(1) ɻʷ(1) ɽ(1) r(1),
strict,t̻,consonant,11,0.00505,0.01355,0.03147,83390100,325400545,d(4) s(2) tʰ(2) z(1) ts(1) ʔt(1) nʔt(1),
strict,d̻,consonant,7,0.00322,0.01354,0.03146,83350100,325360545,ð(2) ɾ(1),
strict,ŋ̩,consonant,8,0.00367,0.01351,0.00836,83144100,86495157,ŋm(2) m(1) ɱ(1) ɲ(1) n(1),
strict,d̤z,consonant,3,0.00138,0.01351,0.01048,83120000,108372097,,
strict,ɾ̤,consonant,3,0.00138,0.01351,0.00954,83120000,98659100,,
strict,ɳ̤,consonant,1,0.00046,0.0135,0.00954,83100000,98639100,,
strict,β,consonant,246,0.113,0.01349,0.01042,83031687,107726080,b(13) w(9) v(6) ɸ(5) βʲ(3) ʍ(1) ɯ(1) vʲ(1),
strict,kʷʼ,consonant,51,0.02343,0.01336,0.00942,82226610,97404043,ɡʷ(1),
strict,β̞ː,consonant,1,0.00046,0.01332,0.00981,82000000,101457360,,
strict,b̤̥,consonant,1,0.00046,0.01323,0.00822,81400000,84962400,b(1),
strict,d̤̥,consonant,1,0.00046,0.01323,0.00822,81400000,84962400,d(1),
strict,kɦ,consonant,1,0.00046,0.01323,0.00822,81400000,84962400,,
strict,pɦ,consonant,1,0.00046,0.01323,0.00822,81400000,84962400,,
strict,tz̤̥,consonant,1,0.00046,0.01323,0.00822,81400000,84962400,dz(1),
strict,t̪s̪ɦ|tsɦ,consonant,1,0.00046,0.01323,0.00822,81400000,84962400,,
strict,t̪ɦ|tɦ,consonant,1,0.00046,0.01323,0.00822,81400000,84962400,,
strict,z̞̩,consonant,1,0.00046,0.01323,0.00822,81400000,84962400,,
strict,ə̟,vowel,1,0.00046,0.01323,0.00822,81400000,84962400,ɤ(1),
strict,ɡ̤̥,consonant,1,0.00046,0.01323,0.00822,81400000,84962400,ɡ(1) c̤(1) ɟ(1),
strict,əi,vowel,15,0.00689,0.01313,0.00629,80791232,65002478,əj(1) ɔj(1),
strict,ɯə,vowel,5,0.0023,0.01292,0.00932,79521532,96334149,,
strict,ɡʲ,consonant,58,0.02664,0.01276,0.00747,78549192,77223741,ɡ(2) ɡ̥ʲ(1) k(1) kʲʰ(1) ɟ(1) dʲ(1),
strict,ɤː,vowel,13,0.00597,0.01275,0.00912,78458206,94359084,ɯ(1),
strict,t̠ʃˀ,consonant,4,0.00184,0.01256,0.00767,77330000,79316019,,
strict,kˀ,consonant,7,0.00322,0.01256,0.00767,77321480,79307499,,
strict,pˀ,consonant,5,0.0023,0.01256,0.00767,77321050,79307069,,
strict,ɒ̃,vowel,5,0.0023,0.01256,0.03221,77320370,333076721,,
strict,ɯi,vowel,3,0.00138,0.01256,0.00767,77320000,79298717,,
strict,œ̃,vowel,4,0.00184,0.01256,0.03221,77312000,333068351,,
strict,əu,vowel,14,0.00643,0.01256,0.0059,77291200,61060610,,
strict,ɢ,consonant,34,0.01562,0.01254,0.0112,77159697,115827572,ʁ(4) q(2) ɢʁ(1) ɢʲ(1) ʔ(1) ʕ(1) ʀ(1) ɢ̥(1),
strict,æ̞̃,vowel,15,0.00689,0.01246,0.03088,76698000,319385675,,
strict,ɯ̞,vowel,6,0.00276,0.01235,0.00894,76030112,92400893,ʊ(2) ɤ(2) ɯɰ(1) ɯ̥(1) ʌ(1),
strict,œː,vowel,21,0.00965,0.01215,0.00722,74752784,74664298,œə(1),
strict,d̪z̪,consonant,20,0.00919,0.01209,0.00949,74430520,98183626,dzʲ(1),
strict,kp,consonant,307,0.14102,0.01209,0.01506,74380590,155723209,kpʷ(6) kpʰ(5) kpʲ(3) ɡb(3) tp(1) kpⁿ(1) p(1) k(1),
strict,hʷ,consonant,53,0.02435,0.01207,0.009,74297952,93039332,h̃ʷ(2) xʷ(2),
strict,mʰ,consonant,3,0.00138,0.01192,0.00503,73378000,52026576,,
strict,ɐi,vowel,4,0.00184,0.01189,0.01503,73190000,155382898,ɐ(1),
strict,ɐu,vowel,3,0.00138,0.01189,0.01502,73180000,155372898,,
strict,ɵy,vowel,1,0.00046,0.01188,0.01502,73100000,155292898,,
strict,lʰ,consonant,2,0.00092,0.01184,0.00498,72900000,51548576,,
strict,nʰ,consonant,2,0.00092,0.01184,0.00498,72900000,51548576,,
strict,rʰ,consonant,2,0.00092,0.01184,0.00498,72900000,51548576,,
strict,ɽʰ,consonant,2,0.00092,0.01184,0.00498,72900000,51548576,,
strict,ɡb,consonant,303,0.13918,0.01173,0.01559,72199590,161226594,ŋmɡb(10) ɡbʲ(4) ɡbʷ(4) db(1) ŋm(1) ɡbⁿ(1) ŋɡb(1) ɠɓ(1),
strict,d̠ʒː,consonant,18,0.00827,0.01172,0.00956,72144110,98892945,,
strict,ɑ̃ː,vowel,7,0.00322,0.01142,0.03047,70263980,315093843,ɔ̃(1),
strict,n̻,consonant,7,0.00322,0.01125,0.03034,69233100,313806097,n̥(1),
strict,l̻,consonant,5,0.0023,0.01116,0.03028,68683200,313157012,l̥(2) lʲ(1),
strict,t̻ʰ,consonant,3,0.00138,0.01115,0.03028,68620000,313113257,t(2),
strict,d̻̤ʱ,consonant,1,0.00046,0.01115,0.03028,68600000,313093257,,
strict,ɽ̤ʱ,consonant,1,0.00046,0.01115,0.03028,68600000,313093257,,
strict,dʑ,consonant,55,0.02526,0.01109,0.00814,68276102,84195403,ʑ(1),
strict,nd,consonant,248,0.11392,0.01104,0.03084,67937282,318922986,ndʲ(4) nt(3) ndʷ(3) n(2) d(2) t(2) ntʰ(1) dn(1),
strict,d̪ˤ,consonant,4,0.00184,0.01078,0.00728,66375800,75271854,tˤ(1),
strict,ŋɡ,consonant,244,0.11208,0.01076,0.03036,66222852,313932113,ŋɡʷ(9) ŋɡʲ(6) ŋ(5) k(2) ŋk(2) ɲɟ(1) ɡ(1) ŋkʰ(1),
strict,t̪ˤ,consonant,5,0.0023,0.01074,0.00746,66072900,77193807,,
strict,z̪ˤ,consonant,3,0.00138,0.01073,0.00724,66052900,74919802,z̥ˤ(1) sˤ(1),
strict,s̪ˤ,consonant,3,0.00138,0.01072,0.00716,65950000,74055104,,
strict,ðˤ,consonant,2,0.00092,0.0105,0.00699,64610000,72294412,,
strict,ʔʲ,consonant,17,0.00781,0.01048,0.0078,64509400,80669386,,
strict,ʑ,consonant,55,0.02526,0.01047,0.00602,64433972,62257964,ʑʰ(1),
strict,ʒː,consonant,10,0.00459,0.01045,0.00838,64301200,86660492,ʒˤ(1) ʒ̥(1) ʃ(1),
strict,ə̃ː,vowel,14,0.00643,0.0103,0.00693,63406255,71684002,,
strict,d̪|d,consonant,66,0.03032,0.01007,0.00659,62004245,68116872,,
strict,ʄ,consonant,39,0.01791,0.01003,0.02621,61733360,271082220,dʒ(1) ʒ(1),
strict,ɠ,consonant,18,0.00827,0.00992,0.02613,61038690,270230333,ɡ(1) ɠ̥(1),
strict,qʷ,consonant,31,0.01424,0.00985,0.00478,60609760,49456151,qʷʰ(2) q(1),
strict,ɽ̃,consonant,6,0.00276,0.00963,0.01313,59240000,135810370,,
strict,bʱ,consonant,15,0.00689,0.00961,0.00959,59148107,99146703,β(1) b̤(1),
strict,i̤,vowel,23,0.01056,0.00944,0.00655,58109712,67765282,i̤i(1),
strict,o̤,vowel,23,0.01056,0.00944,0.00655,58109712,67685027,o̤i(1),
strict,e̤,vowel,22,0.01011,0.00944,0.00654,58099712,67675027,e̤i(1),
strict,ṳ,vowel,22,0.01011,0.00944,0.00651,58099712,67363382,ṳi(1),
strict,ɔ̤,vowel,17,0.00781,0.00943,0.00649,58031500,67149345,ɔ̤i(1),
strict,ɛ̤,vowel,15,0.00689,0.00943,0.00649,58011500,67129345,ɛ̤i(1),
strict,d̪ʱ,consonant,8,0.00367,0.00936,0.00943,57602300,97474949,,
strict,ɖʱ,consonant,6,0.00276,0.00935,0.00941,57564400,97337458,,
strict,i̤ː,vowel,7,0.00322,0.00932,0.00642,57350000,66387590,,
strict,ṳː,vowel,6,0.00276,0.00932,0.00642,57340000,66377590,,
strict,ɺ,consonant,35,0.01608,0.00928,0.00643,57098651,66540455,ɺ̥(1),
strict,ə̤,vowel,4,0.00184,0.00926,0.00641,57020000,66246183,ə(1) ɤ(1) ʌ(1) ə̤i(1),
strict,ɽʱ,consonant,3,0.00138,0.00921,0.00829,56709000,85738215,,
strict,ɑ̤,vowel,7,0.00322,0.00917,0.00637,56466012,65838019,ɑ̤i(1),
strict,ã̤̈ː,vowel,1,0.00046,0.00916,0.00635,56400000,65626183,,
strict,ä̤,vowel,1,0.00046,0.00916,0.00635,56400000,65626183,,
strict,d̪̤ʱ,consonant,1,0.00046,0.00916,0.00635,56400000,65626183,,
strict,ĩ̤ː,vowel,1,0.00046,0.00916,0.00635,56400000,65626183,,
strict,ṳ̃ː,vowel,1,0.00046,0.00916,0.00635,56400000,65626183,,
strict,ɔ̤̃ː,vowel,1,0.00046,0.00916,0.00635,56400000,65626183,,
strict,ə̤̃ː,vowel,1,0.00046,0.00916,0.00635,56400000,65626183,,
strict,ɛ̤̃ː,vowel,1,0.00046,0.00916,0.00635,56400000,65626183,,
strict,ɽ̤,consonant,6,0.00276,0.00909,0.00463,55940000,47838096,,
strict,d̪z̪|dz,consonant,15,0.00689,0.00903,0.00578,55557480,59762860,,
strict,t̠ʃː,consonant,24,0.01102,0.00885,0.00789,54447285,81620292,tʃʰ(1),
strict,pː,consonant,40,0.01837,0.00875,0.00577,53836682,59669202,pʲ(1) pʰ(1) f(1),
strict,oi̯,vowel,10,0.00459,0.00875,0.0183,53828052,189281130,øi(1) œi(1),
strict,nʱ,consonant,7,0.00322,0.00853,0.00877,52518200,90738160,,
strict,ãũ,vowel,2,0.00092,0.00849,0.00336,52260130,34714321,,
strict,ãĩ,vowel,2,0.00092,0.00848,0.00335,52200125,34639141,,
strict,ŋʰ,consonant,1,0.00046,0.00848,0.00335,52200000,34639016,,
strict,kʲʼ,consonant,17,0.00781,0.00838,0.00507,51562230,52469604,kʼ(1),
strict,tsʼ,consonant,92,0.04226,0.00831,0.00575,51142163,59456596,sʼ(3) tʃʼ(2) dz̰(1) dzˀ(1) ts̰ʲ(1),
strict,lˤ,consonant,7,0.00322,0.00816,0.04159,50220000,430144857,,
strict,ai̯,vowel,10,0.00459,0.00802,0.01858,49383050,192144926,,
strict,eu,vowel,14,0.00643,0.00799,0.00247,49160580,25529335,,
strict,ɪː,vowel,76,0.03491,0.00785,0.00559,48312972,57794272,ə̴(1) ɪ̃(1) ʊ̜(1),
strict,dʰ,consonant,5,0.0023,0.00777,0.00553,47838000,57224670,,
strict,ʊː,vowel,71,0.03261,0.00771,0.00514,47457103,53125951,ɔ̴(1) ɶ(1) ʊ̃(1),
strict,ŋʷ,consonant,105,0.04823,0.00769,0.0054,47349541,55870704,ŋɡʷ(2) w(1) w̃(1),
strict,ɬ,consonant,116,0.05328,0.00744,0.00635,45805640,65716797,tɬ(6) ɬʲ(3) h(2) sɬ(1) tɬʼ(1) tɮ(1) ʎʲ(1) l(1),
strict,m̥,consonant,49,0.02251,0.00743,0.00637,45707840,65893996,m̥ˠ(1) hm(1) ʱm̥(1) m̥b(1),
strict,n̠d̠ʒ,consonant,117,0.05374,0.00738,0.02467,45429070,255135454,ndʒʲ(2) ntʃ(1) nʒ(1),
strict,vː,consonant,8,0.00367,0.00734,0.00423,45155750,43740429,vv̥(1) ʋ(1),
strict,au̯,vowel,8,0.00367,0.00726,0.01787,44706050,184803248,,
strict,ɳʱ,consonant,2,0.00092,0.00725,0.00713,44609000,73774800,,
strict,ɲː,consonant,28,0.01286,0.00723,0.00554,44494650,57255510,ɲ̥(1) ɲɲ̥(1),
strict,s̻,consonant,13,0.00597,0.00685,0.00427,42129520,44163721,s͉(1) ʃ(1) sʲ(1) θ(1),
strict,sʰ,consonant,14,0.00643,0.00684,0.00468,42095000,48355110,,
strict,n̥,consonant,44,0.02021,0.00679,0.00531,41766300,54931502,n̥ʲ(1) n̥ʷ(1) ɲ̥j(1) hn(1) ʱn̥(1) n̥d(1),
strict,ʉ,vowel,58,0.02664,0.00677,0.00721,41652027,74524843,ʉ̃(4) y(1) u(1) ɯ(1),
strict,ᶑ,consonant,8,0.00367,0.0067,0.00605,41213900,62535646,ʈʼ(1) ʈ(1) ɽ(1) ʔᶑ(1) ʔl̰(1) ʔn̰(1),
strict,z̻,consonant,6,0.00276,0.00667,0.00418,41063100,43227835,,
strict,rʲ,consonant,25,0.01148,0.00664,0.00359,40887840,37107140,r̥ʲ(1) ɾʲ(1),
strict,ɫ,consonant,21,0.00965,0.00659,0.004,40582925,41365970,,
strict,ĩ̯,vowel,2,0.00092,0.00645,0.00401,39703420,41503921,,
strict,t̻s̻,consonant,2,0.00092,0.00645,0.00401,39700008,41500509,tsʰ(1) tʃ(1),
strict,d̻z̻,consonant,1,0.00046,0.00645,0.00401,39700000,41500501,dʒ(1),
strict,ũ̯,vowel,1,0.00046,0.00645,0.00401,39700000,41500501,,
strict,ɖ̻ʐ̻,consonant,1,0.00046,0.00645,0.00401,39700000,41500501,,
strict,ɘ̟,vowel,1,0.00046,0.00645,0.00401,39700000,41500501,,
strict,ʂ̻,consonant,1,0.00046,0.00645,0.00401,39700000,41500501,,
strict,ʈ̻ʂ̻,consonant,1,0.00046,0.00645,0.00401,39700000,41500501,,
strict,ʐ̻,consonant,1,0.00046,0.00645,0.00401,39700000,41500501,,
strict,ɛ̞,vowel,2,0.00092,0.0064,0.00516,39373396,53310941,,
strict,d̠ʒʰ,consonant,4,0.00184,0.0061,0.00232,37560000,23993024,,
strict,χʷ,consonant,42,0.01929,0.00609,0.00391,37506090,40469195,χ(1),
strict,l̠˞,consonant,1,0.00046,0.00603,0.00444,37100000,45936455,,
strict,ŋ̥,consonant,23,0.01056,0.00592,0.00415,36438530,42893689,ŋ̥ˠ(1) ɲ̥(1) hŋ(1),
strict,e̞ː,vowel,26,0.01194,0.00591,0.00398,36386094,41138460,ee(1),
strict,ɲ̥,consonant,18,0.00827,0.00589,0.00406,36252490,41990187,,
strict,eɪ,vowel,5,0.0023,0.00571,0.00379,35171070,39224352,,
strict,tʲ,consonant,62,0.02848,0.00568,0.00379,34983976,39242627,tʃʲ(1) tʲʰ(1) cç(1) c(1) tʷʲ(1) dʲ(1) tsʲ(1) t̬ʲ(1),
strict,ʍ,consonant,28,0.01286,0.0056,0.00394,34465535,40789972,w(1) ʍʲ(1) h(1),
strict,ɾ̪,consonant,7,0.00322,0.00545,0.00435,33549500,45025003,r(1),
strict,xː,consonant,13,0.00597,0.00537,0.00307,33024282,31754968,xʷ(1) xʀ̥(1) χ(1),
strict,aɪ̃,vowel,2,0.00092,0.00535,0.0036,32910000,37181608,,
strict,eɪ̃,vowel,2,0.00092,0.00535,0.0036,32910000,37181608,,
strict,oʊ,vowel,2,0.00092,0.00535,0.0036,32910000,37181608,o(1),
strict,aʊ̃,vowel,1,0.00046,0.00535,0.00359,32900000,37171608,,
strict,oʊ̃,vowel,1,0.00046,0.00535,0.00359,32900000,37171608,,
strict,ɣː,consonant,1,0.00046,0.00518,0.00298,31900000,30785053,,
strict,ʁʷ,consonant,19,0.00873,0.00511,0.00352,31439290,36392200,ʁ(1) ʁ̥ʷ(1) χʷ(1),
strict,ə̆,vowel,9,0.00413,0.00508,0.0036,31239125,37275423,ə̥(1) e(1) aə(1) ɵ(1),
strict,n̩,consonant,11,0.00505,0.00505,0.02048,31065734,211815766,ŋ(3) ɱ(1) ĩ(1) ɲ(1),
strict,tʼː,consonant,12,0.00551,0.00499,0.00431,30692650,44615438,,
strict,ɮ,consonant,40,0.01837,0.00484,0.00386,29816280,39934719,dl(1) ʷɮ(1) ɮʲ(1) ɮʷʲ(1),
strict,t̪ː,consonant,13,0.00597,0.00477,0.00335,29386800,34598296,d(2),
strict,ae,vowel,7,0.00322,0.00477,0.00411,29338200,42506524,aɛ(1),
strict,ɱv,consonant,44,0.02021,0.00471,0.02086,28987910,215742680,ɱvʷ(1),
strict,pʲʰ,consonant,12,0.00551,0.0047,0.00324,28921225,33488674,pʲ(2),
strict,ɓ̥,consonant,9,0.00413,0.00465,0.00322,28638910,33289245,,
strict,kǃ,consonant,14,0.00643,0.00463,0.00349,28491900,36135056,,
strict,ɗ̥,consonant,6,0.00276,0.0046,0.00319,28326820,32977155,,
strict,ħʷ,consonant,3,0.00138,0.00454,0.00318,27940110,32889071,,
strict,mʱ,consonant,7,0.00322,0.00454,0.00458,27928200,47383979,,
strict,cçː,consonant,4,0.00184,0.00453,0.00264,27910093,27271453,,
strict,ɟʝː,consonant,2,0.00092,0.00453,0.00264,27900000,27261360,,
strict,vʱ,consonant,2,0.00092,0.00453,0.00456,27864400,47193240,wʱ(1),
strict,bˤ,consonant,3,0.00138,0.00452,0.00318,27832900,32889264,,
strict,ea,vowel,8,0.00367,0.00452,0.00372,27832900,38468622,a(1),
strict,mˤ,consonant,3,0.00138,0.00452,0.00318,27832900,32889264,,
strict,ɡ̤ʷ,consonant,3,0.00138,0.00451,0.00317,27732000,32820015,,
strict,kʷː,consonant,7,0.00322,0.0045,0.00316,27705790,32669716,k(1),
strict,d̪ː,consonant,8,0.00367,0.00449,0.00316,27628800,32656012,d̥(1),
strict,lˤː,consonant,2,0.00092,0.00448,0.00316,27600000,32627212,,
strict,ɾˤ,consonant,2,0.00092,0.00448,0.00316,27600000,32627212,,
strict,ɣʷ,consonant,18,0.00827,0.00448,0.00123,27579125,12744005,w(3) ɣ̃ʷ(1) ɰʷ(1),
strict,t̪s̪ʲ,consonant,3,0.00138,0.00448,0.00242,27546910,25037545,,
strict,bʷː,consonant,1,0.00046,0.00447,0.00315,27500000,32527212,bʷˤ(1),
strict,bˤː,consonant,1,0.00046,0.00447,0.00315,27500000,32527212,,
strict,fʷː,consonant,1,0.00046,0.00447,0.00315,27500000,32527212,fʷˤ(1),
strict,l̪ː,consonant,1,0.00046,0.00447,0.00315,27500000,32527212,,
strict,mʷː,consonant,1,0.00046,0.00447,0.00315,27500000,32527212,mʷˤ(1),
strict,mˤː,consonant,1,0.00046,0.00447,0.00315,27500000,32527212,,
strict,rˤː,consonant,1,0.00046,0.00447,0.00315,27500000,32527212,,
strict,s̪ː,consonant,1,0.00046,0.00447,0.00315,27500000,32527212,,
strict,z̪ː,consonant,1,0.00046,0.00447,0.00315,27500000,32527212,z̥(1) s(1),
strict,d̠ʒ̤,consonant,4,0.00184,0.0044,0.00307,27053600,31729681,ndʒ̤(1),
strict,b̤ʲ,consonant,1,0.00046,0.00439,0.00298,27000000,30777110,,
strict,z̪ʲ,consonant,2,0.00092,0.00437,0.00239,26913300,24741821,,
strict,d̪z̪ʲ,consonant,1,0.00046,0.00437,0.00239,26900000,24728362,,
strict,t̠ʃʲː,consonant,1,0.00046,0.00437,0.00239,26900000,24728362,,
strict,ʃʲː,consonant,1,0.00046,0.00437,0.00239,26900000,24728362,,
strict,ʒʲː,consonant,1,0.00046,0.00437,0.00239,26900000,24728362,,
strict,nz,consonant,45,0.02067,0.00436,0.02057,26857410,212765134,ndz(2) nʒ(2) ntsʰ(1) dnz(1) nɟ(1) ndʒ(1),
strict,xʷ,consonant,56,0.02572,0.00424,0.00121,26109405,12548978,x(1) w(1) χʷ(1) hʷ(1),
strict,t̠ʃʼː,consonant,14,0.00643,0.00419,0.00419,25801530,43329859,,
strict,ɪ̆,vowel,3,0.00138,0.00414,0.00433,25460000,44815076,,
strict,ʊ̆,vowel,2,0.00092,0.00414,0.00429,25450000,44341120,,
strict,β̞ˠ,consonant,1,0.00046,0.00408,0.00379,25100000,39170367,,
strict,ãː,vowel,60,0.02756,0.00404,0.00303,24847242,31335026,,
strict,ɐ̆,vowel,4,0.00184,0.004,0.0043,24630000,44449031,,
strict,ʊi,vowel,5,0.0023,0.00393,0.00374,24194510,38700458,,
strict,ɔu,vowel,5,0.0023,0.00391,0.00327,24077380,33770401,,
strict,ɛi,vowel,7,0.00322,0.00391,0.00326,24049230,33738416,,
strict,ʌi,vowel,2,0.00092,0.00382,0.00331,23509032,34225548,,
strict,ɯa,vowel,10,0.00459,0.00381,0.00252,23438900,26044122,,
strict,k͉,consonant,71,0.03261,0.00378,0.00238,23240956,24607743,ɡ(4) ɡ͉(1) ɣ(1) j(1),
strict,œy,vowel,1,0.00046,0.00375,0.00318,23100000,32854898,,
strict,ɘ,vowel,34,0.01562,0.00369,0.00593,22701402,61354522,ɪ(1) ɤ(1) ɯ(1),
strict,kˤ,consonant,2,0.00092,0.00367,0.00181,22600000,18705119,kʷˤ(1),
strict,qʼ,consonant,58,0.02664,0.00362,0.00393,22259080,40645854,ʛ(2) q̰(1) ʁ̰(1) qʷʼ(1) qxʼ(1) ʛ̥(1) χʼ(1) qʼχ(1),
strict,r̤,consonant,6,0.00276,0.00361,0.00268,22219467,27677630,,
strict,kǀ,consonant,12,0.00551,0.00361,0.00279,22218300,28845089,,
strict,kǁ,consonant,8,0.00367,0.0036,0.00274,22164300,28301462,,
strict,cʼ,consonant,19,0.00873,0.00358,0.00243,22041166,25092607,,
strict,r̪|r,consonant,36,0.01654,0.00348,0.00498,21389962,51511250,,
strict,ou̯,vowel,7,0.00322,0.00343,0.00214,21101500,22098835,,
strict,t̪s,consonant,3,0.00138,0.00338,0.00199,20800610,20591407,dz̥(1) tsʰ(1) dz(1),
strict,ə̃ĩ,vowel,1,0.00046,0.00336,0.00164,20700000,16909560,,
strict,ə̃ũ,vowel,1,0.00046,0.00336,0.00164,20700000,16909560,,
strict,ɾʱ,consonant,2,0.00092,0.00326,0.00293,20042700,30317380,,
strict,lʱ,consonant,3,0.00138,0.00325,0.00294,20029000,30430619,,
strict,ʊa,vowel,3,0.00138,0.00325,0.00293,20019050,30293824,,
strict,iã,vowel,2,0.00092,0.00325,0.00293,20019000,30293680,,
strict,uẽ,vowel,1,0.00046,0.00325,0.00293,20009000,30283680,,
strict,æe,vowel,1,0.00046,0.00325,0.00293,20009000,30283680,,
strict,ɟʱ,consonant,1,0.00046,0.00325,0.00293,20009000,30283680,,
strict,ɪa,vowel,1,0.00046,0.00325,0.00293,20009000,30283680,,
strict,ɪã,vowel,1,0.00046,0.00325,0.00293,20009000,30283680,,
strict,ɪʌ,vowel,1,0.00046,0.00325,0.00293,20009000,30283680,,
strict,ʊe,vowel,1,0.00046,0.00325,0.00293,20009000,30283680,,
strict,ɵ̞,vowel,6,0.00276,0.00312,0.00248,19174240,25636710,ɵ̃(1) ə(1) ø(1),
strict,ɵ̞ː,vowel,2,0.00092,0.00307,0.00245,18904030,25368940,ɵ̃(1),
strict,hʲ,consonant,28,0.01286,0.003,0.00177,18443889,18301463,xʲ(2) h̃ʲ(1),
strict,ɲ̟,consonant,12,0.00551,0.00287,0.00232,17661004,23974977,ɲ̥(1) ŋ(1) ndʒ(1) <ɲ>(1),
strict,ʉ̞,vowel,2,0.00092,0.00283,0.00191,17400000,19757194,,
strict,lˀ,consonant,3,0.00138,0.00277,0.00036,17020000,3683985,,
strict,tˀ,consonant,2,0.00092,0.00276,0.00036,17010000,3673985,tʲˀ(1),
strict,sˀ,consonant,4,0.00184,0.00276,0.00035,17001270,3665255,tsʼ(1),
strict,dˀ,consonant,1,0.00046,0.00276,0.00035,17000000,3663985,jˀ(1) tˀ(1),
strict,rˀ,consonant,1,0.00046,0.00276,0.00035,17000000,3663985,,
strict,zˀ,consonant,1,0.00046,0.00276,0.00035,17000000,3663985,,
strict,ɣˀ,consonant,1,0.00046,0.00276,0.00035,17000000,3663985,,
strict,ʃˀ,consonant,1,0.00046,0.00276,0.00035,17000000,3663985,,
strict,ʒˀ,consonant,1,0.00046,0.00276,0.00035,17000000,3663985,,
strict,ɕː,consonant,4,0.00184,0.00273,0.00123,16800500,12704186,,
strict,ʢ,consonant,4,0.00184,0.00272,0.0014,16766400,14430648,,
strict,nʲ,consonant,44,0.02021,0.00266,0.00179,16379219,18554095,n̥ʲ(1) n(1),
strict,ɛu̯,vowel,3,0.00138,0.00266,0.00218,16351380,22539768,,
strict,ɾ̪|ɾ,consonant,14,0.00643,0.00265,0.00135,16326245,13925921,,
strict,t̪ʼ,consonant,31,0.01424,0.00264,0.00176,16248878,18203826,,
strict,ʊ̈,vowel,2,0.00092,0.00263,0.0018,16210000,18640626,ʊ̃(1),
strict,ɖ̰,consonant,1,0.00046,0.00263,0.0018,16200000,18630626,,
strict,ɢː,consonant,1,0.00046,0.00263,0.0018,16200000,18630626,q(1),
strict,ʊ̈ː,vowel,1,0.00046,0.00263,0.0018,16200000,18630626,ʊ̃(1),
strict,ᶑː,consonant,1,0.00046,0.00263,0.0018,16200000,18630626,,
strict,ŋː,consonant,24,0.01102,0.00262,0.0029,16116445,29966196,ŋŋ̥(1),
strict,b̥,consonant,6,0.00276,0.00255,0.00162,15711473,16704904,,
strict,ɡ̊,consonant,6,0.00276,0.00255,0.00162,15711473,16704904,,
strict,d̥,consonant,4,0.00184,0.00255,0.00152,15691473,15756993,,
strict,dʲ,consonant,44,0.02021,0.00255,0.00184,15683602,19068674,ɟ(1) tʲ(1) tʲʰ(1) lʲ(1),
strict,æu̯,vowel,2,0.00092,0.00254,0.00152,15621380,15686900,,
strict,ɲɟ,consonant,38,0.01746,0.00253,0.00202,15574000,20857252,ɟɲ(1) ɲ(1) ndʒ(1),
strict,ʈː,consonant,6,0.00276,0.00249,0.00145,15350000,14998168,ɖ(1),
strict,ɖː,consonant,4,0.00184,0.00249,0.00145,15330000,14978168,,
strict,æ̃ː,vowel,4,0.00184,0.00249,0.00145,15314650,14962818,,
strict,e̞i,vowel,7,0.00322,0.00244,0.00122,15014870,12644405,,
strict,ʒ̺,consonant,2,0.00092,0.00244,0.0021,15000000,21708854,,
strict,o̞i,vowel,6,0.00276,0.00244,0.00122,14994890,12624425,,
strict,e̞u,vowel,3,0.00138,0.00243,0.00122,14974870,12604405,,
strict,kxʰ,consonant,5,0.0023,0.00239,0.00179,14688625,18488905,kʰ(1),
strict,t̠ʃˤ,consonant,2,0.00092,0.00237,0.00118,14610000,12209676,,
strict,jˀ,consonant,8,0.00367,0.00237,0.00244,14570000,25187575,,
strict,ɗː,consonant,8,0.00367,0.00237,0.00241,14567210,24885124,,
strict,ɓː,consonant,7,0.00322,0.00237,0.00241,14560000,24877914,,
strict,mbː,consonant,1,0.00046,0.00236,0.0024,14500000,24817914,,
strict,ndː,consonant,1,0.00046,0.00236,0.0024,14500000,24817914,,
strict,ŋɡː,consonant,1,0.00046,0.00236,0.0024,14500000,24817914,,
strict,ʔʲː,consonant,1,0.00046,0.00236,0.0024,14500000,24817914,,
strict,ʁ̞,consonant,4,0.00184,0.00233,0.00142,14331380,14701249,ʁ̥(2) ʀ̥(1) q(1),
strict,øy,vowel,2,0.00092,0.00232,0.00107,14300000,11075209,,
strict,ɕ̟,consonant,2,0.00092,0.00229,0.00112,14080000,11532215,,
strict,ʑ̟,consonant,1,0.00046,0.00227,0.00111,14000000,11452215,,
strict,d̪z,consonant,1,0.00046,0.00224,0.00133,13800000,13800000,,
strict,tsʲ,consonant,14,0.00643,0.00218,0.00116,13446232,12013920,dzʲ(1),
strict,ɨ̃ː,vowel,6,0.00276,0.0021,0.00095,12933000,9789215,,
strict,bʷ,consonant,44,0.02021,0.00208,0.00098,12786125,10176543,bʲ(1) bɰ(1),
strict,mʷ,consonant,57,0.02618,0.00204,0.0011,12554210,11357743,m(1) mɰ(1),
strict,kǁ͓,consonant,4,0.00184,0.00201,0.00148,12390800,15318294,,
strict,kǃ̠,consonant,4,0.00184,0.00201,0.00148,12390800,15318294,,
strict,n̠,consonant,29,0.01332,0.00201,0.00147,12340965,15210056,,
strict,fʷ,consonant,36,0.01654,0.00199,0.00107,12259000,11068625,ʃʷʲ(1) fɰ(1),
strict,kǃ͓,consonant,1,0.00046,0.00197,0.00145,12100000,14969091,,
strict,kʟ̥ʼ,consonant,1,0.00046,0.00197,0.00145,12100000,14969091,,
strict,kʟ͓̥ʼ,consonant,1,0.00046,0.00197,0.00145,12100000,14969091,kxʼ(1),
strict,kx,consonant,6,0.00276,0.00189,0.00105,11604250,10891336,kʰ(1) kʔ(1) ʔk(1) ʔ(1),
strict,d̺,consonant,7,0.00322,0.00188,0.00137,11544000,14166181,,
strict,æi̯,vowel,3,0.00138,0.00187,0.00099,11500000,10200870,,
strict,äu̯,vowel,4,0.00184,0.00185,0.00135,11413500,14000402,,
strict,ui̯,vowel,9,0.00413,0.00185,0.00174,11371880,17942390,,
strict,ɯɑ,vowel,3,0.00138,0.00183,0.00118,11235552,12210372,,
strict,p͉,consonant,71,0.03261,0.00181,0.00093,11150956,9648652,b(5) b͉(1) p(1) β(1),
strict,ʃʲ,consonant,8,0.00367,0.0018,0.00082,11072500,8529561,ʒʲ(1) ʃˠ(1) ʃʷˠ(1),
strict,t̠ʃʲ,consonant,9,0.00413,0.00178,0.00108,10950500,11125537,dʒʲ(1) tʃʷˠ(1),
strict,t͉,consonant,47,0.02159,0.00178,0.00091,10948984,9446680,d(5) ð(2) d͉(1) t(1) p(1),
strict,d̠ʒʲ,consonant,6,0.00276,0.00178,0.00094,10930420,9686250,dʒʷˠ(1),
strict,oe,vowel,5,0.0023,0.00174,0.00115,10720000,11896405,oə(1),
strict,ʏː,vowel,4,0.00184,0.00174,0.00084,10713579,8686015,,
strict,r̝,consonant,2,0.00092,0.00174,0.00128,10710000,13246058,r̥(1),
strict,ei̯,vowel,10,0.00459,0.00174,0.00108,10678500,11150977,,
strict,ɫ̪,consonant,4,0.00184,0.00173,0.00099,10653900,10231769,,
strict,sʷ,consonant,35,0.01608,0.00173,0.00194,10651585,20105020,,
strict,yo,vowel,1,0.00046,0.00167,1e-05,10300000,54256,,
strict,ɒː,vowel,8,0.00367,0.00166,0.0009,10237370,9327604,ɑ(2) ɔ(1) ɒə(1),
strict,ŋǃ,consonant,8,0.00367,0.00164,0.00129,10097900,13365971,,
strict,s͉,consonant,3,0.00138,0.00164,0.00083,10095000,8534156,z(2) s(1) ɕ(1),
strict,ʃ͉,consonant,3,0.00138,0.00164,0.00083,10095000,8534156,ʃ(1),
strict,z̥,consonant,4,0.00184,0.00164,0.00082,10080093,8519249,,
strict,s̺,consonant,18,0.00827,0.00163,0.00161,10026103,16679823,z(1) ts(1),
strict,ʒ̊,consonant,2,0.00092,0.00162,0.00082,10000093,8439249,,
strict,f͉,consonant,1,0.00046,0.00162,0.00082,10000000,8439156,v(1) f(1),
strict,iə̯,vowel,1,0.00046,0.00162,0.00082,10000000,8439156,,
strict,uə̯,vowel,1,0.00046,0.00162,0.00082,10000000,8439156,,
strict,v̥,consonant,1,0.00046,0.00162,0.00082,10000000,8439156,,
strict,x͉,consonant,1,0.00046,0.00162,0.00082,10000000,8439156,x(1) ʁ̥(1),
strict,yə̯,vowel,1,0.00046,0.00162,0.00082,10000000,8439156,,
strict,ɣ̊,consonant,1,0.00046,0.00162,0.00082,10000000,8439156,,
strict,kǃʰ,consonant,8,0.00367,0.0016,0.00126,9871900,13081569,qǃʰ(1),
strict,kǀʰ,consonant,7,0.00322,0.0016,0.00126,9838300,13047969,qǀʰ(1),
strict,kǁʰ,consonant,5,0.0023,0.00159,0.00126,9804300,13013969,qǁʰ(1),
strict,ŋǀ,consonant,5,0.0023,0.00159,0.00126,9804300,13013969,,
strict,ŋǁ,consonant,5,0.0023,0.00159,0.00126,9804300,13013969,,
strict,io,vowel,10,0.00459,0.00159,0.00163,9786224,16817913,,
strict,ntsʼ,consonant,2,0.00092,0.00158,0.00125,9750100,12959769,,
strict,n̠t̠ʃʼ,consonant,2,0.00092,0.00158,0.00125,9750100,12959769,,
strict,qʰ,consonant,51,0.02343,0.00158,0.00231,9736011,23879392,q(2) qχ(1) ʁ(1) kʰ(1) qʲʰ(1) qx(1) χ(1),
strict,b̰,consonant,19,0.00873,0.00157,0.00112,9659450,11589679,b(1) p(1) mb(1) m(1) p̰(1),
strict,ɟː,consonant,9,0.00413,0.00156,0.00149,9600000,15407104,,
strict,zʷ,consonant,15,0.00689,0.00151,0.00153,9316500,15852277,,
strict,ʉ̟,vowel,2,0.00092,0.0015,0.0013,9254250,13452442,,
strict,ɧ,consonant,1,0.00046,0.0015,0.00129,9244250,13338377,,
strict,ʉ̟ː,vowel,1,0.00046,0.0015,0.00129,9244250,13338377,,
strict,ð̞,consonant,6,0.00276,0.00147,0.00114,9027910,11815609,d(1),
strict,d̪̻,consonant,1,0.00046,0.00146,0.00144,9000000,14899134,,
strict,d̺ʒ̺ʷ,consonant,1,0.00046,0.00146,0.00144,9000000,14899134,,
strict,d̻ʒ̻,consonant,1,0.00046,0.00146,0.00144,9000000,14899134,,
strict,s̪̻,consonant,1,0.00046,0.00146,0.00144,9000000,14899134,ts(1),
strict,t̪̻,consonant,1,0.00046,0.00146,0.00144,9000000,14899134,,
strict,t̪̻s̪̻,consonant,1,0.00046,0.00146,0.00144,9000000,14899134,,
strict,t̺ʃ̺ʷ,consonant,1,0.00046,0.00146,0.00144,9000000,14899134,,
strict,t̻ʃ̻,consonant,1,0.00046,0.00146,0.00144,9000000,14899134,,
strict,z̪̻,consonant,1,0.00046,0.00146,0.00144,9000000,14899134,,
strict,kʼː,consonant,13,0.00597,0.00146,0.00054,8978060,5623873,,
strict,n̤,consonant,8,0.00367,0.00146,0.00117,8959300,12095655,,
strict,v̤,consonant,4,0.00184,0.00145,0.00117,8919300,12055655,,
strict,ʉː,vowel,12,0.00551,0.00143,0.00196,8784123,20262885,y(2),
strict,d̤,consonant,8,0.00367,0.00142,0.00119,8715300,12338692,d(1),
strict,ɟ̤,consonant,2,0.00092,0.00141,0.0011,8655300,11379721,,
strict,l̥,consonant,56,0.02572,0.00139,0.00146,8552827,15072871,l̥ʲ(1) l̥ʷ(1) hl(1) ʎ̥(1) ʱl̥(1),
strict,ɲ̤,consonant,5,0.0023,0.00136,0.00107,8386767,11111188,,
strict,æi,vowel,2,0.00092,0.00135,0.00148,8320500,15341453,,
strict,ɯ̽,vowel,6,0.00276,0.00135,0.00062,8298720,6441131,,
strict,kǀʼ,consonant,3,0.00138,0.00134,0.00106,8227300,10951721,,
strict,ɡ̤ǃ,consonant,3,0.00138,0.00134,0.00106,8220900,10945321,,
strict,ŋ̤ǃ,consonant,2,0.00092,0.00133,0.00106,8210900,10935321,,
strict,kxʼ,consonant,3,0.00138,0.00133,0.00106,8191500,10915921,,
strict,m̤b̤,consonant,2,0.00092,0.00133,0.00106,8187300,10911721,,
strict,n̤d̤,consonant,2,0.00092,0.00133,0.00106,8187300,10911721,,
strict,n̤d̤ɮ̤,consonant,2,0.00092,0.00133,0.00106,8187300,10911721,,
strict,z̤,consonant,2,0.00092,0.00133,0.00106,8187300,10911721,,
strict,ɦ̤,consonant,2,0.00092,0.00133,0.00106,8187300,10911721,,
strict,d̠̤ʒ̤,consonant,1,0.00046,0.00133,0.00105,8177300,10901721,,
strict,mpfʼ,consonant,1,0.00046,0.00133,0.00105,8177300,10901721,,
strict,mpʼ,consonant,1,0.00046,0.00133,0.00105,8177300,10901721,,
strict,m̤b̤v̤,consonant,1,0.00046,0.00133,0.00105,8177300,10901721,,
strict,ntlʼ,consonant,1,0.00046,0.00133,0.00105,8177300,10901721,,
strict,ntʼ,consonant,1,0.00046,0.00133,0.00105,8177300,10901721,,
strict,n̠̤d̠̤ʒ,consonant,1,0.00046,0.00133,0.00105,8177300,10901721,,
strict,n̤d̤z̤,consonant,1,0.00046,0.00133,0.00105,8177300,10901721,,
strict,ŋkʼ,consonant,1,0.00046,0.00133,0.00105,8177300,10901721,,
strict,ŋǁʼ,consonant,1,0.00046,0.00133,0.00105,8177300,10901721,,
strict,ŋǃʼ,consonant,1,0.00046,0.00133,0.00105,8177300,10901721,,
strict,ŋ̤ǀ,consonant,1,0.00046,0.00133,0.00105,8177300,10901721,,
strict,ŋ̤ǁ,consonant,1,0.00046,0.00133,0.00105,8177300,10901721,,
strict,ŋ̤ɡ̤,consonant,1,0.00046,0.00133,0.00105,8177300,10901721,,
strict,ɡ̤ǀ,consonant,1,0.00046,0.00133,0.00105,8177300,10901721,,
strict,ɡ̤ǁ,consonant,1,0.00046,0.00133,0.00105,8177300,10901721,,
strict,ɣ̤,consonant,1,0.00046,0.00133,0.00105,8177300,10901721,,
strict,ɮ̤,consonant,1,0.00046,0.00133,0.00105,8177300,10901721,,
strict,ɲcʼ,consonant,1,0.00046,0.00133,0.00105,8177300,10901721,,
strict,ɲ̤ɟ̤,consonant,1,0.00046,0.00133,0.00105,8177300,10901721,,
strict,rˤ,consonant,3,0.00138,0.00132,0.00064,8110000,6615442,,
strict,ŋm,consonant,75,0.03445,0.00131,0.00092,8092000,9504892,ŋmʲ(2) nm(1) ŋmʷ(1) mʷ(1) m(1),
strict,œi,vowel,2,0.00092,0.00131,0.00104,8045100,10730378,,
strict,ɰ,consonant,53,0.02435,0.0013,0.00095,8014808,9801008,ɣ(2) ɡ(2) ʔ(1) ʁ(1) f(1) ɸ(1) v(1) β(1),
strict,t̪s̪ʰ,consonant,13,0.00597,0.0013,0.00063,7976130,6470001,,
strict,oa,vowel,7,0.00322,0.00127,0.00079,7823900,8184942,,
strict,sʼ,consonant,13,0.00597,0.00127,0.00113,7823629,11686291,tsʼ(1),
strict,u̞,vowel,11,0.00505,0.00126,0.00082,7779110,8483868,,
strict,n̺,consonant,106,0.04869,0.00126,0.00122,7743299,12571076,,
strict,j̃,consonant,10,0.00459,0.00125,0.00129,7698093,13352456,,
strict,ɔi,vowel,13,0.00597,0.00125,0.00197,7683207,20329403,,
strict,tɬʼ,consonant,22,0.01011,0.00122,0.00081,7535713,8397531,kɬʼ(1),
strict,r̺,consonant,105,0.04823,0.00121,0.00119,7460299,12302586,,
strict,t̪s̪ʼ,consonant,7,0.00322,0.0012,0.00056,7377030,5782649,,
strict,i̯,vowel,11,0.00505,0.00119,0.00124,7314701,12823338,,
strict,ɔe,vowel,2,0.00092,0.00119,0.00091,7299200,9461692,,
strict,u̯,vowel,9,0.00413,0.00118,0.00113,7291401,11711117,,
strict,ao,vowel,6,0.00276,0.00118,0.00076,7270000,7820215,ɑɔ(1) aɔ(1),
strict,p̰,consonant,12,0.00551,0.00118,0.00075,7247395,7799054,,
strict,k̰,consonant,10,0.00459,0.00118,0.00075,7245590,7793821,k̰ʲ(1),
strict,eo,vowel,4,0.00184,0.00117,0.00075,7230000,7780215,,
strict,t̪̰,consonant,3,0.00138,0.00117,0.00075,7220000,7770215,,
strict,ɛo,vowel,2,0.00092,0.00117,0.00075,7210000,7760215,,
strict,eɘ,vowel,1,0.00046,0.00117,0.00096,7200000,9966165,,
strict,oɘ,vowel,1,0.00046,0.00117,0.00096,7200000,9966165,,
strict,øɘ,vowel,1,0.00046,0.00117,0.00096,7200000,9966165,,
strict,œu,vowel,1,0.00046,0.00117,0.00096,7200000,9966165,,
strict,ɘi,vowel,1,0.00046,0.00117,0.00096,7200000,9966165,,
strict,ɪ̝,vowel,1,0.00046,0.00117,0.00096,7200000,9966165,,
strict,ɪ̝ː,vowel,1,0.00046,0.00117,0.00096,7200000,9966165,,
strict,i̯e,vowel,6,0.00276,0.00115,0.00105,7082080,10905786,,
strict,pʼː,consonant,8,0.00367,0.00115,0.00032,7056650,3360550,,
strict,tɬʰ,consonant,10,0.00459,0.00113,0.00076,6978574,7848996,,
strict,t̠ʃʲʰ,consonant,2,0.00092,0.00112,0.00058,6910000,5961564,tʃʷˠʰ(1),
strict,h̃,consonant,6,0.00276,0.0011,0.00121,6795000,12495322,,
strict,ndz,consonant,60,0.02756,0.0011,0.00425,6778200,43983871,ndʒ(9) nts(1) nz(1) nʒ(1),
strict,ie̞,vowel,4,0.00184,0.0011,0.00053,6744703,5466690,e(2) iɛ(1),
strict,n̠ʃ,consonant,5,0.0023,0.00109,0.00079,6730000,8187104,,
strict,e̠,vowel,3,0.00138,0.00109,0.00105,6714030,10852379,,
strict,ʐ͇,consonant,3,0.00138,0.00109,0.00053,6711880,5455385,ʂ͇(2) ɻ(1) r(1),
strict,ə̯,vowel,1,0.00046,0.00109,0.00053,6700000,5443505,,
strict,R̪|R,consonant,33,0.01516,0.00109,0.00083,6689055,8618207,,
strict,d̠ʒʱ,consonant,4,0.00184,0.00106,0.00078,6533700,8114298,,
strict,z̺,consonant,11,0.00505,0.00106,0.00115,6497478,11920663,,
strict,iɛ,vowel,13,0.00597,0.00103,0.00108,6330182,11207207,ɛ(1) iæ(1) ia(1) iɘ(1) ɘ(1),
strict,i̞,vowel,5,0.0023,0.00103,0.00069,6312210,7121930,i̤(1),
strict,yu̯,vowel,2,0.00092,0.00101,0.00084,6204790,8705345,,
strict,w̃,consonant,14,0.00643,0.001,0.00106,6130000,10918609,ɥ̃(1),
strict,l̃,consonant,6,0.00276,0.00098,0.00105,6050000,10838609,,
strict,u̞ː,vowel,4,0.00184,0.00098,0.00066,6029110,6838830,,
strict,bz,consonant,3,0.00138,0.00098,0.00076,6020000,7876936,,
strict,i̞ː,vowel,3,0.00138,0.00098,0.00066,6017210,6826930,,
strict,d̺ʒ̺,consonant,1,0.00046,0.00097,0.00066,6000000,6809720,,
strict,fʃ,consonant,1,0.00046,0.00097,0.00067,6000000,6957964,,
strict,pʃʰ,consonant,1,0.00046,0.00097,0.00067,6000000,6957964,,
strict,pʃʼ,consonant,1,0.00046,0.00097,0.00067,6000000,6957964,,
strict,t̺ʃ̺,consonant,1,0.00046,0.00097,0.00066,6000000,6809720,,
strict,ṽ,consonant,1,0.00046,0.00097,0.00104,6000000,10788609,,
strict,ɪ̯a,vowel,1,0.00046,0.00097,0.00066,6000000,6809720,,
strict,ɪ̯ä,vowel,1,0.00046,0.00097,0.00066,6000000,6809720,,
strict,ɪ̯u̞,vowel,1,0.00046,0.00097,0.00066,6000000,6809720,,
strict,ɪ̯ɔ,vowel,1,0.00046,0.00097,0.00066,6000000,6809720,,
strict,ɪ̯ɛ,vowel,1,0.00046,0.00097,0.00066,6000000,6809720,,
strict,ɫː,consonant,1,0.00046,0.00097,0.00066,6000000,6809720,,
strict,ʊ̯ɔ,vowel,1,0.00046,0.00097,0.00066,6000000,6809720,,
strict,ɾ̺,consonant,7,0.00322,0.00097,0.00093,5986296,9645329,,
strict,cː,consonant,8,0.00367,0.00096,0.00021,5890000,2193900,ɟ(1) tʃ(1),
strict,ɖʐ,consonant,30,0.01378,0.00095,0.00122,5862017,12600582,ʐ(2),
strict,cʼː,consonant,3,0.00138,0.00095,0.00021,5850000,2153900,tʃʼ(1),
strict,ᶑʼ,consonant,3,0.00138,0.00095,0.00021,5850000,2153900,,
strict,ɜ,vowel,23,0.01056,0.00094,0.0009,5780473,9312294,ɞ(2) a(2) ɔ(1) ɑ(1) ɛ(1) ə(1) æ̤(1) ɜ̃(1),
strict,i̯a,vowel,5,0.0023,0.00093,0.00091,5704880,9373296,,
strict,d̥z̥,consonant,3,0.00138,0.00092,0.00071,5691880,7318244,,
strict,i̯u,vowel,4,0.00184,0.00092,0.0009,5689880,9358296,,
strict,i̯ɔ,vowel,3,0.00138,0.00092,0.0009,5681380,9333710,,
strict,eu̯,vowel,4,0.00184,0.00092,0.0009,5674880,9343296,,
strict,iu̯,vowel,3,0.00138,0.00092,0.0009,5666380,9318710,,
strict,i̯ɛ,vowel,3,0.00138,0.00092,0.0009,5661380,9313710,,
strict,œi̯,vowel,2,0.00092,0.00091,0.0007,5631380,7257744,,
strict,i̯o,vowel,2,0.00092,0.00091,0.0007,5629880,7272330,,
strict,ts̺,consonant,2,0.00092,0.00091,0.00089,5623396,9253276,,
strict,b̥ʰ,consonant,1,0.00046,0.00091,0.0007,5621380,7247744,,
strict,eʌ̯,vowel,1,0.00046,0.00091,0.0007,5621380,7247744,,
strict,iʌ̯,vowel,1,0.00046,0.00091,0.0007,5621380,7247744,,
strict,i̯y,vowel,1,0.00046,0.00091,0.0007,5621380,7247744,,
strict,i̯æ,vowel,1,0.00046,0.00091,0.0007,5621380,7247744,,
strict,i̯ø,vowel,1,0.00046,0.00091,0.0007,5621380,7247744,,
strict,i̯œ,vowel,1,0.00046,0.00091,0.0007,5621380,7247744,,
strict,i̯œ̞,vowel,1,0.00046,0.00091,0.0007,5621380,7247744,,
strict,i̯ɑ,vowel,1,0.00046,0.00091,0.0007,5621380,7247744,,
strict,i̯ɒ,vowel,1,0.00046,0.00091,0.0007,5621380,7247744,,
strict,i̯ʌ,vowel,1,0.00046,0.00091,0.0007,5621380,7247744,,
strict,oʌ̯,vowel,1,0.00046,0.00091,0.0007,5621380,7247744,,
strict,uʌ̯,vowel,1,0.00046,0.00091,0.0007,5621380,7247744,,
strict,yʌ̯,vowel,1,0.00046,0.00091,0.0007,5621380,7247744,,
strict,æʌ̯,vowel,1,0.00046,0.00091,0.0007,5621380,7247744,,
strict,øu̯,vowel,1,0.00046,0.00091,0.0007,5621380,7247744,,
strict,øʌ̯,vowel,1,0.00046,0.00091,0.0007,5621380,7247744,,
strict,œu̯,vowel,1,0.00046,0.00091,0.0007,5621380,7247744,,
strict,œ̞,vowel,1,0.00046,0.00091,0.0007,5621380,7247744,,
strict,œ̞ʌ̯,vowel,1,0.00046,0.00091,0.0007,5621380,7247744,,
strict,ɑi̯,vowel,1,0.00046,0.00091,0.0007,5621380,7247744,,
strict,ɑu̯,vowel,1,0.00046,0.00091,0.0007,5621380,7247744,,
strict,ɒu̯,vowel,1,0.00046,0.00091,0.0007,5621380,7247744,,
strict,ɡ̊ʰ,consonant,1,0.00046,0.00091,0.0007,5621380,7247744,,
strict,ɨ̃,vowel,95,0.04364,0.00091,0.00058,5573767,6044314,ã(1) ɨ(1),
strict,ʎ̟,consonant,6,0.00276,0.00088,0.00086,5434334,8878904,,
strict,m̤pʰ,consonant,1,0.00046,0.00088,0.00057,5430000,5869203,,
strict,m̤ʱ,consonant,1,0.00046,0.00088,0.00057,5430000,5869203,,
strict,n̤s,consonant,1,0.00046,0.00088,0.00057,5430000,5869203,,
strict,n̤tʰ,consonant,1,0.00046,0.00088,0.00057,5430000,5869203,,
strict,n̤ʱ,consonant,1,0.00046,0.00088,0.00057,5430000,5869203,,
strict,ŋ̤kʰ,consonant,1,0.00046,0.00088,0.00057,5430000,5869203,,
strict,ŋ̤ʱ,consonant,1,0.00046,0.00088,0.00057,5430000,5869203,,
strict,ɱ̤f,consonant,1,0.00046,0.00088,0.00057,5430000,5869203,,
strict,ɲ̤cʰ,consonant,1,0.00046,0.00088,0.00057,5430000,5869203,,
strict,ɲ̤ʱ,consonant,1,0.00046,0.00088,0.00057,5430000,5869203,,
strict,ɑʊ,vowel,2,0.00092,0.00088,0.00121,5391200,12498996,,
strict,pʷ,consonant,46,0.02113,0.00085,0.00071,5220125,7326179,bʷ(2) p(1) pʷʰ(1) b̥ʷ(1),
strict,ŏ,vowel,2,0.00092,0.00085,0.00033,5210000,3389704,,
strict,iɪ̯,vowel,2,0.00092,0.00085,0.00033,5206670,3386686,,
strict,ɘ̆,vowel,1,0.00046,0.00084,0.00033,5200000,3379704,,
strict,ɤ̞̆,vowel,1,0.00046,0.00084,0.00033,5200000,3379704,,
strict,ɯɪ̯,vowel,1,0.00046,0.00084,0.00033,5200000,3379704,,
strict,ɵ̆,vowel,1,0.00046,0.00084,0.00033,5200000,3379704,,
strict,xʲ,consonant,9,0.00413,0.00084,0.00031,5169197,3196921,,
strict,æɪ,vowel,1,0.00046,0.00081,0.00117,5000000,12049256,,
strict,ɗ̪|ɗ,consonant,13,0.00597,0.0008,0.00052,4943220,5359042,,
strict,t̪ʼ|tʼ,consonant,20,0.00919,0.00079,0.00052,4891066,5403890,,
strict,ɔ̞,vowel,2,0.00092,0.00079,0.00079,4875396,8220781,,
strict,dz̺,consonant,1,0.00046,0.00079,0.00079,4873396,8218781,,
strict,ɫ̺,consonant,1,0.00046,0.00079,0.00079,4873396,8218781,,
strict,ʌː,vowel,17,0.00781,0.00078,0.00044,4788900,4599657,,
strict,ɲ̊,consonant,8,0.00367,0.00077,0.00108,4710000,11206240,ʱɲ̊(1) ɲ̊dʑ(1),
strict,ɪ̈,vowel,3,0.00138,0.00073,0.00043,4512000,4497490,ɨ(1),
strict,sˠ,consonant,3,0.00138,0.00073,0.00054,4471500,5584550,,
strict,l̪ˠ,consonant,2,0.00092,0.00072,0.00054,4461500,5574550,l̥ˠ(2),
strict,mˠ,consonant,2,0.00092,0.00072,0.00054,4461500,5574550,ɱˠ(1) m̥ˠ(1),
strict,ŋmɡb,consonant,82,0.03767,0.00071,0.00117,4383000,12093649,,
strict,ns,consonant,20,0.00919,0.00071,0.0011,4372800,11358968,,
strict,dˠ,consonant,3,0.00138,0.00071,0.00042,4364100,4364100,,
strict,tˠ,consonant,3,0.00138,0.00071,0.00042,4364100,4364100,,
strict,zˠ,consonant,2,0.00092,0.0007,0.00042,4330500,4330500,,
strict,ʊu,vowel,2,0.00092,0.0007,0.00042,4330500,4330500,,
strict,æu,vowel,1,0.00046,0.0007,0.00042,4320500,4320500,,
strict,ðˠ,consonant,1,0.00046,0.0007,0.00042,4320500,4320500,,
strict,ɪi,vowel,1,0.00046,0.0007,0.00042,4320500,4320500,,
strict,ɾ̪ˠ,consonant,1,0.00046,0.0007,0.00042,4320500,4320500,r(1),
strict,uɔ,vowel,7,0.00322,0.00069,0.00025,4230470,2596278,ɔ(1) ua(1),
strict,ndʑ,consonant,15,0.00689,0.00069,0.00104,4217000,10761223,,
strict,dzʲ,consonant,6,0.00276,0.00068,0.00034,4210922,3482939,,
strict,ɣʲ,consonant,3,0.00138,0.00066,0.00028,4070130,2883163,,
strict,ɨ̞,vowel,6,0.00276,0.00066,0.00039,4037195,4037354,,
strict,ʒʲ,consonant,3,0.00138,0.00065,0.00023,4012420,2417917,,
strict,s̪ʰ|sʰ,consonant,2,0.00092,0.00065,0.00043,4010000,4444516,,
strict,z͇,consonant,2,0.00092,0.00065,0.00039,4010000,4010000,ɾ(1) r(1) z͇̥(1),
strict,ɹ̩,consonant,2,0.00092,0.00065,0.00107,4010000,11030953,ʒ(1) z(1),
strict,ʊ̯,vowel,2,0.00092,0.00065,0.00034,4010000,3504061,,
strict,ø̞ː,vowel,2,0.00092,0.00065,0.00107,4000600,11021553,øə(1),
strict,l̪̩,consonant,1,0.00046,0.00065,0.00107,4000000,11020953,,
strict,æʉ,vowel,1,0.00046,0.00065,0.00107,4000000,11020953,,
strict,ɒ̝,vowel,1,0.00046,0.00065,0.00107,4000000,11020953,,
strict,ɔy,vowel,1,0.00046,0.00065,0.00107,4000000,11020953,,
strict,ɪ̯,vowel,1,0.00046,0.00065,0.00023,4000000,2405298,ɪ̥(1),
strict,ɭ̩,consonant,1,0.00046,0.00065,0.00107,4000000,11020953,,
strict,ŋk,consonant,40,0.01837,0.00063,0.00351,3895920,36293523,ŋkʲ(1) ŋkp(1) ŋɡ(1),
strict,nt,consonant,37,0.017,0.00063,0.00352,3865920,36369513,nd(1),
strict,iˑ,vowel,8,0.00367,0.00061,0.00023,3784000,2416577,ɪ(1),
strict,oˑ,vowel,8,0.00367,0.00061,0.00023,3784000,2416577,ɔ(1),
strict,aˑ,vowel,7,0.00322,0.00061,0.00023,3774000,2406577,ə(1),
strict,eˑ,vowel,7,0.00322,0.00061,0.00023,3774000,2406577,ɛ(2) a(1),
strict,ɯ̃,vowel,27,0.0124,0.00061,0.00041,3771332,4280583,ɯ̥̃(1) ŋ(1) nʲ(1) m(1) mʲ(1) ŋʲ(1) n(1) ɯ̃i(1),
strict,uˑ,vowel,6,0.00276,0.00061,0.00023,3764000,2396577,ʊ(1),
strict,qχ,consonant,3,0.00138,0.0006,0.00128,3701070,13204274,q(1) qʰ(1) qχʰ(1),
strict,l̪̥|l̥,consonant,8,0.00367,0.00058,0.00074,3567655,7603028,,
strict,mp,consonant,34,0.01562,0.00057,0.00343,3533920,35518932,mb(1) mʙ̥(1) mpʰ(1),
strict,ɛə,vowel,2,0.00092,0.00057,0.00038,3510032,3951962,,
strict,ãi,vowel,1,0.00046,0.00057,0.00038,3500032,3941868,,
strict,ĩə,vowel,1,0.00046,0.00057,0.00038,3500032,3941868,,
strict,ũə,vowel,1,0.00046,0.00057,0.00038,3500032,3941868,,
strict,ɔə,vowel,1,0.00046,0.00057,0.00038,3500032,3941868,,
strict,ɛ̃ə,vowel,1,0.00046,0.00057,0.00038,3500032,3941868,,
strict,ɯ̃ə,vowel,1,0.00046,0.00057,0.00038,3500032,3941868,,
strict,ʌə,vowel,1,0.00046,0.00057,0.00038,3500032,3941868,,
strict,qʷʼ,consonant,18,0.00827,0.00056,0.00023,3463575,2411815,,
strict,əˑ,vowel,1,0.00046,0.00054,0.00016,3310000,1690956,,
strict,ɨˑ,vowel,1,0.00046,0.00054,0.00016,3310000,1690956,,
strict,ɳɖʐ,consonant,11,0.00505,0.00052,0.00094,3190250,9716340,ɳʈʂ(1),
strict,lˠ,consonant,2,0.00092,0.0005,0.00066,3060130,6874249,l̥ˠ(3) l(2),
strict,æɪ̯,vowel,2,0.00092,0.0005,0.00051,3060000,5236208,,
strict,ɔʊ̯,vowel,2,0.00092,0.0005,0.00051,3060000,5236208,,
strict,wʰ,consonant,1,0.00046,0.0005,0.00029,3050000,3050000,,
strict,æ̃ɪ̯̃,vowel,1,0.00046,0.0005,0.00029,3050000,3050000,,
strict,ɔ̃ʊ̯̃,vowel,1,0.00046,0.0005,0.00029,3050000,3050000,,
strict,ʃʷ,consonant,29,0.01332,0.00049,0.00045,3029485,4666659,,
strict,d̪ð,consonant,2,0.00092,0.00049,0.00059,3010000,6141673,tθ͉(1) ð(1),
strict,ɱf,consonant,11,0.00505,0.00048,0.00061,2932800,6352685,,
strict,l̺,consonant,102,0.04685,0.00046,0.00033,2844903,3399383,,
strict,ae̞,vowel,4,0.00184,0.00045,0.00066,2788630,6822913,,
strict,ŋ̊,consonant,8,0.00367,0.00044,0.00026,2713900,2713900,ʱŋ̊(1) ŋ̊ɡ(1),
strict,ȵ,consonant,323,0.14837,0.00044,0.00026,2713167,2713132,nʷʲ(1),
strict,o̟,vowel,1,0.00046,0.00044,0.00065,2704030,6738313,,
strict,ʜ,consonant,6,0.00276,0.00041,0.00025,2505187,2598911,,
strict,iɔ,vowel,5,0.0023,0.00039,0.00086,2425124,8921364,,
strict,l̩,consonant,5,0.0023,0.00039,0.00086,2415624,8912179,,
strict,ɵː,vowel,10,0.00459,0.00038,0.00023,2346000,2346000,,
strict,kʲʰ,consonant,10,0.00459,0.00038,0.00021,2317315,2182922,kʲ(1),
strict,ȶ,consonant,262,0.12035,0.00037,0.00022,2260325,2260290,,
strict,ɬʼ,consonant,5,0.0023,0.00036,0.00017,2205900,1710383,tɬʼ(1),
strict,ɤ̞,vowel,10,0.00459,0.00036,0.00022,2203530,2258061,ɤ̥(2) ɯ(1),
strict,ʔʷ,consonant,15,0.00689,0.00034,0.00016,2106000,1632512,,
strict,aˤː,vowel,4,0.00184,0.00033,0.0002,2047978,2047978,,
strict,ɞ,vowel,4,0.00184,0.00033,0.0002,2030000,2030000,,
strict,ɹ̪̩,consonant,4,0.00184,0.00033,0.00082,2030000,8526240,,
strict,oˤ,vowel,3,0.00138,0.00033,0.00019,2014200,2014200,,
strict,ae̯,vowel,2,0.00092,0.00033,0.00019,2010000,2010000,,
strict,r̠,consonant,2,0.00092,0.00033,0.00026,2010000,2687347,r̃(1),
strict,ɹ̪̹̩,consonant,2,0.00092,0.00033,0.00082,2010000,8506240,,
strict,ɻ̩,consonant,2,0.00092,0.00033,0.00088,2010000,9133458,,
strict,aɵ̯,vowel,1,0.00046,0.00032,0.00019,2000000,2000000,,
strict,e̥,vowel,1,0.00046,0.00032,0.00019,2000000,2000000,,
strict,e̥ː,vowel,1,0.00046,0.00032,0.00019,2000000,2000000,,
strict,i̩ː,vowel,1,0.00046,0.00032,0.00019,2000000,2000000,,
strict,oˤː,vowel,1,0.00046,0.00032,0.00019,2000000,2000000,oɒˤ(1),
strict,v̩,consonant,1,0.00046,0.00032,0.00082,2000000,8496240,,
strict,ɑˤː,vowel,1,0.00046,0.00032,0.00019,2000000,2000000,ɛɒˤ(1),
strict,ɔˤː,vowel,1,0.00046,0.00032,0.00019,2000000,2000000,ɔɒˤ(1),
strict,ɞʏ̯,vowel,1,0.00046,0.00032,0.00019,2000000,2000000,,
strict,ɹ̪̩ˠ,consonant,1,0.00046,0.00032,0.00082,2000000,8496240,,
strict,ɻ̹̩,consonant,1,0.00046,0.00032,0.00082,2000000,8496240,,
strict,ʊˤː,vowel,1,0.00046,0.00032,0.00019,2000000,2000000,ʊɒˤ(1),
strict,ʌˤː,vowel,1,0.00046,0.00032,0.00019,2000000,2000000,ɪɒ(1),
strict,ʒ̩,consonant,1,0.00046,0.00032,0.00082,2000000,8496240,,
strict,ɬ̪|ɬ,consonant,20,0.00919,0.00032,0.00018,1993489,1904542,,
strict,ɳɖ,consonant,9,0.00413,0.00032,0.00019,1960512,2005320,,
strict,ɬ̪,consonant,7,0.00322,0.0003,0.0003,1841870,3070238,,
strict,ɗ̪,consonant,4,0.00184,0.0003,0.0004,1833000,4182250,ɾ̰(1),
strict,fʼ,consonant,2,0.00092,0.00029,0.00012,1790110,1238370,,
strict,ø̞,vowel,10,0.00459,0.00029,0.0004,1758678,4129052,,
strict,n̠t̠ʃ,consonant,19,0.00873,0.00028,0.00049,1743120,5045900,,
strict,ɾ̥,consonant,5,0.0023,0.00028,0.00021,1729355,2207338,ɾ̥ʷ(1),
strict,ɡǃ,consonant,6,0.00276,0.00027,0.00021,1684600,2169848,,
strict,a̤,vowel,19,0.00873,0.00027,0.0002,1679712,2028844,,
strict,ɡǀ,consonant,6,0.00276,0.00027,0.00021,1661000,2146248,,
strict,qʷʰ,consonant,8,0.00367,0.00027,0.00011,1632830,1132810,qʷ(1),
strict,ʃʼ,consonant,5,0.0023,0.00027,0.00011,1632000,1164719,,
strict,ɡǁ,consonant,4,0.00184,0.00026,0.0002,1627000,2112248,,
strict,nɬ,consonant,1,0.00046,0.00026,0.0002,1572800,2058048,,
strict,nɮ,consonant,1,0.00046,0.00026,0.0002,1572800,2058048,,
strict,ŋkx,consonant,1,0.00046,0.00026,0.0002,1572800,2058048,,
strict,ȴ,consonant,181,0.08314,0.00025,0.00015,1558459,1558424,,
strict,dʱ,consonant,10,0.00459,0.00025,0.00016,1554307,1680254,d(1) ɖ̤(1) d̤(1),
strict,tʷʼ,consonant,3,0.00138,0.00025,0.00013,1532510,1341671,,
strict,ɕʰ,consonant,4,0.00184,0.00025,0.00015,1530000,1530000,,
strict,u̯o,vowel,5,0.0023,0.00025,0.00016,1527400,1698617,,
strict,ts̻,consonant,2,0.00092,0.00024,0.0002,1500000,2068990,,
strict,ɬʷ,consonant,2,0.00092,0.00024,0.00018,1488500,1809875,,
strict,a̰,vowel,21,0.00965,0.00023,0.00016,1437187,1607145,,
strict,u̯õ,vowel,3,0.00138,0.00023,0.00015,1418900,1574031,,
strict,ḭ,vowel,18,0.00827,0.00023,0.00015,1417084,1587042,,
strict,kpʰ,consonant,4,0.00184,0.00023,0.00014,1417000,1417000,ɡb(1),
strict,ṵ,vowel,17,0.00781,0.00023,0.00015,1410084,1580042,,
strict,j̥,consonant,17,0.00781,0.00023,0.00018,1409080,1849632,ç(1),
strict,i̯ẽ,vowel,2,0.00092,0.00023,0.00015,1408900,1564031,,
strict,ẽ̞ː,vowel,2,0.00092,0.00023,0.00015,1403900,1559031,ɛ̃(1),
strict,iẽ,vowel,2,0.00092,0.00023,0.00015,1402900,1558031,,
strict,u̯oː,vowel,1,0.00046,0.00023,0.00015,1393900,1549031,,
strict,u̯õː,vowel,1,0.00046,0.00023,0.00015,1393900,1549031,,
strict,xk,consonant,1,0.00046,0.00023,0.00015,1393900,1549031,,
strict,ɔi̯,vowel,3,0.00138,0.00023,0.00035,1388000,3657419,,
strict,ã̈,vowel,6,0.00276,0.00022,0.0003,1376130,3113672,,
strict,ɔ̰,vowel,6,0.00276,0.00022,0.00015,1346000,1515958,,
strict,ɛ̰,vowel,7,0.00322,0.00022,0.00015,1343093,1513051,,
strict,r̥,consonant,24,0.01102,0.00022,0.00035,1332620,3615339,r(1) r̥ʲ(1) ɾ̥(1) hr(1),
strict,tʷ,consonant,43,0.01975,0.00022,0.00036,1332560,3691801,tɥ(1),
strict,ʄ̥,consonant,3,0.00138,0.00022,0.00021,1326000,2199225,,
strict,nʷ,consonant,29,0.01332,0.00021,0.00037,1314000,3846359,nɥ(1),
strict,t̺,consonant,82,0.03767,0.00021,0.00022,1283001,2297036,ʔt(1) tβ(1),
strict,n̪d̪,consonant,17,0.00781,0.00021,0.00013,1272970,1347637,,
strict,bv,consonant,19,0.00873,0.0002,0.00021,1243267,2153344,v(1),
strict,ɪ̞,vowel,2,0.00092,0.0002,0.00011,1242604,1169172,,
strict,ʕ̝,consonant,3,0.00138,0.0002,0.00011,1229920,1139361,,
strict,ɴq,consonant,3,0.00138,0.0002,0.00028,1220000,2898353,,
strict,ndʲ,consonant,5,0.0023,0.0002,0.00017,1217000,1730050,ntʲʰ(1) ɲɟʝ(1),
strict,ɪ̞̈,vowel,1,0.00046,0.00019,0.00011,1200000,1126568,,
strict,ʊ̞̈,vowel,1,0.00046,0.00019,0.00011,1200000,1126568,,
strict,n̪̥,consonant,3,0.00138,0.00019,0.00012,1188000,1194036,,
strict,lʲː,consonant,2,0.00092,0.00019,8e-05,1165270,854280,,
strict,nʲː,consonant,2,0.00092,0.00019,8e-05,1165270,854280,,
strict,sʲː,consonant,2,0.00092,0.00019,8e-05,1165270,854280,,
strict,fˑ,consonant,1,0.00046,0.00019,8e-05,1164770,853780,,
strict,kˑ,consonant,1,0.00046,0.00019,8e-05,1164770,853780,,
strict,lʲˑ,consonant,1,0.00046,0.00019,8e-05,1164770,853780,,
strict,lˑ,consonant,1,0.00046,0.00019,8e-05,1164770,853780,,
strict,mˑ,consonant,1,0.00046,0.00019,8e-05,1164770,853780,,
strict,nʲˑ,consonant,1,0.00046,0.00019,8e-05,1164770,853780,,
strict,nˑ,consonant,1,0.00046,0.00019,8e-05,1164770,853780,,
strict,pˑ,consonant,1,0.00046,0.00019,8e-05,1164770,853780,,
strict,rˑ,consonant,1,0.00046,0.00019,8e-05,1164770,853780,,
strict,sʲˑ,consonant,1,0.00046,0.00019,8e-05,1164770,853780,,
strict,sˑ,consonant,1,0.00046,0.00019,8e-05,1164770,853780,,
strict,tʲː,consonant,1,0.00046,0.00019,8e-05,1164770,853780,,
strict,tʲˑ,consonant,1,0.00046,0.00019,8e-05,1164770,853780,,
strict,tˑ,consonant,1,0.00046,0.00019,8e-05,1164770,853780,,
strict,ʃˑ,consonant,1,0.00046,0.00019,8e-05,1164770,853780,s(1),
strict,ã̟,vowel,6,0.00276,0.00019,0.00107,1163990,11068829,,
strict,d̪̰|d̰,consonant,3,0.00138,0.00019,0.00011,1160000,1160000,,
strict,ʒʷ,consonant,11,0.00505,0.00019,0.0001,1157580,988770,jʷ(1),
strict,ɨa,vowel,4,0.00184,0.00019,0.00011,1150000,1131306,,
strict,ɱ,consonant,16,0.00735,0.00018,0.00013,1124800,1297800,,
strict,eːi̯,vowel,2,0.00092,0.00018,0.00013,1100000,1337417,,
strict,oːu̯,vowel,2,0.00092,0.00018,0.00013,1100000,1337417,,
strict,tʷʰ,consonant,5,0.0023,0.00018,0.00018,1086695,1816856,,
strict,ɑi,vowel,7,0.00322,0.00018,0.00012,1079680,1236115,,
strict,t̪s̪ʼ|tsʼ,consonant,15,0.00689,0.00017,0.00013,1055796,1392455,,
strict,mˀ,consonant,7,0.00322,0.00017,0.00012,1051930,1221579,,
strict,nˀ,consonant,7,0.00322,0.00017,0.00012,1051930,1221579,,
strict,j̰,consonant,25,0.01148,0.00017,0.00014,1041237,1457374,ˀj̥(1) dj(1) jʔ(1),
strict,t̠ʃʷ,consonant,22,0.01011,0.00017,0.00017,1041085,1792680,tʃɥ(1),
strict,w̰,consonant,26,0.01194,0.00017,0.00014,1036367,1453948,ˀw̥(1) wʔ(1) w̃(1),
strict,t̠ʃʷʰ,consonant,6,0.00276,0.00017,8e-05,1028383,874537,,
strict,tsʼː,consonant,6,0.00276,0.00016,0.00013,1004850,1346763,sʼ(1),
strict,aˠ,vowel,1,0.00046,0.00016,0.0001,1000000,1000000,,
strict,a̙,vowel,1,0.00046,0.00016,0.0001,1000000,1000000,,
strict,a̙ː,vowel,1,0.00046,0.00016,0.0001,1000000,1000000,,
strict,a̙ˠ,vowel,1,0.00046,0.00016,0.0001,1000000,1000000,,
strict,eˠ,vowel,1,0.00046,0.00016,0.0001,1000000,1000000,,
strict,iˠ,vowel,1,0.00046,0.00016,0.0001,1000000,1000000,,
strict,ŋˀ,consonant,1,0.00046,0.00016,8e-05,1000000,869988,,
strict,ɑːi̯,vowel,1,0.00046,0.00016,0.00012,1000000,1237417,,
strict,ɔ̙,vowel,1,0.00046,0.00016,0.0001,1000000,1000000,,
strict,ɔ̙ː,vowel,1,0.00046,0.00016,0.0001,1000000,1000000,,
strict,ɛˠ,vowel,1,0.00046,0.00016,0.0001,1000000,1000000,,
strict,ɛ̙,vowel,1,0.00046,0.00016,0.0001,1000000,1000000,,
strict,ɛ̙ː,vowel,1,0.00046,0.00016,0.0001,1000000,1000000,,
strict,ɛ̙ˠ,vowel,1,0.00046,0.00016,0.0001,1000000,1000000,,
strict,ɪˠ,vowel,1,0.00046,0.00016,0.0001,1000000,1000000,,
strict,ɪ̙,vowel,1,0.00046,0.00016,0.0001,1000000,1000000,e̙(1),
strict,ɪ̙ː,vowel,1,0.00046,0.00016,0.0001,1000000,1000000,,
strict,ɪ̙ˠ,vowel,1,0.00046,0.00016,0.0001,1000000,1000000,,
strict,ɾˀ,consonant,2,0.00092,0.00016,8e-05,1000000,869988,,
strict,ʊ̙,vowel,1,0.00046,0.00016,0.0001,1000000,1000000,,
strict,ʊ̙ː,vowel,1,0.00046,0.00016,0.0001,1000000,1000000,,
strict,tʲʰ,consonant,8,0.00367,0.00016,0.0002,997695,2046540,tʲ(1),
strict,n̠̥t̠ʃ,consonant,1,0.00046,0.00016,0.00022,980000,2226249,,
strict,n̥ʃ,consonant,1,0.00046,0.00016,0.00022,980000,2226249,,
strict,ɱ̥f,consonant,1,0.00046,0.00016,0.00022,980000,2226249,,
strict,lʷ,consonant,27,0.0124,0.00016,0.00017,972000,1776493,lɥ(1),
strict,t̠ʃʷʼ,consonant,5,0.0023,0.00016,8e-05,969698,815852,,
strict,ɛu,vowel,2,0.00092,0.00016,0.00013,961080,1339539,,
strict,ɔ̤ː,vowel,7,0.00322,0.00016,8e-05,960000,851662,,
strict,ɛ̤ː,vowel,7,0.00322,0.00016,8e-05,960000,851662,,
strict,a̤ː,vowel,6,0.00276,0.00015,7e-05,950000,761407,,
strict,e̤ː,vowel,6,0.00276,0.00015,7e-05,950000,761407,,
strict,d̠ʒʷ,consonant,17,0.00781,0.00015,0.00023,942400,2387953,,
strict,o̤ː,vowel,5,0.0023,0.00015,7e-05,940000,751407,,
strict,ʊ̤,vowel,3,0.00138,0.00015,7e-05,920000,731407,,
strict,ɤ̞̃,vowel,3,0.00138,0.00015,0.0001,913600,1047039,ɯ̃(1),
strict,ɵ̤,vowel,2,0.00092,0.00015,7e-05,910000,721407,,
strict,d̪̤|d̤,consonant,2,0.00092,0.00015,0.0001,903600,1037039,,
strict,l̪̤|l̤,consonant,2,0.00092,0.00015,0.0001,903600,1037039,,
strict,n̪̤|n̤,consonant,2,0.00092,0.00015,0.0001,903600,1037039,,
strict,lʼ,consonant,3,0.00138,0.00015,9e-05,900004,900004,,
strict,æ̤,vowel,1,0.00046,0.00015,7e-05,900000,711407,,
strict,æ̤ː,vowel,1,0.00046,0.00015,7e-05,900000,711407,,
strict,ɵ̤ː,vowel,1,0.00046,0.00015,7e-05,900000,711407,,
strict,ʊ̤ː,vowel,1,0.00046,0.00015,7e-05,900000,711407,,
strict,d̪z̪̤|dz̤,consonant,1,0.00046,0.00015,0.0001,893600,1027039,,
strict,lʼː,consonant,1,0.00046,0.00014,9e-05,890000,890000,,
strict,rʼ,consonant,1,0.00046,0.00014,9e-05,890000,890000,,
strict,rʼː,consonant,1,0.00046,0.00014,9e-05,890000,890000,,
strict,ɲʷ,consonant,16,0.00735,0.00014,0.00036,886000,3745970,,
strict,aɯ,vowel,4,0.00184,0.00014,0.00016,880000,1685128,,
strict,ă,vowel,4,0.00184,0.00014,8e-05,875780,875780,ə(1),
strict,dr,consonant,6,0.00276,0.00014,8e-05,875768,875768,,
strict,ŋ̞,consonant,1,0.00046,0.00014,5e-05,871000,556023,,
strict,yə,vowel,2,0.00092,0.00014,7e-05,855100,774213,,
strict,ɯ̞̆,vowel,1,0.00046,0.00014,8e-05,850000,850000,,
strict,ɪə,vowel,2,0.00092,0.00014,7e-05,845170,764283,,
strict,oə,vowel,1,0.00046,0.00014,7e-05,845100,764213,,
strict,ɵə,vowel,1,0.00046,0.00014,7e-05,845100,764213,,
strict,χʲ,consonant,3,0.00138,0.00014,4e-05,833720,417583,,
strict,a̟ː,vowel,5,0.0023,0.00013,0.00011,827380,1169293,ɑ(1),
strict,qʲʼ,consonant,2,0.00092,0.00013,4e-05,823720,407583,,
strict,ë,vowel,4,0.00184,0.00013,8e-05,820000,779185,,
strict,tsʷʰ,consonant,4,0.00184,0.00013,0.00016,810500,1618912,,
strict,ŋɡʷ,consonant,52,0.02389,0.00013,0.00019,802660,1999422,,
strict,tsː,consonant,8,0.00367,0.00013,7e-05,795450,722430,tʃ(1),
strict,ỹ,vowel,7,0.00322,0.00013,0.00024,792005,2529547,,
strict,ɘː,vowel,5,0.0023,0.00013,7e-05,790662,771906,,
strict,dzː,consonant,5,0.0023,0.00013,7e-05,774900,701880,dʒ(1),
strict,qχʼː,consonant,3,0.00138,0.00013,7e-05,773470,682911,,
strict,kxʼː,consonant,2,0.00092,0.00013,7e-05,772500,681941,,
strict,ɹ̺,consonant,86,0.0395,0.00013,7e-05,770573,770573,,
strict,s̪ː|sː,consonant,3,0.00138,0.00012,7e-05,767470,676911,,
strict,t̪s̪ʼː|tsʼː,consonant,2,0.00092,0.00012,7e-05,767470,676911,,
strict,ɬ̪ː|ɬː,consonant,2,0.00092,0.00012,7e-05,767470,676911,,
strict,kxː,consonant,1,0.00046,0.00012,7e-05,766500,675941,,
strict,qχː,consonant,1,0.00046,0.00012,7e-05,766500,675941,,
strict,tsʷʼ,consonant,1,0.00046,0.00012,7e-05,766500,675941,,
strict,tɬʷʰ,consonant,1,0.00046,0.00012,7e-05,766500,675941,,
strict,tɬʷʼ,consonant,1,0.00046,0.00012,7e-05,766500,675941,,
strict,t̪s̪ː|tsː,consonant,2,0.00092,0.00012,7e-05,766500,675941,,
strict,t̪ɬ̪ʼː|tɬʼː,consonant,1,0.00046,0.00012,7e-05,766500,675941,,
strict,t̪ɬ̪ː|tɬː,consonant,1,0.00046,0.00012,7e-05,766500,675941,,
strict,ʜʷ,consonant,1,0.00046,0.00012,7e-05,766500,675941,,
strict,ʢʷ,consonant,1,0.00046,0.00012,7e-05,766500,675941,,
strict,d̠ʓʷ,consonant,2,0.00092,0.00012,6e-05,766010,665730,,
strict,ʆ,consonant,2,0.00092,0.00012,6e-05,766010,665730,,
strict,ʆʷ,consonant,2,0.00092,0.00012,6e-05,766010,665730,,
strict,ʓ,consonant,2,0.00092,0.00012,6e-05,766010,665730,,
strict,ʓʷ,consonant,2,0.00092,0.00012,6e-05,766010,665730,,
strict,ɡǂ,consonant,3,0.00138,0.00012,0.00011,759800,1171734,,
strict,pfʰ,consonant,4,0.00184,0.00012,0.00011,752000,1163934,,
strict,ɔ̆,vowel,2,0.00092,0.00012,0.00018,748070,1840673,ə(1),
strict,ø̆,vowel,1,0.00046,0.00012,0.00018,738070,1830673,,
strict,ḛ,vowel,17,0.00781,0.00012,7e-05,730271,730271,,
strict,o̰,vowel,17,0.00781,0.00012,7e-05,730271,730271,,
strict,ɪu,vowel,1,0.00046,0.00012,9e-05,724000,920985,,
strict,t̪ʷ,consonant,11,0.00505,0.00012,4e-05,723610,385724,,
strict,ɢʷ,consonant,7,0.00322,0.00012,6e-05,723220,660248,,
strict,bzʷ,consonant,1,0.00046,0.00012,0.00011,722000,1133934,,
strict,dlʷ,consonant,1,0.00046,0.00012,0.00011,722000,1133934,,
strict,n̤ʷ,consonant,1,0.00046,0.00012,0.00011,722000,1133934,,
strict,psʷ,consonant,1,0.00046,0.00012,0.00011,722000,1133934,,
strict,psʷʰ,consonant,1,0.00046,0.00012,0.00011,722000,1133934,,
strict,ɖʐʷ,consonant,1,0.00046,0.00012,0.00011,722000,1133934,,
strict,ʈʂʷ,consonant,1,0.00046,0.00012,0.00011,722000,1133934,,
strict,ʐʷ,consonant,1,0.00046,0.00012,0.00011,722000,1133934,,
strict,ɯ̤,vowel,8,0.00367,0.00011,7e-05,679500,679500,ɯ̤i(1),
strict,əʊ,vowel,2,0.00092,0.00011,5e-05,652200,492414,,
strict,ɯ̰,vowel,4,0.00184,0.00011,6e-05,648000,648000,,
strict,t̰,consonant,11,0.00505,0.0001,0.00012,645695,1223161,θ(1) c(1),
strict,ɐː,vowel,8,0.00367,0.0001,9e-05,640000,963255,,
strict,kʷʲ,consonant,1,0.00046,0.0001,3e-05,633610,295724,,
strict,kʷʲʰ,consonant,1,0.00046,0.0001,3e-05,633610,295724,,
strict,kʷʲʼ,consonant,1,0.00046,0.0001,3e-05,633610,295724,,
strict,pʲʼ,consonant,1,0.00046,0.0001,3e-05,633610,295724,,
strict,qʲ,consonant,1,0.00046,0.0001,3e-05,633610,295724,,
strict,qʲʰ,consonant,1,0.00046,0.0001,3e-05,633610,295724,,
strict,qʷʲ,consonant,1,0.00046,0.0001,3e-05,633610,295724,,
strict,qʷʲʰ,consonant,1,0.00046,0.0001,3e-05,633610,295724,,
strict,qʷʲʼ,consonant,1,0.00046,0.0001,3e-05,633610,295724,,
strict,s̪ʲ,consonant,1,0.00046,0.0001,3e-05,633610,295724,,
strict,s̪ʷ,consonant,1,0.00046,0.0001,3e-05,633610,295724,,
strict,s̪ʷʲ,consonant,1,0.00046,0.0001,3e-05,633610,295724,,
strict,t̪s̪ʲʰ,consonant,1,0.00046,0.0001,3e-05,633610,295724,,
strict,t̪s̪ʲʼ,consonant,1,0.00046,0.0001,3e-05,633610,295724,,
strict,t̪s̪ʷ,consonant,1,0.00046,0.0001,3e-05,633610,295724,,
strict,t̪s̪ʷʰ,consonant,1,0.00046,0.0001,3e-05,633610,295724,,
strict,t̪s̪ʷʲ,consonant,1,0.00046,0.0001,3e-05,633610,295724,,
strict,t̪s̪ʷʲʰ,consonant,1,0.00046,0.0001,3e-05,633610,295724,,
strict,t̪s̪ʷʲʼ,consonant,1,0.00046,0.0001,3e-05,633610,295724,,
strict,t̪s̪ʷʼ,consonant,1,0.00046,0.0001,3e-05,633610,295724,,
strict,t̪ʲʰ,consonant,1,0.00046,0.0001,3e-05,633610,295724,,
strict,t̪ʲʼ,consonant,1,0.00046,0.0001,3e-05,633610,295724,,
strict,t̪ʷʰ,consonant,1,0.00046,0.0001,3e-05,633610,295724,,
strict,t̪ʷʲ,consonant,1,0.00046,0.0001,3e-05,633610,295724,,
strict,t̪ʷʲʰ,consonant,1,0.00046,0.0001,3e-05,633610,295724,,
strict,t̪ʷʲʼ,consonant,1,0.00046,0.0001,3e-05,633610,295724,,
strict,t̪ʷʼ,consonant,1,0.00046,0.0001,3e-05,633610,295724,,
strict,z̪ʷ,consonant,1,0.00046,0.0001,3e-05,633610,295724,,
strict,χʷʲ,consonant,1,0.00046,0.0001,3e-05,633610,295724,,
strict,ï,vowel,3,0.00138,0.0001,6e-05,620000,579185,,
strict,xʰ,consonant,3,0.00138,0.0001,6e-05,620000,620000,,
strict,ə̰,vowel,3,0.00138,0.0001,6e-05,617000,617000,,
strict,ʈʂʼ,consonant,9,0.00413,0.0001,0.00013,612358,1387437,,
strict,n̪d̪|nd,consonant,14,0.00643,0.0001,6e-05,612000,603805,,
strict,y̤,vowel,2,0.00092,0.0001,6e-05,610000,610000,,
strict,cçʼ,consonant,5,0.0023,0.0001,6e-05,602810,602810,,
strict,ã̤,vowel,1,0.00046,0.0001,6e-05,600000,600000,,
strict,d̺ː,consonant,1,0.00046,0.0001,5e-05,600000,559185,,
strict,sʲʰ,consonant,1,0.00046,0.0001,6e-05,600000,600000,,
strict,t̺ː,consonant,1,0.00046,0.0001,5e-05,600000,559185,,
strict,y̰,vowel,1,0.00046,0.0001,6e-05,600000,600000,,
strict,ø̤,vowel,1,0.00046,0.0001,6e-05,600000,600000,,
strict,ø̰,vowel,1,0.00046,0.0001,6e-05,600000,600000,,
strict,qχʼ,consonant,4,0.00184,0.0001,5e-05,599920,564623,,
strict,i̘,vowel,2,0.00092,0.0001,0.00014,593410,1467601,ĩ̘(1),
strict,u̙,vowel,2,0.00092,0.0001,0.00014,593410,1467601,ũ̙(1),
strict,tɕʼ,consonant,2,0.00092,0.0001,5e-05,585900,563871,,
strict,ii̯,vowel,2,0.00092,9e-05,0.03677,583410,380250127,ɨ(1),
strict,o̞̙,vowel,1,0.00046,9e-05,0.00014,583410,1457601,,
strict,uu̯,vowel,2,0.00092,9e-05,0.03677,583410,380250127,ɣ(1),
strict,ɑ̙,vowel,1,0.00046,9e-05,0.00014,583410,1457601,,
strict,ɯ̙,vowel,1,0.00046,9e-05,0.00014,583410,1457601,,
strict,ɯ̙i̯,vowel,1,0.00046,9e-05,0.00014,583410,1457601,,
strict,i͓,vowel,1,0.00046,9e-05,9e-05,578000,959949,,
strict,u͓,vowel,1,0.00046,9e-05,9e-05,578000,959949,,
strict,pʷʼ,consonant,1,0.00046,9e-05,5e-05,575900,553871,,
strict,t̠ʆʷ,consonant,1,0.00046,9e-05,5e-05,575900,553871,,
strict,ʆʷʼ,consonant,1,0.00046,9e-05,5e-05,575900,553871,,
strict,ʆʼ,consonant,1,0.00046,9e-05,5e-05,575900,553871,,
strict,ʔʷʼ,consonant,1,0.00046,9e-05,5e-05,575900,553871,,
strict,ʔʼ,consonant,1,0.00046,9e-05,5e-05,575900,553871,,
strict,c̟,consonant,4,0.00184,9e-05,5e-05,560000,555120,ɟ(5) cʰ(1),
strict,ɟ̟,consonant,3,0.00138,9e-05,6e-05,550000,649185,,
strict,ɜː,vowel,3,0.00138,9e-05,5e-05,540103,560501,,
strict,aːu,vowel,2,0.00092,9e-05,7e-05,537080,718555,,
strict,tʲʼ,consonant,2,0.00092,9e-05,5e-05,527000,527000,,
strict,dʷ,consonant,20,0.00919,8e-05,0.00018,514110,1862930,lʷ(1),
strict,t̪̺,consonant,2,0.00092,8e-05,5e-05,512000,497490,,
strict,y̞,vowel,2,0.00092,8e-05,5e-05,512000,497490,,
strict,ð̪̺,consonant,2,0.00092,8e-05,5e-05,512000,497490,,
strict,R,consonant,8,0.00367,8e-05,5e-05,510550,553362,,
strict,t̪ɬ̪,consonant,2,0.00092,8e-05,5e-05,510000,510000,,
strict,t̪ɬ̪ʰ,consonant,2,0.00092,8e-05,5e-05,510000,510000,,
strict,ʱɾ,consonant,3,0.00138,8e-05,5e-05,504900,504900,,
strict,ʱm,consonant,3,0.00138,8e-05,5e-05,504240,504240,,
strict,ɾ̪̊,consonant,1,0.00046,8e-05,5e-05,500000,500000,,
strict,ɾ̪̊ʰ,consonant,1,0.00046,8e-05,5e-05,500000,500000,,
strict,ʱl,consonant,1,0.00046,8e-05,5e-05,500000,500000,,
strict,ʱn̪,consonant,1,0.00046,8e-05,5e-05,500000,500000,,
strict,ʱŋ,consonant,1,0.00046,8e-05,5e-05,500000,500000,,
strict,c̤,consonant,2,0.00092,8e-05,0.00026,488000,2732608,,
strict,k͈,consonant,66,0.03032,8e-05,5e-05,484756,484756,,
strict,p͈,consonant,66,0.03032,8e-05,5e-05,484756,484756,,
strict,m̰,consonant,21,0.00965,7e-05,9e-05,454547,890821,ˀm̥(1),
strict,ȶ͈,consonant,61,0.02802,7e-05,4e-05,452842,452842,,
strict,ȶ͉,consonant,59,0.0271,7e-05,4e-05,432842,432842,,
strict,ø̞̜,vowel,1,0.00046,7e-05,1e-05,431800,112657,,
strict,ø̞̜ː,vowel,1,0.00046,7e-05,1e-05,431800,112657,,
strict,nˤ,consonant,2,0.00092,7e-05,4e-05,422900,452052,,
strict,r̩,consonant,3,0.00138,7e-05,4e-05,415124,415124,,
strict,æːi,vowel,1,0.00046,6e-05,4e-05,391200,449740,,
strict,æːɪ,vowel,1,0.00046,6e-05,4e-05,391200,449740,,
strict,æːʊ,vowel,1,0.00046,6e-05,4e-05,391200,449740,,
strict,ɑɪ,vowel,1,0.00046,6e-05,4e-05,391200,449740,,
strict,ɜi,vowel,1,0.00046,6e-05,4e-05,391200,449740,,
strict,ɜɪ,vowel,1,0.00046,6e-05,4e-05,391200,449740,əɪ(1),
strict,s̪ʼ|sʼ,consonant,6,0.00276,6e-05,8e-05,389500,830223,,
strict,o̞u,vowel,5,0.0023,6e-05,4e-05,389050,418908,,
strict,nts,consonant,9,0.00413,6e-05,0.00275,383120,28400688,ntʃ(1),
strict,ʔˤ,consonant,4,0.00184,6e-05,4e-05,380430,409582,,
strict,äi̯,vowel,3,0.00138,6e-05,4e-05,373002,379038,,
strict,ŋɡʲ,consonant,8,0.00367,6e-05,4e-05,370000,370000,,
strict,ð̺̞,consonant,1,0.00046,6e-05,4e-05,358000,364036,,
strict,øɪ̯,vowel,1,0.00046,6e-05,4e-05,358000,364036,,
strict,ŋˑ,consonant,1,0.00046,6e-05,4e-05,358000,364036,ŋ̥(1),
strict,ʏi̯,vowel,1,0.00046,6e-05,4e-05,358000,364036,,
strict,θ̻,consonant,1,0.00046,6e-05,4e-05,358000,364036,,
strict,jʷ,consonant,23,0.01056,6e-05,0.00014,354000,1439498,jɥ(1),
strict,t̪͉,consonant,40,0.01837,6e-05,3e-05,344841,344841,,
strict,t̪͈,consonant,41,0.01883,6e-05,3e-05,344837,344837,,
strict,t̻s̪̻,consonant,3,0.00138,6e-05,4e-05,343100,425279,,
strict,n̪̥|n̥,consonant,8,0.00367,6e-05,8e-05,342500,777016,,
strict,nr,consonant,1,0.00046,6e-05,4e-05,341270,371128,,
strict,n̪̰|n̰,consonant,6,0.00276,6e-05,3e-05,340720,340720,,
strict,n̪d̪z̪,consonant,4,0.00184,6e-05,4e-05,340000,369850,,
strict,ʡ,consonant,3,0.00138,6e-05,4e-05,338787,367940,,
strict,iːɛ,vowel,2,0.00092,5e-05,4e-05,332900,362052,,
strict,uːʌ,vowel,2,0.00092,5e-05,4e-05,332900,362052,,
strict,nɗ,consonant,3,0.00138,5e-05,3e-05,332000,353052,,
strict,ɾʲ,consonant,19,0.00873,5e-05,0.0002,331255,2077689,ɾ̃ʲ(1) ʝ(1) ɹ(1),
strict,ŋ̰,consonant,5,0.0023,5e-05,3e-05,325235,326679,,
strict,kǀ͓,consonant,5,0.0023,5e-05,4e-05,324800,383203,,
strict,ŋǀ͓,consonant,5,0.0023,5e-05,4e-05,324800,383203,,
strict,rʷ,consonant,20,0.00919,5e-05,0.00017,324000,1743207,,
strict,pˤʰ,consonant,1,0.00046,5e-05,3e-05,322900,352052,,
strict,r̺̥,consonant,1,0.00046,5e-05,3e-05,322900,352052,,
strict,tsˤʰ,consonant,1,0.00046,5e-05,3e-05,322900,352052,,
strict,t̠ʃˤʰ,consonant,1,0.00046,5e-05,3e-05,322900,352052,,
strict,t̠ʃˤʼ,consonant,1,0.00046,5e-05,3e-05,322900,352052,,
strict,t̪ˤʰ,consonant,1,0.00046,5e-05,3e-05,322900,352052,,
strict,t̪ˤʼ,consonant,1,0.00046,5e-05,3e-05,322900,352052,,
strict,vˤ,consonant,1,0.00046,5e-05,3e-05,322900,352052,,
strict,x̠,consonant,1,0.00046,5e-05,3e-05,322900,352052,,
strict,ɔaː,vowel,1,0.00046,5e-05,3e-05,322900,352052,,
strict,ɛ̯æː,vowel,1,0.00046,5e-05,3e-05,322900,352052,,
strict,ʒˤ,consonant,1,0.00046,5e-05,3e-05,322900,352052,ʒ̥ˤ(1) ʃˤ(1),
strict,mɓ,consonant,2,0.00092,5e-05,3e-05,322000,343052,,
strict,ɲ̰,consonant,4,0.00184,5e-05,7e-05,320142,754658,,
strict,ts̪,consonant,3,0.00138,5e-05,1e-05,320000,56579,,
strict,ɯ͓,vowel,2,0.00092,5e-05,3e-05,320000,349850,,
strict,ndr,consonant,5,0.0023,5e-05,3e-05,315000,346048,,
strict,dz̪,consonant,2,0.00092,5e-05,0.0,310000,46579,,
strict,ʼm,consonant,2,0.00092,5e-05,3e-05,310000,310000,,
strict,ʼn,consonant,2,0.00092,5e-05,3e-05,310000,310000,,
strict,ɔ̝,vowel,3,0.00138,5e-05,3e-05,302210,302210,ɔ̤(1),
strict,ŋ̥ʷ,consonant,2,0.00092,5e-05,3e-05,301800,301800,,
strict,aːi,vowel,1,0.00046,5e-05,3e-05,300000,300000,,
strict,ɣ̰,consonant,1,0.00046,5e-05,3e-05,300000,300000,,
strict,ʼb,consonant,1,0.00046,5e-05,3e-05,300000,300000,,
strict,ʼd,consonant,1,0.00046,5e-05,3e-05,300000,300000,,
strict,ʼj,consonant,1,0.00046,5e-05,3e-05,300000,300000,,
strict,ʼw,consonant,1,0.00046,5e-05,3e-05,300000,300000,,
strict,ʼŋ,consonant,1,0.00046,5e-05,3e-05,300000,300000,,
strict,ʼɡ,consonant,1,0.00046,5e-05,3e-05,300000,300000,,
strict,ʼɣ,consonant,1,0.00046,5e-05,3e-05,300000,300000,,
strict,ʼɲ,consonant,1,0.00046,5e-05,3e-05,300000,300000,,
strict,kǂ,consonant,4,0.00184,5e-05,3e-05,297800,356203,,
strict,i̥,vowel,4,0.00184,5e-05,3e-05,292055,292055,ɪ̥(1),
strict,u̥,vowel,4,0.00184,5e-05,3e-05,292055,292055,ʊ̥(1),
strict,ŋǁ͓,consonant,3,0.00138,5e-05,3e-05,290800,349203,,
strict,ŋǃ̠,consonant,3,0.00138,5e-05,3e-05,290800,349203,,
strict,ʈ͉,consonant,43,0.01975,5e-05,3e-05,287842,287842,ɖ(1),
strict,ŋ̥ǀ͓ˀ,consonant,3,0.00138,5e-05,3e-05,284400,342803,,
strict,ŋ̥ǀ͓ʰ,consonant,2,0.00092,5e-05,3e-05,283600,342003,,
strict,ŋ̥ǃ,consonant,2,0.00092,5e-05,3e-05,283600,342003,,
strict,ŋ̥ǃˀ,consonant,2,0.00092,5e-05,3e-05,283600,342003,,
strict,ⱱ,consonant,27,0.0124,5e-05,6e-05,283000,582661,w(1),
strict,t͈,consonant,43,0.01975,5e-05,3e-05,282842,282842,,
strict,tɬ,consonant,13,0.00597,5e-05,3e-05,282535,285237,ɬ(1) tɬʰ(1) dɮ(1),
strict,ɨ̹,vowel,2,0.00092,5e-05,3e-05,281900,279460,,
strict,wʲ,consonant,8,0.00367,4e-05,3e-05,273300,273459,,
strict,ʈ͈,consonant,41,0.01883,4e-05,3e-05,272827,272827,,
strict,eɔ,vowel,2,0.00092,4e-05,1e-05,271000,52674,,
strict,uɪ,vowel,2,0.00092,4e-05,1e-05,271000,52674,,
strict,ya,vowel,2,0.00092,4e-05,0.0,265100,46774,,
strict,aʊɪ,vowel,1,0.00046,4e-05,0.0,261000,42674,,
strict,eəɪ,vowel,1,0.00046,4e-05,0.0,261000,42674,,
strict,iəɪ,vowel,1,0.00046,4e-05,0.0,261000,42674,,
strict,oəɪ,vowel,1,0.00046,4e-05,0.0,261000,42674,,
strict,əɪ,vowel,1,0.00046,4e-05,0.0,261000,42674,,
strict,əɪa,vowel,1,0.00046,4e-05,0.0,261000,42674,,
strict,əʊɪ,vowel,1,0.00046,4e-05,0.0,261000,42674,,
strict,ɭ͓,consonant,1,0.00046,4e-05,3e-05,261000,324100,,
strict,ʕʷ,consonant,3,0.00138,4e-05,3e-05,260004,260004,,
strict,ɗʲ,consonant,2,0.00092,4e-05,3e-05,260000,260000,,
strict,ˀm,consonant,10,0.00459,4e-05,7e-05,259769,723462,,
strict,t̺ʰ,consonant,5,0.0023,4e-05,0.00013,254000,1308850,,
strict,ŋ̥ǁ͓ˀ,consonant,2,0.00092,4e-05,3e-05,250800,309203,,
strict,ŋ̥ǃ̠ˀ,consonant,2,0.00092,4e-05,3e-05,250800,309203,,
strict,kǀ͓ˠʰ,consonant,1,0.00046,4e-05,3e-05,250000,308403,,
strict,kǁ͓xʰ,consonant,1,0.00046,4e-05,3e-05,250000,308403,,
strict,kǃxʰ,consonant,1,0.00046,4e-05,3e-05,250000,308403,,
strict,kǃ̠xʰ,consonant,1,0.00046,4e-05,3e-05,250000,308403,,
strict,ŋ̥ǁ͓ʰ,consonant,1,0.00046,4e-05,3e-05,250000,308403,,
strict,ŋ̥ǃ̠ʰ,consonant,1,0.00046,4e-05,3e-05,250000,308403,,
strict,ɲj,consonant,2,0.00092,4e-05,2e-05,250000,250000,,
strict,øu,vowel,2,0.00092,4e-05,4e-05,247080,428555,,
strict,nd̪,consonant,2,0.00092,4e-05,3e-05,247000,265133,,
strict,ˀn,consonant,8,0.00367,4e-05,3e-05,239769,268946,,
strict,χʷˤ,consonant,3,0.00138,4e-05,2e-05,238480,160229,,
strict,χˤ,consonant,3,0.00138,4e-05,2e-05,238480,160229,,
strict,t̪ʲ|tʲ,consonant,5,0.0023,4e-05,2e-05,232200,231897,,
strict,ˀj,consonant,8,0.00367,4e-05,6e-05,229869,666312,,
strict,t̪ɬ̪ʼ|tɬʼ,consonant,10,0.00459,4e-05,2e-05,222564,225266,,
strict,l̪ʲ|lʲ,consonant,4,0.00184,4e-05,2e-05,222200,221897,,
strict,r̺ʲ,consonant,1,0.00046,4e-05,2e-05,219000,219000,,
strict,œ̞ɛ̞,vowel,1,0.00046,4e-05,2e-05,219000,219000,,
strict,ɤ̟,vowel,1,0.00046,4e-05,2e-05,219000,219000,,
strict,ɾˠ,consonant,2,0.00092,3e-05,0.00013,201130,1329355,ɾ̃ˠ(1) ɹ(1) ɹˠ(1),
strict,ëː,vowel,1,0.00046,3e-05,2e-05,200000,200000,,
strict,t̠ʃ͉,consonant,3,0.00138,3e-05,2e-05,200000,200000,tʃ(1) dʒ͉(1) dʒ(1),
strict,ue,vowel,9,0.00413,3e-05,2e-05,193656,179089,ɣue(1),
strict,t̺͈,consonant,22,0.01011,3e-05,2e-05,191914,191914,,
strict,t̺͉,consonant,22,0.01011,3e-05,2e-05,191914,191914,,
strict,t̪ɬ̪|tɬ,consonant,5,0.0023,3e-05,2e-05,191594,194296,,
strict,d̠ʓ,consonant,1,0.00046,3e-05,1e-05,190110,111859,,
strict,t̠ʆ,consonant,1,0.00046,3e-05,1e-05,190110,111859,,
strict,t̠ʆʰ,consonant,1,0.00046,3e-05,1e-05,190110,111859,,
strict,t̠ʆʷʰ,consonant,1,0.00046,3e-05,1e-05,190110,111859,,
strict,t̠ʆʷʼ,consonant,1,0.00046,3e-05,1e-05,190110,111859,,
strict,ɥˤ,consonant,1,0.00046,3e-05,1e-05,190110,111859,,
strict,ʁʲ,consonant,1,0.00046,3e-05,1e-05,190110,111859,,
strict,ŋ̤,consonant,2,0.00092,3e-05,2e-05,189467,189467,,
strict,ɨ˞,vowel,2,0.00092,3e-05,2e-05,185000,185000,ɨ̥˞(1),
strict,d̪ɮ̪|dɮ,consonant,5,0.0023,3e-05,2e-05,180269,181882,,
strict,χʷː,consonant,3,0.00138,3e-05,1e-05,175790,112504,χ(1),
strict,t͉s,consonant,1,0.00046,3e-05,2e-05,175000,175000,d͉z(1),
strict,qʷː,consonant,2,0.00092,3e-05,1e-05,174820,111534,q(1),
strict,xʷː,consonant,2,0.00092,3e-05,1e-05,174820,111534,,
strict,e̞ˤ,vowel,4,0.00184,3e-05,1e-05,170168,106882,,
strict,ɸʰ,consonant,1,0.00046,3e-05,2e-05,159200,159200,,
strict,ɸː,consonant,1,0.00046,3e-05,2e-05,159200,159200,,
strict,ʃʷː,consonant,2,0.00092,3e-05,1e-05,155790,92504,,
strict,mbʲ,consonant,4,0.00184,3e-05,1e-05,155000,155000,,
strict,t̠ʃʷː,consonant,1,0.00046,3e-05,1e-05,154820,91534,,
strict,æˤ,vowel,1,0.00046,3e-05,1e-05,154820,91534,,
strict,ø̞ˤ,vowel,1,0.00046,3e-05,1e-05,154820,91534,,
strict,bˠ,consonant,2,0.00092,2e-05,0.00012,151000,1264050,b̥ˠ(1),
strict,j̟,consonant,1,0.00046,2e-05,1e-05,150000,150000,,
strict,n̠ʒ,consonant,2,0.00092,2e-05,1e-05,150000,150000,ndʒ(1) ntʃʰ(1),
strict,ɸʲ,consonant,2,0.00092,2e-05,1e-05,150000,150000,ɸ(1),
strict,i̯e̞,vowel,1,0.00046,2e-05,1e-05,148720,118784,,
strict,ɯi̯,vowel,1,0.00046,2e-05,1e-05,148720,118784,,
strict,ɯ̯ɤ̞,vowel,1,0.00046,2e-05,1e-05,148720,118784,,
strict,r̠ʲ,consonant,2,0.00092,2e-05,1e-05,144000,144000,,
strict,ɪɛ,vowel,2,0.00092,2e-05,1e-05,142000,142000,,
strict,d̪ˠ,consonant,1,0.00046,2e-05,0.00012,141000,1254050,d̥ˠ(1),
strict,fˠ,consonant,1,0.00046,2e-05,0.00012,141000,1254050,,
strict,n̪ˠ,consonant,1,0.00046,2e-05,0.00012,141000,1254050,n̥ˠ(1),
strict,mbʷ,consonant,14,0.00643,2e-05,1e-05,140000,138980,,
strict,ɓʷ,consonant,2,0.00092,2e-05,1e-05,140000,140000,,
strict,ɗʷ,consonant,2,0.00092,2e-05,1e-05,140000,140000,,
strict,ɺʲ,consonant,1,0.00046,2e-05,1e-05,140000,140000,ɺ̥ʲ(1),
strict,ʊɔ,vowel,1,0.00046,2e-05,1e-05,140000,140000,,
strict,d̰,consonant,8,0.00367,2e-05,1e-05,132350,132350,nd(1) d(1) n(1) t(1),
strict,d̪̚,consonant,1,0.00046,2e-05,1e-05,130000,130000,,
strict,s̪ʲ|sʲ,consonant,2,0.00092,2e-05,1e-05,125600,125297,,
strict,iɑ,vowel,5,0.0023,2e-05,1e-05,125000,125000,,
strict,n̪d̪ʲ|ndʲ,consonant,1,0.00046,2e-05,1e-05,125000,125000,,
strict,t̪ʲʰ|tʲʰ,consonant,1,0.00046,2e-05,1e-05,125000,125000,,
strict,ɬ̪ʲ|ɬʲ,consonant,1,0.00046,2e-05,1e-05,125000,125000,,
strict,ɺ̠,consonant,6,0.00276,2e-05,1e-05,122520,122520,,
strict,ɖɽ,consonant,2,0.00092,2e-05,1e-05,110000,110000,,
strict,ɳɖɽ,consonant,2,0.00092,2e-05,1e-05,110000,110000,,
strict,ɻʷ,consonant,12,0.00551,2e-05,1e-05,110000,110000,,
strict,ʈɽ,consonant,2,0.00092,2e-05,1e-05,110000,110000,,
strict,vʷ,consonant,9,0.00413,2e-05,0.00015,104000,1523207,,
strict,œ̃ː,vowel,2,0.00092,2e-05,1e-05,102000,102000,,
strict,aːu̯,vowel,1,0.00046,2e-05,1e-05,100000,100000,,
strict,nˤː,consonant,1,0.00046,2e-05,1e-05,100000,100000,,
strict,u̯ɔː,vowel,1,0.00046,2e-05,1e-05,100000,100000,,
strict,øy̯,vowel,1,0.00046,2e-05,1e-05,100000,100000,,
strict,øːy̯,vowel,1,0.00046,2e-05,1e-05,100000,100000,,
strict,ɒːi̯,vowel,1,0.00046,2e-05,1e-05,100000,100000,,
strict,ɒ̃ː,vowel,1,0.00046,2e-05,1e-05,100000,100000,,
strict,d̪ʲ|dʲ,consonant,2,0.00092,2e-05,1e-05,96600,96297,,
strict,ỹː,vowel,4,0.00184,1e-05,1e-05,92000,92000,,
strict,ɬː,consonant,5,0.0023,1e-05,1e-05,91980,91459,,
strict,uɛ,vowel,4,0.00184,1e-05,1e-05,90130,105305,,
strict,l̪ʷ,consonant,10,0.00459,1e-05,1e-05,90000,90000,,
strict,ø̃ː,vowel,3,0.00138,1e-05,1e-05,90000,90000,,
strict,ɭʷ,consonant,10,0.00459,1e-05,1e-05,90000,90000,,
strict,ʊɪ,vowel,3,0.00138,1e-05,1e-05,89150,93079,,
strict,üː,vowel,3,0.00138,1e-05,1e-05,86500,106649,,
strict,ḭu,vowel,1,0.00046,1e-05,1e-05,85000,85000,ḭṵ(1),
strict,t̠͉ʃ,consonant,1,0.00046,1e-05,1e-05,85000,85000,,
strict,ɪ̃ː,vowel,6,0.00276,1e-05,4e-05,83723,398559,,
strict,t̠,consonant,9,0.00413,1e-05,1e-05,83500,83500,,
strict,ɟ̰,consonant,3,0.00138,1e-05,1e-05,82100,82100,,
strict,ɯ̃ː,vowel,4,0.00184,1e-05,1e-05,80185,95360,,
strict,d̟ʑ̟,consonant,1,0.00046,1e-05,1e-05,80000,80000,ɟ(1),
strict,d̟ːʑ̟,consonant,1,0.00046,1e-05,1e-05,80000,80000,,
strict,n̪ʷ,consonant,9,0.00413,1e-05,1e-05,80000,80000,,
strict,n̪ː,consonant,1,0.00046,1e-05,1e-05,80000,80000,,
strict,tsʷ,consonant,8,0.00367,1e-05,7e-05,80000,773958,tʃʷ(1),
strict,t̟ɕ̟,consonant,1,0.00046,1e-05,1e-05,80000,80000,,
strict,t̟ːɕ̟,consonant,1,0.00046,1e-05,1e-05,80000,80000,,
strict,ŋkʷ,consonant,8,0.00367,1e-05,0.00014,80000,1498187,ŋɡʷ(1),
strict,ȴʷ,consonant,9,0.00413,1e-05,1e-05,80000,80000,,
strict,ȵʷ,consonant,9,0.00413,1e-05,1e-05,80000,80000,,
strict,ȶʷ,consonant,9,0.00413,1e-05,1e-05,80000,80000,,
strict,ɕ̟ː,consonant,1,0.00046,1e-05,1e-05,80000,80000,,
strict,ɳɡ,consonant,1,0.00046,1e-05,1e-05,80000,80000,,
strict,ɳɡʷ,consonant,1,0.00046,1e-05,1e-05,80000,80000,,
strict,ɳʷ,consonant,9,0.00413,1e-05,1e-05,80000,80000,,
strict,ʈʷ,consonant,9,0.00413,1e-05,1e-05,80000,80000,,
strict,uɑ,vowel,6,0.00276,1e-05,1e-05,79700,58182,,
strict,ɛɪ,vowel,2,0.00092,1e-05,0.0001,79150,989193,,
strict,tr,consonant,6,0.00276,1e-05,1e-05,78700,78700,r(1),
strict,ö,vowel,2,0.00092,1e-05,1e-05,76500,96649,u(1) ə(1),
strict,ʋʲ,consonant,1,0.00046,1e-05,1e-05,74499,68046,,
strict,kǀ͓ʰ,consonant,3,0.00138,1e-05,1e-05,74400,74400,,
strict,ɡǀ͓,consonant,2,0.00092,1e-05,1e-05,73600,73600,,
strict,ä̠,vowel,2,0.00092,1e-05,2e-05,73100,157720,,
strict,mpʰ,consonant,8,0.00367,1e-05,8e-05,70800,875928,,
strict,ðʲ,consonant,3,0.00138,1e-05,1e-05,70550,85924,,
strict,d̥ʑ̥,consonant,2,0.00092,1e-05,1e-05,70500,70500,,
strict,ɤi,vowel,2,0.00092,1e-05,1e-05,70130,85305,,
strict,ɢ̥,consonant,2,0.00092,1e-05,1e-05,70093,70093,,
strict,d̥ʒ̊,consonant,1,0.00046,1e-05,1e-05,70000,70000,,
strict,ndʷ,consonant,7,0.00322,1e-05,1e-05,70000,70000,,
strict,r̃,consonant,7,0.00322,1e-05,1e-05,70000,70000,n(1),
strict,wˀ,consonant,7,0.00322,1e-05,4e-05,70000,369661,,
strict,ɖ̥ʐ̥,consonant,1,0.00046,1e-05,1e-05,70000,70000,,
strict,ʰkʰ,consonant,1,0.00046,1e-05,1e-05,70000,70000,,
strict,ʰpʰ,consonant,1,0.00046,1e-05,1e-05,70000,70000,,
strict,ʰqʰ,consonant,1,0.00046,1e-05,1e-05,70000,70000,,
strict,ʰsʰ,consonant,1,0.00046,1e-05,1e-05,70000,70000,,
strict,ʰtsʰ,consonant,1,0.00046,1e-05,1e-05,70000,70000,,
strict,ʰtɕʰ,consonant,1,0.00046,1e-05,1e-05,70000,70000,,
strict,ʰtʰ,consonant,1,0.00046,1e-05,1e-05,70000,70000,,
strict,ʰt̠ʃʰ,consonant,1,0.00046,1e-05,1e-05,70000,70000,,
strict,ʰʈʂʰ,consonant,1,0.00046,1e-05,1e-05,70000,70000,,
strict,ɔa,vowel,1,0.00046,1e-05,1e-05,69150,72984,,
strict,ɛa,vowel,1,0.00046,1e-05,1e-05,69150,72984,,
strict,ʉu,vowel,1,0.00046,1e-05,1e-05,69150,72984,,
strict,ˀb,consonant,4,0.00184,1e-05,1e-05,69000,69000,ˀbʷ(1) ʔ(1),
strict,βʲ,consonant,7,0.00322,1e-05,1e-05,66900,66900,β̃ʲ(1),
strict,tːs,consonant,3,0.00138,1e-05,1e-05,66200,65679,tʃ(1),
strict,ˀɲ,consonant,5,0.0023,1e-05,5e-05,65700,527466,,
strict,ao̞,vowel,3,0.00138,1e-05,1e-05,64600,64600,,
strict,dzʷ,consonant,5,0.0023,1e-05,9e-05,64000,962971,,
strict,aˤ,vowel,6,0.00276,1e-05,1e-05,63148,63148,,
strict,ɘ̠,vowel,1,0.00046,1e-05,0.0,63100,43655,,
strict,ɨ̠,vowel,1,0.00046,1e-05,0.0,63100,43655,,
strict,t̺s̺,consonant,5,0.0023,1e-05,9e-05,62000,975402,,
strict,ʁˤ,consonant,3,0.00138,1e-05,1e-05,60837,60837,,
strict,ii,vowel,2,0.00092,1e-05,1e-05,60550,75924,,
strict,ˀw,consonant,7,0.00322,1e-05,5e-05,60500,495331,,
strict,ẽɪ̃,vowel,1,0.00046,1e-05,1e-05,60130,75305,,
strict,nˠ,consonant,1,0.00046,1e-05,1e-05,60130,75305,,
strict,ũã,vowel,1,0.00046,1e-05,1e-05,60130,75305,,
strict,u̠u,vowel,1,0.00046,1e-05,1e-05,60130,75305,,
strict,ɛ̃ũ,vowel,1,0.00046,1e-05,1e-05,60130,75305,,
strict,ɪ̃ə̃,vowel,1,0.00046,1e-05,1e-05,60130,75305,,
strict,cʷ,consonant,6,0.00276,1e-05,1e-05,60000,60000,,
strict,ntʰ,consonant,6,0.00276,1e-05,8e-05,60000,865128,,
strict,ŋkʰ,consonant,6,0.00276,1e-05,8e-05,60000,865128,,
strict,qˤʼ,consonant,2,0.00092,1e-05,1e-05,59867,59867,,
strict,ɑu,vowel,6,0.00276,1e-05,1e-05,59100,59100,,
strict,l̰,consonant,11,0.00505,1e-05,1e-05,58875,60633,,
strict,N,consonant,9,0.00413,1e-05,1e-05,57450,57450,,
strict,s̻ː,consonant,1,0.00046,1e-05,1e-05,56200,55679,,
strict,ɬ̪ː,consonant,1,0.00046,1e-05,1e-05,56200,55679,,
strict,ɴː,consonant,1,0.00046,1e-05,1e-05,56200,55679,,
strict,ʰk,consonant,8,0.00367,1e-05,1e-05,54660,83081,xk(1) hk(1) k̥(1) çk(1),
strict,ʰt,consonant,8,0.00367,1e-05,1e-05,54660,83081,θt(1) ht(1) t̥(1) çt(1),
strict,ɟʷ,consonant,4,0.00184,1e-05,1e-05,54000,54000,,
strict,ɻʲ,consonant,4,0.00184,1e-05,1e-05,54000,54000,,
strict,ʰp,consonant,7,0.00322,1e-05,1e-05,53760,82181,hp(1) p̥(1) çp(1),
strict,dʼ,consonant,3,0.00138,1e-05,1e-05,53600,53600,,
strict,l̪̰|l̰,consonant,6,0.00276,1e-05,1e-05,52100,52100,,
strict,n̰,consonant,12,0.00551,1e-05,1e-05,50947,52705,,
strict,e̝,vowel,5,0.0023,1e-05,0.0,50000,50000,,
strict,kpʷ,consonant,5,0.0023,1e-05,0.0,50000,50000,,
strict,kǁʼ,consonant,2,0.00092,1e-05,0.0,50000,50000,,
strict,kǃʼ,consonant,2,0.00092,1e-05,0.0,50000,50000,,
strict,l̠,consonant,5,0.0023,1e-05,0.0,50000,50000,,
strict,n̠t̠ʃʰ,consonant,5,0.0023,1e-05,8e-05,50000,855128,,
strict,ŋmkp,consonant,5,0.0023,1e-05,0.0,50000,50000,ŋmɡb(1),
strict,ɺ̺̠,consonant,6,0.00276,1e-05,0.0,50000,50000,,
strict,ˀd,consonant,2,0.00092,1e-05,0.0,50000,50000,,
strict,u̯e,vowel,3,0.00138,1e-05,0.0002,48500,2090552,,
strict,s̪ʷ|sʷ,consonant,2,0.00092,1e-05,0.0,48370,48370,,
strict,t̪s̪ʷʰ|tsʷʰ,consonant,2,0.00092,1e-05,0.0,48370,48370,,
strict,t̪s̪ʷʼ|tsʷʼ,consonant,2,0.00092,1e-05,0.0,48370,48370,,
strict,ʁʷˤ,consonant,2,0.00092,1e-05,0.0,48370,48370,,
strict,kǃx,consonant,3,0.00138,1e-05,0.0,47800,47800,,
strict,ɡǃx,consonant,3,0.00138,1e-05,0.0,47800,47800,,
strict,qʷˤʰ,consonant,1,0.00046,1e-05,0.0,47400,47400,,
strict,qʷˤʼ,consonant,1,0.00046,1e-05,0.0,47400,47400,,
strict,qˤʰ,consonant,1,0.00046,1e-05,0.0,47400,47400,,
strict,ɢʷˤ,consonant,1,0.00046,1e-05,0.0,47400,47400,,
strict,ɢˤ,consonant,1,0.00046,1e-05,0.0,47400,47400,,
strict,ʰt̠ʃ,consonant,5,0.0023,1e-05,1e-05,46480,74901,ʃtʃ(1) htʃ(1) t̥ʃ(1) çtʃ(1),
strict,bβ,consonant,2,0.00092,1e-05,5e-05,44152,467677,,
strict,ũĩ,vowel,3,0.00138,1e-05,2e-05,43620,170559,,
strict,ãˤ,vowel,2,0.00092,1e-05,0.0,43600,43600,,
strict,d̠ʒʼ,consonant,2,0.00092,1e-05,0.0,43600,43600,,
strict,ɡʼ,consonant,2,0.00092,1e-05,0.0,43600,43600,,
strict,u̯a,vowel,4,0.00184,1e-05,1e-05,43500,59586,,
strict,ʰts,consonant,5,0.0023,1e-05,1e-05,43030,70280,hts(1) t̥s(1) çts(1),
strict,t̪θʼ,consonant,4,0.00184,1e-05,0.0,41325,33811,θʼ(1),
strict,kǁ͓ʰ,consonant,2,0.00092,1e-05,0.0,40800,40800,,
strict,kǃ̠ʰ,consonant,2,0.00092,1e-05,0.0,40800,40800,,
strict,dɮ,consonant,3,0.00138,1e-05,0.0,40580,40895,,
strict,ˀl,consonant,5,0.0023,1e-05,0.0,40500,40815,,
strict,ŋʲ,consonant,7,0.00322,1e-05,0.0,40102,39799,,
strict,r̺͈,consonant,5,0.0023,1e-05,0.0,40005,40005,,
strict,kǀ͓ˀ,consonant,1,0.00046,1e-05,0.0,40000,40000,,
strict,kǁ͓ˀ,consonant,1,0.00046,1e-05,0.0,40000,40000,,
strict,kǃ̠ˀ,consonant,1,0.00046,1e-05,0.0,40000,40000,,
strict,ntsʰ,consonant,4,0.00184,1e-05,8e-05,40000,845128,,
strict,ps,consonant,4,0.00184,1e-05,9e-05,40000,938971,,
strict,u̯ə,vowel,2,0.00092,1e-05,0.0,40000,40000,,
strict,u̯ɛ,vowel,2,0.00092,1e-05,0.0002,40000,2065966,,
strict,yi̯,vowel,2,0.00092,1e-05,0.0002,40000,2065966,,
strict,ɠɓ,consonant,4,0.00184,1e-05,0.0,40000,40000,ɓʷ(1),
strict,ɡǁ͓,consonant,1,0.00046,1e-05,0.0,40000,40000,,
strict,ɡǃ̠,consonant,1,0.00046,1e-05,0.0,40000,40000,,
strict,ɥ̃,consonant,4,0.00184,1e-05,0.0,40000,40000,,
strict,ɲʒ,consonant,4,0.00184,1e-05,0.0,40000,40000,,
strict,ɾʷ,consonant,4,0.00184,1e-05,0.0,40000,40000,,
strict,ʌ̤,vowel,4,0.00184,1e-05,1e-05,40000,120255,,
strict,βʷ,consonant,4,0.00184,1e-05,0.0,40000,38980,,
strict,o̞ˤ,vowel,3,0.00138,1e-05,0.0,38948,38948,,
strict,i̯au̯,vowel,2,0.00092,1e-05,0.0002,38500,2080552,,
strict,u̯ei̯,vowel,2,0.00092,1e-05,0.0002,38500,2080552,,
strict,kǂx,consonant,2,0.00092,1e-05,0.0,37800,37800,,
strict,kǂʰ,consonant,2,0.00092,1e-05,0.0,37800,37800,qǂʰ(1),
strict,ŋǂ,consonant,2,0.00092,1e-05,0.0,37800,37800,,
strict,ɡǂx,consonant,2,0.00092,1e-05,0.0,37800,37800,,
strict,ŭ,vowel,4,0.00184,1e-05,5e-05,35780,499736,y(1),
strict,ðː,consonant,3,0.00138,1e-05,1e-05,35750,63000,,
strict,tx,consonant,5,0.0023,1e-05,0.0,35725,36814,,
strict,iæ,vowel,1,0.00046,1e-05,0.0,35600,14082,,
strict,uo̞,vowel,1,0.00046,1e-05,0.0,35600,14082,,
strict,yæ,vowel,1,0.00046,1e-05,0.0,35600,14082,,
strict,yø̞,vowel,1,0.00046,1e-05,0.0,35600,14082,,
strict,cʷʰ,consonant,2,0.00092,1e-05,0.0,34000,34000,,
strict,wʱ,consonant,2,0.00092,1e-05,0.0,33800,33800,,
strict,jʱ,consonant,1,0.00046,1e-05,0.0,33700,33700,,
strict,ɗʱ,consonant,1,0.00046,1e-05,0.0,33700,33700,ɽʱ(1),
strict,õ̞ĩ,vowel,2,0.00092,1e-05,0.0,33620,33620,,
strict,ae̞ˤ,vowel,1,0.00046,1e-05,0.0,33600,33600,,
strict,ao̞ˤ,vowel,1,0.00046,1e-05,0.0,33600,33600,,
strict,ãẽ̞ˤ,vowel,1,0.00046,1e-05,0.0,33600,33600,,
strict,ãõ̞ˤ,vowel,1,0.00046,1e-05,0.0,33600,33600,,
strict,ãˤː,vowel,1,0.00046,1e-05,0.0,33600,33600,,
strict,bʼ,consonant,1,0.00046,1e-05,0.0,33600,33600,,
strict,dzʼ,consonant,1,0.00046,1e-05,0.0,33600,33600,,
strict,dzˠ,consonant,1,0.00046,1e-05,0.0,33600,33600,,
strict,dz̤,consonant,1,0.00046,1e-05,0.0,33600,33600,,
strict,d̠ʒˠ,consonant,1,0.00046,1e-05,0.0,33600,33600,,
strict,ẽ̞ĩ,vowel,1,0.00046,1e-05,0.0,33600,33600,,
strict,ẽ̞ũ,vowel,1,0.00046,1e-05,0.0,33600,33600,,
strict,kǀ͓x,consonant,1,0.00046,1e-05,0.0,33600,33600,,
strict,kǂ͓ˡ,consonant,1,0.00046,1e-05,0.0,33600,33600,,
strict,kǂ͓ˡx,consonant,1,0.00046,1e-05,0.0,33600,33600,,
strict,kǂ͓ˡʰ,consonant,1,0.00046,1e-05,0.0,33600,33600,,
strict,o̞a,vowel,1,0.00046,1e-05,0.0,33600,33600,,
strict,o̞aˤ,vowel,1,0.00046,1e-05,0.0,33600,33600,,
strict,o̞e̞,vowel,1,0.00046,1e-05,0.0,33600,33600,,
strict,o̞iˤ,vowel,1,0.00046,1e-05,0.0,33600,33600,,
strict,o̞ˤː,vowel,1,0.00046,1e-05,0.0,33600,33600,,
strict,õ̞ã,vowel,1,0.00046,1e-05,0.0,33600,33600,,
strict,õ̞ãˤ,vowel,1,0.00046,1e-05,0.0,33600,33600,,
strict,õ̞ĩˤ,vowel,1,0.00046,1e-05,0.0,33600,33600,,
strict,õ̞ˤ,vowel,1,0.00046,1e-05,0.0,33600,33600,,
strict,tsˠ,consonant,1,0.00046,1e-05,0.0,33600,33600,,
strict,t̠ʃˠ,consonant,1,0.00046,1e-05,0.0,33600,33600,,
strict,ŋǂ͓ˡ,consonant,1,0.00046,1e-05,0.0,33600,33600,,
strict,ŋˤ,consonant,1,0.00046,1e-05,0.0,33600,33600,,
strict,ŋ̤ǀ͓,consonant,1,0.00046,1e-05,0.0,33600,33600,,
strict,ŋ̤ǂ,consonant,1,0.00046,1e-05,0.0,33600,33600,,
strict,ŋ̤ǂ͓ˡ,consonant,1,0.00046,1e-05,0.0,33600,33600,,
strict,ŋ̥ǀ͓xˀ,consonant,1,0.00046,1e-05,0.0,33600,33600,,
strict,ŋ̥ǂxˀ,consonant,1,0.00046,1e-05,0.0,33600,33600,,
strict,ŋ̥ǂʰ,consonant,1,0.00046,1e-05,0.0,33600,33600,,
strict,ŋ̥ǂˀ,consonant,1,0.00046,1e-05,0.0,33600,33600,,
strict,ŋ̥ǂ͓ˡxˀ,consonant,1,0.00046,1e-05,0.0,33600,33600,,
strict,ŋ̥ǂ͓ˡʰ,consonant,1,0.00046,1e-05,0.0,33600,33600,,
strict,ŋ̥ǂ͓ˡˀ,consonant,1,0.00046,1e-05,0.0,33600,33600,,
strict,ŋ̥ǃˠˀ,consonant,1,0.00046,1e-05,0.0,33600,33600,,
strict,ɔ̃ˤː,vowel,1,0.00046,1e-05,0.0,33600,33600,,
strict,ɡǀ͓x,consonant,1,0.00046,1e-05,0.0,33600,33600,,
strict,ɡǂ͓ˡ,consonant,1,0.00046,1e-05,0.0,33600,33600,,
strict,ɡǂ͓ˡx,consonant,1,0.00046,1e-05,0.0,33600,33600,,
strict,ɡ̤ǀ͓,consonant,1,0.00046,1e-05,0.0,33600,33600,,
strict,ɡ̤ǂ,consonant,1,0.00046,1e-05,0.0,33600,33600,,
strict,ɡ̤ǂ͓ˡ,consonant,1,0.00046,1e-05,0.0,33600,33600,,
strict,ɡ̰ǀ͓x,consonant,1,0.00046,1e-05,0.0,33600,33600,,
strict,ɡ̰ǂx,consonant,1,0.00046,1e-05,0.0,33600,33600,,
strict,ɡ̰ǂ͓ˡx,consonant,1,0.00046,1e-05,0.0,33600,33600,,
strict,ɡ̰ǃx,consonant,1,0.00046,1e-05,0.0,33600,33600,,
strict,ɨi,vowel,6,0.00276,1e-05,0.0,33075,33075,,
strict,ʛ̥,consonant,1,0.00046,1e-05,1e-05,33000,56591,,
strict,ɬʲ,consonant,5,0.0023,1e-05,3e-05,32107,325806,,
strict,ɭ̥,consonant,3,0.00138,1e-05,0.0,31900,31900,,
strict,ɤ̤,vowel,4,0.00184,1e-05,0.0,31500,31500,,
strict,t̪θ,consonant,3,0.00138,1e-05,4e-05,31325,455940,,
strict,j̪,consonant,5,0.0023,0.0,0.0,30487,30487,,
strict,q̰,consonant,5,0.0023,0.0,0.0,30145,26717,,
strict,ts̰,consonant,5,0.0023,0.0,0.0,30145,26717,,
strict,t̠ʃ̰,consonant,6,0.00276,0.0,0.0,30145,26717,,
strict,ʉ̃,vowel,4,0.00184,0.0,0.0,30054,30054,,
strict,dzʱ,consonant,4,0.00184,0.0,2e-05,30007,184292,dz̤(1) dʑ̤(1),
strict,ɛi̯,vowel,2,0.00092,0.0,0.0002,30002,2055968,,
strict,a̤ˑ,vowel,3,0.00138,0.0,0.0,30000,30000,,
strict,cʲ,consonant,3,0.00138,0.0,0.0,30000,30000,,
strict,eə,vowel,1,0.00046,0.0,0.0,30000,30000,,
strict,e̤ˑ,vowel,3,0.00138,0.0,0.0,30000,30000,,
strict,iaː,vowel,3,0.00138,0.0,0.0,30000,30000,,
strict,i̤ˑ,vowel,3,0.00138,0.0,0.0,30000,30000,,
strict,i̯ei̯,vowel,1,0.00046,0.0,0.0002,30000,2055966,,
strict,i̯ɛi̯,vowel,1,0.00046,0.0,0.0002,30000,2055966,,
strict,kpʲ,consonant,3,0.00138,0.0,0.0,30000,30000,,
strict,nsʷ,consonant,3,0.00138,0.0,0.00014,30000,1449207,,
strict,ntʷ,consonant,3,0.00138,0.0,0.0,30000,30000,,
strict,nɡ,consonant,3,0.00138,0.0,0.0,30000,30000,,
strict,n̠d̠,consonant,3,0.00138,0.0,1e-05,30000,72812,,
strict,n̪t̪,consonant,3,0.00138,0.0,0.0,30000,30000,,
strict,oe̞,vowel,1,0.00046,0.0,0.0,30000,30000,,
strict,o̝,vowel,3,0.00138,0.0,0.0,30000,30000,,
strict,qʼː,consonant,2,0.00092,0.0,0.0,30000,30000,ʛ(1) ʛ̥(1),
strict,ṳˑ,vowel,3,0.00138,0.0,0.0,30000,30000,,
strict,u̯eu̯,vowel,1,0.00046,0.0,0.0002,30000,2055966,,
strict,u̯ɛi̯,vowel,1,0.00046,0.0,0.0002,30000,2055966,,
strict,ŋɣ,consonant,3,0.00138,0.0,0.0,30000,30000,,
strict,ɔu̯,vowel,1,0.00046,0.0,0.0002,30000,2055966,,
strict,ɔ̤ˑ,vowel,3,0.00138,0.0,0.0,30000,30000,,
strict,ɖr,consonant,3,0.00138,0.0,0.0,30000,30000,ɖrʷ(1) ɖrʲ(1),
strict,ɛ̤ˑ,vowel,3,0.00138,0.0,0.0,30000,30000,,
strict,ɟʝʷ,consonant,3,0.00138,0.0,4e-05,30000,365891,,
strict,ɟʲ,consonant,3,0.00138,0.0,0.0,30000,30000,,
strict,ɨə,vowel,3,0.00138,0.0,0.0,30000,30000,,
strict,ɨ̆,vowel,3,0.00138,0.0,5e-05,30000,493956,,
strict,ɲc,consonant,3,0.00138,0.0,8e-05,30000,835128,,
strict,ɳʈʂʰ,consonant,3,0.00138,0.0,8e-05,30000,835128,,
strict,ɴqʰ,consonant,3,0.00138,0.0,8e-05,30000,835128,,
strict,ʈr,consonant,3,0.00138,0.0,0.0,30000,30000,,
strict,ʈʼ,consonant,3,0.00138,0.0,0.0,30000,30000,,
strict,kʷʼː,consonant,2,0.00092,0.0,0.0,29650,29650,,
strict,uˤ,vowel,5,0.0023,0.0,0.0,29548,29548,,
strict,ã̰,vowel,7,0.00322,0.0,0.0,28790,28790,,
strict,tɬʼː,consonant,3,0.00138,0.0,0.0,27000,27000,,
strict,d̠,consonant,4,0.00184,0.0,0.0,26900,26900,d͓(1) ɾ(1) l(1) dʲ(1),
strict,ᴅ,consonant,4,0.00184,0.0,0.0,25820,25820,,
strict,hʼ,consonant,1,0.00046,0.0,0.0,25810,25810,,
strict,ĭ,vowel,3,0.00138,0.0,0.0,25780,25780,ɪ(1) ɯ(1),
strict,ɛ̆,vowel,3,0.00138,0.0,0.0,25780,25780,,
strict,ʰkː,consonant,2,0.00092,0.0,1e-05,25750,53000,,
strict,ʰpː,consonant,2,0.00092,0.0,1e-05,25750,53000,hp(1),
strict,ʰtsː,consonant,2,0.00092,0.0,1e-05,25750,53000,,
strict,ʰtː,consonant,2,0.00092,0.0,1e-05,25750,53000,ht(1),
strict,ʰt̠ʃː,consonant,2,0.00092,0.0,1e-05,25750,53000,htʃ(1),
strict,ʎː,consonant,1,0.00046,0.0,1e-05,25700,52950,ʝ(1),
strict,ˀmː,consonant,1,0.00046,0.0,1e-05,25700,52950,,
strict,ˀnː,consonant,1,0.00046,0.0,1e-05,25700,52950,,
strict,ˀɲː,consonant,1,0.00046,0.0,1e-05,25700,52950,,
strict,t̺ʼ,consonant,4,0.00184,0.0,9e-05,25082,952993,,
strict,ɤ̃,vowel,5,0.0023,0.0,0.0,24570,24570,,
strict,kǀʷ,consonant,1,0.00046,0.0,0.0,24000,24000,,
strict,kǀʷʰ,consonant,1,0.00046,0.0,0.0,24000,24000,,
strict,kǀ̪,consonant,1,0.00046,0.0,0.0,24000,24000,,
strict,kǃ̪,consonant,1,0.00046,0.0,0.0,24000,24000,,
strict,aɛ,vowel,3,0.00138,0.0,9e-05,23000,929209,,
strict,t̠ʃʰː,consonant,4,0.00184,0.0,0.0,22990,22990,,
strict,t̪θʰ,consonant,2,0.00092,0.0,0.0,21325,22414,θ(1) tθ(1) tθˀ(1),
strict,ɳʈʂ,consonant,3,0.00138,0.0,8e-05,21120,826248,,
strict,tɬː,consonant,2,0.00092,0.0,0.0,21000,21000,,
strict,ʟ,consonant,1,0.00046,0.0,0.0,21000,21000,,
strict,ɮ̪|ɮ,consonant,3,0.00138,0.0,0.0,20970,20970,,
strict,u̜,vowel,3,0.00138,0.0,0.0,20082,20082,,
strict,ɮʲ,consonant,3,0.00138,0.0,0.0,20082,20082,,
strict,R̪̰|R̰,consonant,3,0.00138,0.0,0.0,20000,20000,,
strict,ay,vowel,2,0.00092,0.0,0.0,20000,20000,,
strict,aɨ,vowel,2,0.00092,0.0,0.0,20000,20000,,
strict,cçʷ,consonant,2,0.00092,0.0,3e-05,20000,355891,ɟʝʷ(2),
strict,dɾ,consonant,2,0.00092,0.0,0.0,20000,20000,,
strict,dʷʲ,consonant,2,0.00092,0.0,0.0,20000,20000,,
strict,d̤z̤,consonant,2,0.00092,0.0,9e-05,20000,918971,dz(1),
strict,d̺̥,consonant,2,0.00092,0.0,9e-05,20000,947911,,
strict,d̺̥z̺̥,consonant,2,0.00092,0.0,9e-05,20000,947911,,
strict,e̞o̞,vowel,2,0.00092,0.0,0.0,20000,20000,,
strict,ë̞,vowel,2,0.00092,0.0,0.0,20000,20000,,
strict,i̜,vowel,2,0.00092,0.0,0.0,20000,20000,,
strict,kf,consonant,2,0.00092,0.0,0.0,20000,20000,,
strict,kpː,consonant,2,0.00092,0.0,0.0,20000,20000,,
strict,kŋ,consonant,2,0.00092,0.0,0.0,20000,20000,kŋʷ(1),
strict,k̙,consonant,2,0.00092,0.0,0.0,20000,20000,,
strict,mbv,consonant,2,0.00092,0.0,0.0,20000,20000,,
strict,ndɾ,consonant,2,0.00092,0.0,0.0,20000,20000,,
strict,nh,consonant,2,0.00092,0.0,0.00016,20000,1628926,,
strict,ntɕʰ,consonant,2,0.00092,0.0,0.0,20000,20000,,
strict,nzʷ,consonant,2,0.00092,0.0,0.0,20000,20000,,
strict,nɟ,consonant,2,0.00092,0.0,0.0,20000,20000,,
strict,n̠d̠ʒʷ,consonant,2,0.00092,0.0,0.0,20000,20000,,
strict,n̠̥,consonant,2,0.00092,0.0,0.0,20000,20000,,
strict,n̪t̪s̪ʰ,consonant,2,0.00092,0.0,0.0,20000,20000,,
strict,n̪t̪|nt,consonant,2,0.00092,0.0,0.0,20000,20000,,
strict,n̪ʷ|nʷ,consonant,2,0.00092,0.0,0.0,20000,20000,,
strict,o̤ˑ,vowel,2,0.00092,0.0,0.0,20000,20000,,
strict,pm,consonant,2,0.00092,0.0,0.0,20000,20000,,
strict,pˤ,consonant,2,0.00092,0.0,0.0,20000,20000,,
strict,qʷʼː,consonant,1,0.00046,0.0,0.0,20000,20000,,
strict,rʱ,consonant,2,0.00092,0.0,1e-05,20000,146939,ɾʱ(1),
strict,tl,consonant,2,0.00092,0.0,0.0,20000,20000,,
strict,tn,consonant,2,0.00092,0.0,0.0,20000,20000,tʰ(1),
strict,tɾ,consonant,2,0.00092,0.0,0.0,20000,20000,,
strict,t̪n̪,consonant,2,0.00092,0.0,0.0,20000,20000,,
strict,t̺s̺ʰ,consonant,2,0.00092,0.0,9e-05,20000,947911,,
strict,t̺s̺ʼ,consonant,2,0.00092,0.0,9e-05,20000,947911,,
strict,uaː,vowel,2,0.00092,0.0,0.0,20000,20000,,
strict,uɑ̃,vowel,2,0.00092,0.0,0.0,20000,20000,,
strict,uʌ,vowel,2,0.00092,0.0,0.00011,20000,1108762,,
strict,z̪͇|z͇,consonant,2,0.00092,0.0,0.0,20000,20000,,
strict,çʷ,consonant,2,0.00092,0.0,0.0,20000,20000,ç̃ʷ(1),
strict,ŋkʲ,consonant,2,0.00092,0.0,0.0,20000,20000,,
strict,ŋʱ,consonant,2,0.00092,0.0,2e-05,20000,251908,,
strict,ɑɯ,vowel,2,0.00092,0.0,0.0,20000,20000,,
strict,ɒ̤,vowel,2,0.00092,0.0,0.0,20000,20000,,
strict,ɔˑ,vowel,2,0.00092,0.0,0.0,20000,20000,ɒ(1),
strict,ɕʼ,consonant,2,0.00092,0.0,0.0,20000,20000,,
strict,ɗʒ,consonant,2,0.00092,0.0,0.0,20000,20000,ʄ(1),
strict,ɛˑ,vowel,2,0.00092,0.0,0.0,20000,20000,æ(1),
strict,ɜ̃,vowel,2,0.00092,0.0,0.0,20000,20000,,
strict,ɡbʲ,consonant,2,0.00092,0.0,0.0,20000,20000,,
strict,ɡbʷ,consonant,2,0.00092,0.0,0.0,20000,20000,,
strict,ɡbː,consonant,2,0.00092,0.0,0.0,20000,20000,,
strict,ɡv,consonant,2,0.00092,0.0,0.0,20000,20000,,
strict,ɡɣ,consonant,2,0.00092,0.0,0.0,20000,20000,ɡ(1),
strict,ɡʷʲ,consonant,2,0.00092,0.0,0.0,20000,20000,,
strict,ɡʷː,consonant,1,0.00046,0.0,0.0,20000,20000,ɡ(1) ɡ̥ʷ(1),
strict,ɡ̊ʷ,consonant,2,0.00092,0.0,9e-05,20000,947911,,
strict,ɡᶣ,consonant,2,0.00092,0.0,4e-05,20000,383840,,
strict,ɥ̥,consonant,2,0.00092,0.0,0.0,20000,20000,,
strict,ɦʷ,consonant,2,0.00092,0.0,0.0,20000,20000,,
strict,ɪ̤,vowel,2,0.00092,0.0,0.0,20000,20000,,
strict,ɮ̪,consonant,2,0.00092,0.0,0.0,20000,20000,,
strict,ɰ̰,consonant,2,0.00092,0.0,0.0,20000,20000,,
strict,ɳʈ,consonant,2,0.00092,0.0,0.0,20000,20000,,
strict,ɴɢ,consonant,2,0.00092,0.0,0.0,20000,20000,,
strict,ʃʰ,consonant,2,0.00092,0.0,0.0,20000,20000,,
strict,ʈɳ,consonant,2,0.00092,0.0,0.0,20000,20000,,
strict,ʌ̃ː,vowel,2,0.00092,0.0,0.0,20000,20000,,
strict,ʌ̤ː,vowel,2,0.00092,0.0,1e-05,20000,100255,,
strict,ʔ̃,consonant,1,0.00046,0.0,0.0,20000,20000,,
strict,ʙ,consonant,2,0.00092,0.0,0.0,20000,20000,,
strict,ˀr,consonant,2,0.00092,0.0,0.0,20000,20000,,
strict,ˀŋ,consonant,2,0.00092,0.0,0.0,20000,20000,,
strict,ⱱ̟,consonant,2,0.00092,0.0,0.0,20000,20000,,
strict,iˤ,vowel,4,0.00184,0.0,0.0,19548,19548,,
strict,ḭ̃,vowel,6,0.00276,0.0,0.0,18790,18790,,
strict,u̯i,vowel,2,0.00092,0.0,0.0,18500,34586,,
strict,j̊,consonant,3,0.00138,0.0,0.0,17900,17900,,
strict,õ̰,vowel,3,0.00138,0.0,0.0,17340,17340,,
strict,ɔ̝ː,vowel,2,0.00092,0.0,0.0,17210,17210,,
strict,ɛ̝,vowel,2,0.00092,0.0,0.0,17210,17210,,
strict,ɛ̝ː,vowel,2,0.00092,0.0,0.0,17210,17210,,
strict,kʰː,consonant,3,0.00138,0.0,0.0,16990,16990,kcʰ(1),
strict,ʂ͇,consonant,2,0.00092,0.0,0.0,16780,16780,,
strict,ɺ̪|ɺ,consonant,2,0.00092,0.0,0.0,16300,8105,,
strict,sʼː,consonant,2,0.00092,0.0,0.0,16000,16000,,
strict,tsʰː,consonant,3,0.00138,0.0,0.0,15780,15780,,
strict,e̞u̯,vowel,1,0.00046,0.0,0.0,15000,15000,,
strict,o̞i̯,vowel,1,0.00046,0.0,0.0,15000,15000,,
strict,iˤː,vowel,2,0.00092,0.0,0.0,14378,14378,,
strict,uˤː,vowel,2,0.00092,0.0,0.0,14378,14378,,
strict,dx,consonant,2,0.00092,0.0,0.0,14200,14200,,
strict,kǀx,consonant,2,0.00092,0.0,0.0,14200,14200,,
strict,kǁx,consonant,2,0.00092,0.0,0.0,14200,14200,,
strict,kʘ,consonant,2,0.00092,0.0,0.0,14200,14200,,
strict,ɡǀx,consonant,2,0.00092,0.0,0.0,14200,14200,,
strict,ɡǁx,consonant,2,0.00092,0.0,0.0,14200,14200,,
strict,e˞,vowel,2,0.00092,0.0,0.0,14100,14100,,
strict,u˞,vowel,2,0.00092,0.0,0.0,14100,14100,,
strict,ɔ̜ː,vowel,2,0.00092,0.0,0.0,13770,13770,,
strict,n̪z̪,consonant,1,0.00046,0.0,0.0,13000,13000,,
strict,l̥ː,consonant,3,0.00138,0.0,0.0,12500,12500,,
strict,qˤ,consonant,2,0.00092,0.0,0.0,12478,12478,,
strict,t̪ɬ,consonant,1,0.00046,0.0,0.0,12467,12467,,
strict,t̪ɬʼ,consonant,1,0.00046,0.0,0.0,12467,12467,,
strict,t̪ɬ̪ʰ|tɬʰ,consonant,3,0.00138,0.0,0.0,12295,13384,,
strict,ɨ̥,vowel,1,0.00046,0.0,0.0,12055,12055,ɪ̥(1),
strict,yœ,vowel,2,0.00092,0.0,0.0,12000,12000,,
strict,ɡ̰,consonant,3,0.00138,0.0,0.0,11950,11950,k(1) ɡ(1) ŋ(1),
strict,ɜ̹,vowel,1,0.00046,0.0,0.0,11900,11900,,
strict,ɜ̹ː,vowel,1,0.00046,0.0,0.0,11900,11900,,
strict,ɨ̹ː,vowel,1,0.00046,0.0,0.0,11900,11900,,
strict,ɽ̊,consonant,1,0.00046,0.0,0.0,11900,11900,,
strict,ɹ̪|ɹ,consonant,2,0.00092,0.0,0.0,11800,11800,,
strict,ʊ̃ː,vowel,2,0.00092,0.0,3e-05,11500,311161,ɯ̃(1),
strict,kxʷ,consonant,1,0.00046,0.0,0.0,11325,12414,,
strict,kxʷʰ,consonant,1,0.00046,0.0,0.0,11325,12414,,
strict,t̪ˠʰ|tˠʰ,consonant,1,0.00046,0.0,0.0,11325,12414,,
strict,ṵ̃,vowel,4,0.00184,0.0,0.0,11070,11070,,
strict,ʱd,consonant,2,0.00092,0.0,0.0,10900,10900,,
strict,n̪t̪ʰ,consonant,2,0.00092,0.0,0.0,10800,10800,,
strict,n̪ʲ|nʲ,consonant,3,0.00138,0.0,0.0,10682,10379,,
strict,ˀp,consonant,2,0.00092,0.0,0.0,10610,10610,,
strict,kʷˀ,consonant,2,0.00092,0.0,0.0,10550,10550,,
strict,dl,consonant,2,0.00092,0.0,0.0,10500,10815,,
strict,m̥ʲ,consonant,2,0.00092,0.0,0.0,10500,10500,,
strict,t̪ˀ|tˀ,consonant,2,0.00092,0.0,0.0,10500,17802,,
strict,βː,consonant,2,0.00092,0.0,0.0,10500,10500,,
strict,χʼ,consonant,2,0.00092,0.0,0.0,10500,10500,,
strict,c̰,consonant,2,0.00092,0.0,0.0,10400,10400,,
strict,ɘ̃,vowel,2,0.00092,0.0,1e-05,10250,53062,,
strict,k̰ʷ,consonant,4,0.00184,0.0,0.0,10145,10145,,
strict,q̰ʷ,consonant,3,0.00138,0.0,0.0,10145,10145,,
strict,t̪ʷ|tʷ,consonant,2,0.00092,0.0,0.0,10125,10125,,
strict,l̪ʲ,consonant,3,0.00138,0.0,0.0,10114,10114,,
strict,s̰,consonant,2,0.00092,0.0,0.0,10105,10105,,
strict,æ̰,vowel,2,0.00092,0.0,0.0,10103,10103,,
strict,n̪̰,consonant,2,0.00092,0.0,0.0,10100,10100,,
strict,ɲʱ,consonant,2,0.00092,0.0,0.0,10100,10100,,
strict,ɪ̰,vowel,2,0.00092,0.0,0.0,10093,10093,,
strict,ʉ̃ː,vowel,2,0.00092,0.0,0.0,10093,10093,,
strict,w̥,consonant,2,0.00092,0.0,0.0,10020,10020,,
strict,mʼ,consonant,2,0.00092,0.0,0.0,10004,10004,,
strict,nʼ,consonant,2,0.00092,0.0,0.0,10004,10004,,
strict,R̪,consonant,1,0.00046,0.0,0.0,10000,10000,,
strict,aɔ,vowel,1,0.00046,0.0,0.0,10000,10000,,
strict,aɯ̃,vowel,1,0.00046,0.0,0.0,10000,10000,,
strict,aˀ,vowel,1,0.00046,0.0,0.0,10000,10000,,
strict,aːi̯,vowel,1,0.00046,0.0,0.0,10000,10000,,
strict,a˞ː,vowel,1,0.00046,0.0,0.0,10000,10000,,
strict,a˞ˤ,vowel,1,0.00046,0.0,0.0,10000,10000,,
strict,å,vowel,1,0.00046,0.0,0.0,10000,10000,,
strict,ã̟ː,vowel,1,0.00046,0.0,0.0,10000,10000,,
strict,a̠,vowel,1,0.00046,0.0,0.0,10000,10000,,
strict,a̠ː,vowel,1,0.00046,0.0,0.0,10000,10000,,
strict,a̤i̤,vowel,1,0.00046,0.0,0.0,10000,10000,,
strict,a̤ṳ,vowel,1,0.00046,0.0,0.0,10000,10000,,
strict,a̤ɯ̤,vowel,1,0.00046,0.0,0.0,10000,10000,,
strict,ḁ,vowel,1,0.00046,0.0,0.0,10000,10000,,
strict,a̰ḭ,vowel,1,0.00046,0.0,0.0,10000,10000,,
strict,a̰ṵ,vowel,1,0.00046,0.0,0.0,10000,10000,,
strict,a̰ɪ̰,vowel,1,0.00046,0.0,0.0,10000,10000,,
strict,a̰ɯ̰,vowel,1,0.00046,0.0,0.0,10000,10000,,
strict,a̰ː,vowel,1,0.00046,0.0,0.0,10000,10000,,
strict,a̰ˑ,vowel,1,0.00046,0.0,0.0,10000,10000,,
strict,br,consonant,1,0.00046,0.0,0.0,10000,10000,,
strict,bvʷ,consonant,1,0.00046,0.0,0.0,10000,10000,,
strict,bɡ,consonant,1,0.00046,0.0,9e-05,10000,908971,,
strict,bɾ,consonant,1,0.00046,0.0,0.0,10000,10000,,
strict,bˀ,consonant,1,0.00046,0.0,0.0,10000,10000,pˀ(1),
strict,b˞,consonant,1,0.00046,0.0,0.0,10000,10000,,
strict,b̤v̤,consonant,1,0.00046,0.0,0.0,10000,10000,,
strict,b̤z̤,consonant,1,0.00046,0.0,0.0,10000,10000,,
strict,b̪,consonant,1,0.00046,0.0,0.0,10000,10000,,
strict,b͈,consonant,1,0.00046,0.0,0.0,10000,10000,,
strict,b͉,consonant,1,0.00046,0.0,0.0,10000,10000,m(1),
strict,cn̠,consonant,1,0.00046,0.0,0.0,10000,10000,,
strict,cɲ,consonant,1,0.00046,0.0,0.0,10000,10000,,
strict,dʑʰ,consonant,1,0.00046,0.0,0.0,10000,10000,,
strict,dʑᶣ,consonant,1,0.00046,0.0,0.0,10000,10000,,
strict,d̞,consonant,1,0.00046,0.0,0.0,10000,10000,,
strict,d̠ʒxʼ,consonant,1,0.00046,0.0,0.0,10000,10000,,
strict,d̠ʒɾ,consonant,1,0.00046,0.0,0.0,10000,10000,,
strict,d̠ːʒ,consonant,1,0.00046,0.0,0.0,10000,10000,,
strict,d̠̰,consonant,1,0.00046,0.0,0.0,10000,10000,,
strict,d̠͈ʒ,consonant,1,0.00046,0.0,0.0,10000,10000,,
strict,d̤ɮ̤,consonant,1,0.00046,0.0,0.0,10000,10000,,
strict,d̤ʒ̤,consonant,1,0.00046,0.0,0.0,10000,10000,,
strict,d̥ʒ̥,consonant,1,0.00046,0.0,5e-05,10000,473956,,
strict,d̥ʲ,consonant,1,0.00046,0.0,0.0,10000,10000,,
strict,d̪̥,consonant,1,0.00046,0.0,0.0,10000,10000,,
strict,d̺ʱ,consonant,1,0.00046,0.0,1e-05,10000,136939,,
strict,d͇z͇,consonant,1,0.00046,0.0,0.0,10000,10000,,
strict,d͈,consonant,1,0.00046,0.0,0.0,10000,10000,,
strict,dᶣ,consonant,1,0.00046,0.0,0.0,10000,10000,,
strict,eʊ,vowel,1,0.00046,0.0,0.0,10000,10000,,
strict,eʲ,vowel,1,0.00046,0.0,0.0,10000,10000,ẽʲ(1),
strict,eˀ,vowel,1,0.00046,0.0,0.0,10000,10000,,
strict,ẽĩ,vowel,1,0.00046,0.0,0.0,10000,10000,,
strict,e̘,vowel,1,0.00046,0.0,0.0,10000,10000,ẽ̘(1),
strict,e̙,vowel,1,0.00046,0.0,0.0,10000,10000,ẽ̙(1),
strict,e̞̥,vowel,1,0.00046,0.0,0.0,10000,10000,,
strict,e̠̞,vowel,1,0.00046,0.0,0.0,10000,10000,,
strict,ḛɪ̰,vowel,1,0.00046,0.0,0.0,10000,10000,,
strict,ḛː,vowel,1,0.00046,0.0,0.0,10000,10000,,
strict,ḛˑ,vowel,1,0.00046,0.0,0.0,10000,10000,,
strict,fɾ,consonant,1,0.00046,0.0,0.0,10000,10000,,
strict,fʰ,consonant,1,0.00046,0.0,0.0,10000,10000,,
strict,f̩,consonant,1,0.00046,0.0,0.0,10000,10000,,
strict,hʷʲ,consonant,1,0.00046,0.0,0.0,10000,10000,,
strict,hᶣ,consonant,1,0.00046,0.0,0.0,10000,10000,,
strict,ieː,vowel,1,0.00046,0.0,0.0,10000,10000,,
strict,io̞,vowel,1,0.00046,0.0,0.0,10000,10000,,
strict,iø,vowel,1,0.00046,0.0,0.0,10000,10000,,
strict,iɑu,vowel,1,0.00046,0.0,0.0,10000,10000,,
strict,iɛː,vowel,1,0.00046,0.0,0.0,10000,10000,,
strict,iɛ̃,vowel,1,0.00046,0.0,0.0,10000,10000,,
strict,iɨ,vowel,1,0.00046,0.0,0.0,10000,10000,,
strict,iʊ,vowel,1,0.00046,0.0,0.0,10000,10000,,
strict,iˀ,vowel,1,0.00046,0.0,0.0,10000,10000,,
strict,iːe,vowel,1,0.00046,0.0,0.0,10000,10000,,
strict,i˞,vowel,1,0.00046,0.0,0.0,10000,10000,,
strict,i˞ˤ,vowel,1,0.00046,0.0,0.0,10000,10000,,
strict,i˞ˤː,vowel,1,0.00046,0.0,0.0,10000,10000,,
strict,ĩã,vowel,1,0.00046,0.0,0.0,10000,10000,,
strict,ĩõ,vowel,1,0.00046,0.0,0.0,10000,10000,,
strict,i̙,vowel,1,0.00046,0.0,0.0,10000,10000,ĩ̙(1),
strict,i̠,vowel,1,0.00046,0.0,1e-05,10000,114065,ɪ(1),
strict,i̤a,vowel,1,0.00046,0.0,0.0,10000,10000,,
strict,i̤a̤,vowel,1,0.00046,0.0,0.0,10000,10000,,
strict,i̤ṳ,vowel,1,0.00046,0.0,0.0,10000,10000,,
strict,i̤ɛ̤,vowel,1,0.00046,0.0,0.0,10000,10000,,
strict,i̯ãː,vowel,1,0.00046,0.0,0.0,10000,10000,,
strict,i̯ɛ̃,vowel,1,0.00046,0.0,0.0,10000,10000,,
strict,ḭː,vowel,1,0.00046,0.0,0.0,10000,10000,,
strict,ḭˑ,vowel,1,0.00046,0.0,0.0,10000,10000,,
strict,i̽,vowel,1,0.00046,0.0,0.0,10000,10000,,
strict,jʔ,consonant,1,0.00046,0.0,0.0,10000,10000,,
strict,jˤ,consonant,1,0.00046,0.0,0.0,10000,10000,,
strict,j̤,consonant,1,0.00046,0.0,0.0,10000,10000,,
strict,j̥ʷ,consonant,1,0.00046,0.0,0.0,10000,10000,,
strict,kl,consonant,1,0.00046,0.0,0.0,10000,17302,,
strict,km,consonant,1,0.00046,0.0,0.0,10000,10000,,
strict,kpr,consonant,1,0.00046,0.0,0.0,10000,10000,,
strict,kpɾ,consonant,1,0.00046,0.0,0.0,10000,10000,,
strict,kpˤ,consonant,1,0.00046,0.0,0.0,10000,10000,,
strict,kǀxʼ,consonant,1,0.00046,0.0,0.0,10000,10000,,
strict,kǀʰʼ,consonant,1,0.00046,0.0,0.0,10000,10000,,
strict,kǁxʼ,consonant,1,0.00046,0.0,0.0,10000,10000,,
strict,kǁʰʼ,consonant,1,0.00046,0.0,0.0,10000,10000,,
strict,kǃxʼ,consonant,1,0.00046,0.0,0.0,10000,10000,,
strict,kǃʰʼ,consonant,1,0.00046,0.0,0.0,10000,10000,,
strict,kɡ,consonant,1,0.00046,0.0,4e-05,10000,391482,,
strict,kɬ,consonant,1,0.00046,0.0,0.0,10000,17302,,
strict,kɾ,consonant,1,0.00046,0.0,0.0,10000,10000,,
strict,kʷɾ,consonant,1,0.00046,0.0,0.0,10000,10000,,
strict,k˞,consonant,1,0.00046,0.0,0.0,10000,10000,,
strict,k˞ʰ,consonant,1,0.00046,0.0,0.0,10000,10000,,
strict,k͈ː,consonant,1,0.00046,0.0,0.0,10000,10000,k͈ʷ(2) k͈ʲ(1),
strict,k͉ʷ,consonant,1,0.00046,0.0,0.0,10000,10000,,
strict,kᶣ,consonant,1,0.00046,0.0,0.0,10000,10000,,
strict,k‼,consonant,1,0.00046,0.0,0.0,10000,10000,,
strict,k‼x,consonant,1,0.00046,0.0,0.0,10000,10000,,
strict,k‼xʼ,consonant,1,0.00046,0.0,0.0,10000,10000,,
strict,k‼ʰ,consonant,1,0.00046,0.0,0.0,10000,10000,,
strict,k‼ʰʼ,consonant,1,0.00046,0.0,0.0,10000,10000,,
strict,k‼ʼ,consonant,1,0.00046,0.0,0.0,10000,10000,,
strict,ld,consonant,1,0.00046,0.0,0.0,10000,10000,,
strict,lʔ,consonant,1,0.00046,0.0,0.0,10000,10000,,
strict,lʷʲ,consonant,1,0.00046,0.0,0.0,10000,10000,,
strict,l̠̤,consonant,1,0.00046,0.0,0.0,10000,10000,,
strict,l̪̊,consonant,1,0.00046,0.0,0.0,10000,10000,,
strict,l̪̥,consonant,1,0.00046,0.0,0.0,10000,10000,,
strict,l͉,consonant,1,0.00046,0.0,0.0,10000,10000,,
strict,lᶣ,consonant,1,0.00046,0.0,0.0,10000,10000,,
strict,mbz,consonant,1,0.00046,0.0,0.0,10000,10000,,
strict,mbɾ,consonant,1,0.00046,0.0,0.0,10000,10000,,
strict,mbˠ,consonant,1,0.00046,0.0,0.0,10000,10000,,
strict,mpf,consonant,1,0.00046,0.0,0.0,10000,10000,,
strict,mpɾ,consonant,1,0.00046,0.0,0.0,10000,10000,,
strict,mpʲ,consonant,1,0.00046,0.0,0.0,10000,10000,,
strict,mpʷ,consonant,1,0.00046,0.0,0.0,10000,10000,,
strict,mv,consonant,1,0.00046,0.0,0.0,10000,10000,,
strict,mw,consonant,1,0.00046,0.0,0.0,10000,10000,,
strict,mɾ,consonant,1,0.00046,0.0,0.0,10000,10000,,
strict,mʷˠ,consonant,1,0.00046,0.0,0.0,10000,10000,,
strict,mʷˠː,consonant,1,0.00046,0.0,0.0,10000,10000,,
strict,m̥p,consonant,1,0.00046,0.0,0.0,10000,10000,,
strict,m̥ʷ,consonant,1,0.00046,0.0,0.0,10000,10000,,
strict,m̼,consonant,1,0.00046,0.0,0.0,10000,10000,m(1),
strict,m͉,consonant,1,0.00046,0.0,0.0,10000,10000,,
strict,ndl,consonant,1,0.00046,0.0,0.0,10000,10000,,
strict,ndzʷ,consonant,1,0.00046,0.0,0.0,10000,10000,,
strict,nd͇z͇,consonant,1,0.00046,0.0,0.0,10000,10000,,
strict,nl,consonant,1,0.00046,0.0,4e-05,10000,402559,,
strict,nsɾ,consonant,1,0.00046,0.0,0.0,10000,10000,,
strict,ntɕ,consonant,1,0.00046,0.0,0.0,10000,10000,,
strict,ntɾ,consonant,1,0.00046,0.0,0.0,10000,10000,,
strict,nt͇s͇ʰ,consonant,1,0.00046,0.0,0.0,10000,10000,,
strict,nzɾ,consonant,1,0.00046,0.0,0.0,10000,10000,,
strict,nɡɾ,consonant,1,0.00046,0.0,0.0,10000,10000,,
strict,nɾ,consonant,1,0.00046,0.0,0.0,10000,10000,,
strict,nʷʲ,consonant,1,0.00046,0.0,0.0,10000,10000,,
strict,n̠t̠,consonant,1,0.00046,0.0,0.0,10000,10000,,
strict,n̠t̠ʃɾ,consonant,1,0.00046,0.0,0.0,10000,10000,,
strict,n̠t̠ʃʷ,consonant,1,0.00046,0.0,0.0,10000,10000,,
strict,n̠ʃʷ,consonant,1,0.00046,0.0,0.0,10000,10000,,
strict,n̠̤,consonant,1,0.00046,0.0,0.0,10000,10000,,
strict,n̠̩d̠ʒ,consonant,1,0.00046,0.0,0.0,10000,10000,,
strict,n̤ɡ̤,consonant,1,0.00046,0.0,0.0,10000,10000,,
strict,n̪d̪ʷ|ndʷ,consonant,1,0.00046,0.0,0.0,10000,10000,,
strict,n̪s̪|ns,consonant,1,0.00046,0.0,0.0,10000,10000,,
strict,n̪t̪s̪,consonant,1,0.00046,0.0,0.0,10000,10000,,
strict,n̪t̪s̪|nts,consonant,1,0.00046,0.0,0.0,10000,10000,,
strict,n̪z̪|nz,consonant,1,0.00046,0.0,0.0,10000,10000,,
strict,n̪ʱ,consonant,1,0.00046,0.0,1e-05,10000,136939,,
strict,n̪̊,consonant,1,0.00046,0.0,0.0,10000,10000,,
strict,n͉,consonant,1,0.00046,0.0,0.0,10000,10000,,
strict,nθ,consonant,1,0.00046,0.0,1e-05,10000,114970,,
strict,oɛ,vowel,1,0.00046,0.0,0.0,10000,10000,,
strict,oɪ,vowel,1,0.00046,0.0,0.0,10000,10000,,
strict,oˀ,vowel,1,0.00046,0.0,0.0,10000,10000,,
strict,o˞,vowel,1,0.00046,0.0,0.0,10000,10000,,
strict,õũ,vowel,1,0.00046,0.0,0.0,10000,10000,,
strict,õˤ,vowel,1,0.00046,0.0,0.0,10000,10000,,
strict,o̘,vowel,1,0.00046,0.0,0.0,10000,10000,õ̘(1),
strict,o̙,vowel,1,0.00046,0.0,0.0,10000,10000,õ̙(1),
strict,õ̞ː,vowel,1,0.00046,0.0,0.0,10000,10000,ʌ̃(1) ɔ̃(1) ɤ̃(1),
strict,ö̞,vowel,1,0.00046,0.0,0.0,10000,10000,,
strict,o̞̥,vowel,1,0.00046,0.0,0.0,10000,10000,,
strict,o̟̞,vowel,1,0.00046,0.0,0.0,10000,10000,,
strict,o̤i̤,vowel,1,0.00046,0.0,0.0,10000,10000,,
strict,o̰ː,vowel,1,0.00046,0.0,0.0,10000,10000,,
strict,o̰ˑ,vowel,1,0.00046,0.0,0.0,10000,10000,,
strict,pfʼ,consonant,1,0.00046,0.0,0.0,10000,10000,,
strict,pkʰ,consonant,1,0.00046,0.0,9e-05,10000,908971,,
strict,psʰ,consonant,1,0.00046,0.0,0.0,10000,10000,,
strict,pt,consonant,1,0.00046,0.0,0.0,10000,10000,,
strict,pɸ,consonant,1,0.00046,0.0,4e-05,10000,433525,,
strict,pɾ,consonant,1,0.00046,0.0,0.0,10000,10000,,
strict,pʷʰ,consonant,1,0.00046,0.0,0.0,10000,10000,,
strict,pʷˠ,consonant,1,0.00046,0.0,0.0,10000,10000,bʷˠ(1),
strict,pʷˠː,consonant,1,0.00046,0.0,0.0,10000,10000,,
strict,p˞,consonant,1,0.00046,0.0,0.0,10000,10000,,
strict,p˞ʰ,consonant,1,0.00046,0.0,0.0,10000,10000,,
strict,p̼,consonant,1,0.00046,0.0,0.0,10000,10000,p(1),
strict,p͈ː,consonant,1,0.00046,0.0,0.0,10000,10000,,
strict,qm,consonant,1,0.00046,0.0,0.0,10000,10000,,
strict,qn,consonant,1,0.00046,0.0,0.0,10000,10000,,
strict,qʷˀ,consonant,1,0.00046,0.0,0.0,10000,10000,,
strict,qˀ,consonant,1,0.00046,0.0,0.0,10000,10000,,
strict,r̠̙,consonant,1,0.00046,0.0,0.0,10000,10000,,
strict,r̪ː,consonant,1,0.00046,0.0,0.0,10000,10000,,
strict,r̪̥|r̥,consonant,1,0.00046,0.0,0.0,10000,10000,,
strict,r̪̰|r̰,consonant,1,0.00046,0.0,0.0,10000,10000,,
strict,r̰,consonant,1,0.00046,0.0,0.0,10000,10000,,
strict,sɾ,consonant,1,0.00046,0.0,0.0,10000,10000,,
strict,sʷʲ,consonant,1,0.00046,0.0,0.0,10000,10000,,
strict,s̩,consonant,1,0.00046,0.0,0.0,10000,10000,,
strict,s̪ʼ,consonant,1,0.00046,0.0,0.0,10000,10000,,
strict,s̻̠,consonant,1,0.00046,0.0,0.0,10000,10000,,
strict,s͇,consonant,1,0.00046,0.0,0.0,10000,10000,,
strict,s͈ː,consonant,1,0.00046,0.0,0.0,10000,10000,,
strict,sᶣ,consonant,1,0.00046,0.0,0.0,10000,10000,,
strict,tlʱ,consonant,1,0.00046,0.0,0.0,10000,10000,,
strict,tɕʷ,consonant,1,0.00046,0.0,0.0,10000,10000,,
strict,tɕᶣ,consonant,1,0.00046,0.0,0.0,10000,10000,,
strict,tʰʼ,consonant,1,0.00046,0.0,0.0,10000,10000,,
strict,t̠n̠,consonant,1,0.00046,0.0,0.0,10000,10000,,
strict,t̠ʃx,consonant,1,0.00046,0.0,0.0,10000,10000,,
strict,t̠ʃɾ,consonant,1,0.00046,0.0,0.0,10000,10000,,
strict,t̠͈ʃː,consonant,1,0.00046,0.0,0.0,10000,10000,,
strict,t̪s̪ˀ|tsˀ,consonant,1,0.00046,0.0,0.0,10000,17302,,
strict,t̪ɬ̪ʼ,consonant,1,0.00046,0.0,0.0,10000,10000,,
strict,t̪ɬ̪ˀ|tɬˀ,consonant,1,0.00046,0.0,0.0,10000,10000,,
strict,t̪ʃ|t̠ʃ,consonant,1,0.00046,0.0,4e-05,10000,401900,dʒ|dʒ(1),
strict,t͇s͇,consonant,1,0.00046,0.0,0.0,10000,10000,,
strict,t͇s͇ʰ,consonant,1,0.00046,0.0,0.0,10000,10000,,
strict,t͈ː,consonant,1,0.00046,0.0,0.0,10000,10000,,
strict,uã,vowel,1,0.00046,0.0,0.0,10000,10000,,
strict,uãː,vowel,1,0.00046,0.0,0.0,10000,10000,,
strict,uy,vowel,1,0.00046,0.0,0.0,10000,10000,,
strict,uɑi,vowel,1,0.00046,0.0,0.0,10000,10000,,
strict,uəi,vowel,1,0.00046,0.0,0.0,10000,10000,,
strict,uɨ,vowel,1,0.00046,0.0,0.0,10000,10000,,
strict,uˀ,vowel,1,0.00046,0.0,0.0,10000,10000,,
strict,uːa,vowel,1,0.00046,0.0,0.0,10000,10000,,
strict,u˞ˤ,vowel,1,0.00046,0.0,0.0,10000,10000,,
strict,u˞ˤː,vowel,1,0.00046,0.0,0.0,10000,10000,,
strict,ũˤ,vowel,1,0.00046,0.0,0.0,10000,10000,,
strict,u̘,vowel,1,0.00046,0.0,0.0,10000,10000,ũ̘(1),
strict,ṳa,vowel,1,0.00046,0.0,0.0,10000,10000,,
strict,ṳa̤,vowel,1,0.00046,0.0,0.0,10000,10000,,
strict,ṳi̤,vowel,1,0.00046,0.0,0.0,10000,10000,,
strict,u̯ã,vowel,1,0.00046,0.0,0.0,10000,10000,,
strict,u̯ɔ,vowel,1,0.00046,0.0,0.0,10000,10000,,
strict,u̯ɔ̃,vowel,1,0.00046,0.0,0.0,10000,10000,,
strict,u̯ə̃,vowel,1,0.00046,0.0,0.0,10000,10000,,
strict,u̯ɛ̃,vowel,1,0.00046,0.0,0.0,10000,10000,,
strict,vɾ,consonant,1,0.00046,0.0,0.0,10000,10000,,
strict,v̼,consonant,1,0.00046,0.0,0.0,10000,10000,ɸ(1) β(1) v(1) f(1),
strict,wˤ,consonant,1,0.00046,0.0,0.0,10000,10000,,
strict,ẅ,consonant,1,0.00046,0.0,4e-05,10000,433525,,
strict,w̜,consonant,1,0.00046,0.0,0.0,10000,10000,,
strict,w̜ʲ,consonant,1,0.00046,0.0,0.0,10000,10000,,
strict,w̞,consonant,1,0.00046,0.0,0.0,10000,10000,,
strict,x̥,consonant,1,0.00046,0.0,0.0,10000,10000,,
strict,yu,vowel,1,0.00046,0.0,0.0,10000,10000,,
strict,yɛ,vowel,1,0.00046,0.0,0.0,10000,10000,,
strict,yˑ,vowel,1,0.00046,0.0,0.0,10000,10000,,
strict,zɾ,consonant,1,0.00046,0.0,0.0,10000,10000,,
strict,æˑ,vowel,1,0.00046,0.0,0.0,10000,10000,,
strict,çʲ,consonant,1,0.00046,0.0,0.0,10000,1397,,
strict,ðʼ,consonant,1,0.00046,0.0,0.0,10000,10000,,
strict,øˑ,vowel,1,0.00046,0.0,0.0,10000,10000,,
strict,ø̃,vowel,1,0.00046,0.0,0.0,10000,10000,,
strict,ø̠,vowel,1,0.00046,0.0,0.0,10000,10000,,
strict,ŋb,consonant,1,0.00046,0.0,0.0,10000,10000,,
strict,ŋh,consonant,1,0.00046,0.0,0.0,10000,10000,,
strict,ŋhʲ,consonant,1,0.00046,0.0,0.0,10000,10000,,
strict,ŋhʷ,consonant,1,0.00046,0.0,0.0,10000,10000,,
strict,ŋhᶣ,consonant,1,0.00046,0.0,0.0,10000,10000,,
strict,ŋkɾ,consonant,1,0.00046,0.0,0.0,10000,10000,,
strict,ŋmkpɾ,consonant,1,0.00046,0.0,0.0,10000,10000,,
strict,ŋmʲ,consonant,1,0.00046,0.0,0.0,10000,10000,,
strict,ŋmʷ,consonant,1,0.00046,0.0,0.0,10000,10000,,
strict,ŋmˤ,consonant,1,0.00046,0.0,0.0,10000,10000,,
strict,ŋǀʱ,consonant,1,0.00046,0.0,0.0,10000,10000,,
strict,ŋǃʱ,consonant,1,0.00046,0.0,0.0,10000,10000,,
strict,ŋɡmb,consonant,1,0.00046,0.0,0.0,10000,10000,,
strict,ŋɣʲ,consonant,1,0.00046,0.0,0.0,10000,10000,,
strict,ŋɣʷ,consonant,1,0.00046,0.0,0.0,10000,10000,,
strict,ŋɣᶣ,consonant,1,0.00046,0.0,0.0,10000,10000,,
strict,ŋɾ,consonant,1,0.00046,0.0,0.0,10000,10000,,
strict,ŋʷʲ,consonant,1,0.00046,0.0,0.0,10000,10000,,
strict,ŋʷː,consonant,1,0.00046,0.0,0.0,10000,10000,,
strict,ŋ̤ɡǃ,consonant,1,0.00046,0.0,0.0,10000,10000,,
strict,ŋ̥m̥,consonant,1,0.00046,0.0,0.0,10000,10000,,
strict,ŋ‼,consonant,1,0.00046,0.0,0.0,10000,10000,,
strict,ŋ‼ʱ,consonant,1,0.00046,0.0,0.0,10000,10000,,
strict,œ̜,vowel,1,0.00046,0.0,0.0,10000,10000,,
strict,œ̜ː,vowel,1,0.00046,0.0,0.0,10000,10000,,
strict,œ̤,vowel,1,0.00046,0.0,0.0,10000,10000,,
strict,ɐi̯,vowel,1,0.00046,0.0,0.0,10000,10000,,
strict,ɐˤ,vowel,1,0.00046,0.0,0.0,10000,10000,,
strict,ɐ̟,vowel,1,0.00046,0.0,0.0,10000,10000,,
strict,ɐ̹̆,vowel,1,0.00046,0.0,0.0,10000,10000,,
strict,ɑe,vowel,1,0.00046,0.0,0.0,10000,10000,,
strict,ɑo,vowel,1,0.00046,0.0,0.0,10000,10000,,
strict,ɑy,vowel,1,0.00046,0.0,0.0,10000,10000,,
strict,ɑˑ,vowel,1,0.00046,0.0,0.0,10000,10000,,
strict,ɑ̃ĩ,vowel,1,0.00046,0.0,0.0,10000,10000,,
strict,ɑ̃õ,vowel,1,0.00046,0.0,0.0,10000,10000,,
strict,ɑ̈,vowel,1,0.00046,0.0,0.0,10000,10000,,
strict,ɑ̈ː,vowel,1,0.00046,0.0,0.0,10000,10000,,
strict,ɑ̝,vowel,1,0.00046,0.0,0.0,10000,10000,,
strict,ɑ̝̹,vowel,1,0.00046,0.0,5e-05,10000,473956,,
strict,ɑ̤ː,vowel,1,0.00046,0.0,0.0,10000,10000,,
strict,ɓʲ,consonant,1,0.00046,0.0,0.0,10000,10000,,
strict,ɔɛ,vowel,1,0.00046,0.0,9e-05,10000,916209,,
strict,ɔˤ,vowel,1,0.00046,0.0,0.0,10000,10000,,
strict,ɔ̜,vowel,1,0.00046,0.0,0.0,10000,10000,,
strict,ɔ̤i̤,vowel,1,0.00046,0.0,0.0,10000,10000,,
strict,ɔ̰ː,vowel,1,0.00046,0.0,0.0,10000,10000,,
strict,ɔ̰ˑ,vowel,1,0.00046,0.0,0.0,10000,10000,,
strict,ɕᶣ,consonant,1,0.00046,0.0,0.0,10000,10000,,
strict,ɖr̠,consonant,1,0.00046,0.0,0.00256,10000,26507430,,
strict,ɖr̠͓,consonant,1,0.00046,0.0,0.00256,10000,26507430,,
strict,əi̯,vowel,1,0.00046,0.0,0.0,10000,10000,,
strict,əu̯,vowel,1,0.00046,0.0,0.0,10000,10000,,
strict,əy,vowel,1,0.00046,0.0,0.0,10000,10000,,
strict,əɯ,vowel,1,0.00046,0.0,0.0,10000,10000,,
strict,əɯ̃,vowel,1,0.00046,0.0,0.0,10000,10000,,
strict,ə˞ː,vowel,1,0.00046,0.0,0.0,10000,10000,,
strict,əˤ,vowel,1,0.00046,0.0,0.0,10000,10000,,
strict,ə̠̃,vowel,1,0.00046,0.0,0.0,10000,10000,ə̃i(1),
strict,ə̰ɯ̰,vowel,1,0.00046,0.0,0.0,10000,10000,,
strict,ɛɯ,vowel,1,0.00046,0.0,0.0,10000,10000,,
strict,ɛʊ,vowel,1,0.00046,0.0,0.0,10000,10000,,
strict,ɛ̰ː,vowel,1,0.00046,0.0,0.0,10000,10000,,
strict,ɛ̰ˑ,vowel,1,0.00046,0.0,0.0,10000,10000,,
strict,ɜi̯,vowel,1,0.00046,0.0,0.0,10000,10000,,
strict,ɞe̯,vowel,1,0.00046,0.0,0.0,10000,10000,,
strict,ɞː,vowel,1,0.00046,0.0,0.0,10000,10000,,
strict,ɠː,consonant,1,0.00046,0.0,0.0,10000,10000,,
strict,ɡbr,consonant,1,0.00046,0.0,0.0,10000,10000,,
strict,ɡbɾ,consonant,1,0.00046,0.0,0.0,10000,10000,,
strict,ɡbˤ,consonant,1,0.00046,0.0,0.0,10000,10000,,
strict,ɡm,consonant,1,0.00046,0.0,0.0,10000,10000,,
strict,ɡǀxʼ,consonant,1,0.00046,0.0,0.0,10000,10000,,
strict,ɡǀʱ,consonant,1,0.00046,0.0,0.0,10000,10000,,
strict,ɡǁxʼ,consonant,1,0.00046,0.0,0.0,10000,10000,,
strict,ɡǃxʼ,consonant,1,0.00046,0.0,0.0,10000,10000,,
strict,ɡǃʱ,consonant,1,0.00046,0.0,0.0,10000,10000,,
strict,ɡɓ,consonant,1,0.00046,0.0,0.0,10000,10000,,
strict,ɡɾ,consonant,1,0.00046,0.0,0.0,10000,10000,,
strict,ɡ˞,consonant,1,0.00046,0.0,0.0,10000,10000,,
strict,ɡˡ,consonant,1,0.00046,0.0,0.0,10000,10000,,
strict,ɡ̙,consonant,1,0.00046,0.0,5e-05,10000,504728,,
strict,ɡ‼,consonant,1,0.00046,0.0,0.0,10000,10000,,
strict,ɡ‼x,consonant,1,0.00046,0.0,0.0,10000,10000,,
strict,ɡ‼xʼ,consonant,1,0.00046,0.0,0.0,10000,10000,,
strict,ɡ‼ʱ,consonant,1,0.00046,0.0,0.0,10000,10000,,
strict,ɢʁ,consonant,1,0.00046,0.0,0.0,10000,10000,,
strict,ɣv,consonant,1,0.00046,0.0,0.0,10000,10000,,
strict,ɣ̥,consonant,1,0.00046,0.0,0.0,10000,10000,,
strict,ɤ̃ː,vowel,1,0.00046,0.0,0.0,10000,10000,,
strict,ɤ̟̞̃,vowel,1,0.00046,0.0,0.0,10000,10000,,
strict,ɤ̤i̤,vowel,1,0.00046,0.0,0.0,10000,10000,,
strict,ɤ̤ː,vowel,1,0.00046,0.0,0.0,10000,10000,,
strict,ɨ̘,vowel,1,0.00046,0.0,0.0,10000,10000,,
strict,ɨ̜,vowel,1,0.00046,0.0,0.0,10000,10000,,
strict,ɪˤ,vowel,1,0.00046,0.0,0.0,10000,10000,,
strict,ɬʟ͓̥,consonant,1,0.00046,0.0,0.0,10000,17302,,
strict,ɬ̻,consonant,1,0.00046,0.0,0.0,10000,10000,,
strict,ɭ̤,consonant,1,0.00046,0.0,0.0,10000,10000,,
strict,ɮʼ,consonant,1,0.00046,0.0,0.0,10000,10000,,
strict,ɯˑ,vowel,1,0.00046,0.0,0.0,10000,10000,,
strict,ɯ̝,vowel,1,0.00046,0.0,0.0,10000,10000,,
strict,ɯ̤a,vowel,1,0.00046,0.0,0.0,10000,10000,,
strict,ɯ̤i̤,vowel,1,0.00046,0.0,0.0,10000,10000,,
strict,ɯ̤ː,vowel,1,0.00046,0.0,0.0,10000,10000,,
strict,ɯ̽ː,vowel,1,0.00046,0.0,0.0,10000,10000,,
strict,ɰ̃,consonant,1,0.00046,0.0,0.0,10000,10000,,
strict,ɱfɾ,consonant,1,0.00046,0.0,0.0,10000,10000,,
strict,ɱfʲ,consonant,1,0.00046,0.0,0.0,10000,10000,,
strict,ɱfʷ,consonant,1,0.00046,0.0,0.0,10000,10000,,
strict,ɱvɾ,consonant,1,0.00046,0.0,0.0,10000,10000,,
strict,ɱvʲ,consonant,1,0.00046,0.0,0.0,10000,10000,,
strict,ɱð,consonant,1,0.00046,0.0,0.0,10000,10000,,
strict,ɲcʰ,consonant,1,0.00046,0.0,8e-05,10000,815128,,
strict,ɲcʲ,consonant,1,0.00046,0.0,0.0,10000,10000,,
strict,ɲɟʑ,consonant,1,0.00046,0.0,0.0,10000,10000,,
strict,ɲɟʝ,consonant,1,0.00046,0.0,0.0,10000,10000,,
strict,ɲʄ,consonant,1,0.00046,0.0,0.0,10000,10000,,
strict,ɲʼ,consonant,1,0.00046,0.0,0.0,10000,10000,,
strict,ɲ̟dʑ,consonant,1,0.00046,0.0,0.0,10000,10000,,
strict,ɲ̟tɕʰ,consonant,1,0.00046,0.0,0.0,10000,10000,,
strict,ɲ̟̥,consonant,1,0.00046,0.0,0.0,10000,10000,,
strict,ɲ̩,consonant,1,0.00046,0.0,0.0,10000,10000,,
strict,ɲᶣ,consonant,1,0.00046,0.0,0.0,10000,10000,,
strict,ɳɖr,consonant,1,0.00046,0.0,0.0,10000,10000,,
strict,ɳɖr̠,consonant,1,0.00046,0.0,0.00256,10000,26507430,,
strict,ɳʈr̠̥,consonant,1,0.00046,0.0,0.00256,10000,26507430,,
strict,ɳʈɽʰ,consonant,1,0.00046,0.0,0.0,10000,10000,,
strict,ɳ̥,consonant,1,0.00046,0.0,0.0,10000,10000,,
strict,ɵ̃,vowel,1,0.00046,0.0,0.0,10000,10000,,
strict,ɵ̞̆,vowel,1,0.00046,0.0,0.0,10000,10000,,
strict,ɵ̟,vowel,1,0.00046,0.0,1e-05,10000,114065,,
strict,ɶ,vowel,1,0.00046,0.0,0.0,10000,10000,,
strict,ɶː,vowel,1,0.00046,0.0,0.0,10000,10000,,
strict,ɶ̝,vowel,1,0.00046,0.0,0.0,10000,10000,ɑ(1),
strict,ɸʷ,consonant,1,0.00046,0.0,0.0,10000,10000,pʷ(1),
strict,ɸʼ,consonant,1,0.00046,0.0,0.0,10000,10000,,
strict,ɸ̞,consonant,1,0.00046,0.0,0.0,10000,10000,,
strict,ɹ̥,consonant,1,0.00046,0.0,0.0,10000,10000,,
strict,ɹ̪̰̩,consonant,1,0.00046,0.0,0.0,10000,10000,,
strict,ɺ̥,consonant,1,0.00046,0.0,0.0,10000,10000,,
strict,ɻː,consonant,1,0.00046,0.0,0.0,10000,10000,,
strict,ɻ̊,consonant,1,0.00046,0.0,0.0,10000,10000,,
strict,ɽ̩,consonant,1,0.00046,0.0,0.00022,10000,2254608,,
strict,ɾʷʲ,consonant,1,0.00046,0.0,0.0,10000,10000,,
strict,ɾ̃,consonant,1,0.00046,0.0,0.0,10000,10000,,
strict,ʁ̞ʷ,consonant,1,0.00046,0.0,0.0,10000,10000,,
strict,ʁ̞̰ʷ,consonant,1,0.00046,0.0,0.0,10000,10000,,
strict,ʂʰ,consonant,1,0.00046,0.0,0.0,10000,10000,,
strict,ʂʼ,consonant,1,0.00046,0.0,0.0,10000,10000,,
strict,ʂ͉,consonant,1,0.00046,0.0,0.0,10000,10000,,
strict,ʃ̞,consonant,1,0.00046,0.0,0.0,10000,10000,,
strict,ʃ̞ʼ,consonant,1,0.00046,0.0,0.0,10000,10000,,
strict,ʃ͈ː,consonant,1,0.00046,0.0,0.0,10000,10000,ʃ͈ʲ(1),
strict,ʈr̠̥,consonant,1,0.00046,0.0,0.00256,10000,26507430,ʈʂ͇(1),
strict,ʈɹ̠̥,consonant,1,0.00046,0.0,0.00256,10000,26507430,,
strict,ʈɽʰ,consonant,1,0.00046,0.0,0.0,10000,10000,,
strict,ʈʂː,consonant,1,0.00046,0.0,0.0,10000,10000,,
strict,ʉi,vowel,1,0.00046,0.0,0.00011,10000,1177673,,
strict,ʉi̯,vowel,1,0.00046,0.0,0.0,10000,10000,,
strict,ʉ̆,vowel,1,0.00046,0.0,0.0,10000,10000,,
strict,ʊˤ,vowel,1,0.00046,0.0,0.0,10000,10000,,
strict,ʊ̈i,vowel,1,0.00046,0.0,0.0,10000,10000,,
strict,ʊ̞,vowel,1,0.00046,0.0,0.0,10000,10000,,
strict,ʊ̰,vowel,1,0.00046,0.0,0.0,10000,10000,,
strict,ʊ̽,vowel,1,0.00046,0.0,0.0,10000,10000,,
strict,ʋ̩,consonant,1,0.00046,0.0,0.0,10000,10000,,
strict,ʌy,vowel,1,0.00046,0.0,0.0,10000,10000,,
strict,ʌɯ,vowel,1,0.00046,0.0,0.0,10000,10000,,
strict,ʍʲ,consonant,1,0.00046,0.0,0.0,10000,10000,,
strict,ʎʱ,consonant,1,0.00046,0.0,0.0,10000,10000,,
strict,ʎʼ,consonant,1,0.00046,0.0,0.0,10000,10000,,
strict,ʎ̟̥,consonant,1,0.00046,0.0,0.0,10000,10000,,
strict,ʎ̥,consonant,1,0.00046,0.0,0.0,10000,10000,,
strict,ʑᶣ,consonant,1,0.00046,0.0,0.0,10000,10000,,
strict,ʒ̤,consonant,1,0.00046,0.0,0.0,10000,10000,,
strict,ʔj,consonant,1,0.00046,0.0,0.0,10000,10000,,
strict,ʔw,consonant,1,0.00046,0.0,0.0,10000,10000,,
strict,ʕ̰,consonant,1,0.00046,0.0,0.0,10000,10000,,
strict,ʕ̰ʷ,consonant,1,0.00046,0.0,0.0,10000,10000,,
strict,ʟ͓̥,consonant,1,0.00046,0.0,0.0,10000,10000,,
strict,ʰs̪|ʰs,consonant,1,0.00046,0.0,0.0,10000,10000,,
strict,ʰʃ,consonant,1,0.00046,0.0,0.0,10000,10000,,
strict,ʼŋǀ,consonant,1,0.00046,0.0,0.0,10000,10000,,
strict,ʼŋǃ,consonant,1,0.00046,0.0,0.0,10000,10000,,
strict,ˀb͉,consonant,1,0.00046,0.0,0.0,10000,10000,ʔm(1),
strict,ˀc,consonant,1,0.00046,0.0,0.0,10000,10000,,
strict,ˀj̰,consonant,1,0.00046,0.0,0.0,10000,10000,ʔɲ̰(1),
strict,ˀk,consonant,1,0.00046,0.0,0.0,10000,10000,,
strict,ˀkp,consonant,1,0.00046,0.0,0.0,10000,10000,,
strict,ˀs,consonant,1,0.00046,0.0,0.0,10000,10000,,
strict,ˀt,consonant,1,0.00046,0.0,0.0,10000,10000,,
strict,ˀw̰,consonant,1,0.00046,0.0,0.0,10000,10000,ʔŋ̰ʷ(1),
strict,ˀy,vowel,1,0.00046,0.0,0.0,10000,10000,,
strict,ˀɡb,consonant,1,0.00046,0.0,0.0,10000,10000,,
strict,ˀɡʷ,consonant,1,0.00046,0.0,0.0,10000,10000,,
strict,ˀʃʷ,consonant,1,0.00046,0.0,0.0,10000,10000,,
strict,ˀʍ,consonant,1,0.00046,0.0,0.0,10000,10000,,
strict,ˀʍʲ,consonant,1,0.00046,0.0,0.0,10000,10000,,
strict,β̃,consonant,1,0.00046,0.0,0.0,10000,10000,,
strict,θʼ,consonant,1,0.00046,0.0,0.0,10000,10000,,
strict,θ̪,consonant,2,0.00092,0.0,0.03663,10000,378802526,,
strict,ᴅ̪,consonant,1,0.00046,0.0,0.0,10000,10000,,
strict,ᴅ̪̰,consonant,1,0.00046,0.0,0.0,10000,10000,,
strict,ᶑʼː,consonant,1,0.00046,0.0,0.0,10000,10000,,
strict,kʷʰː,consonant,2,0.00092,0.0,0.0,9780,9780,,
strict,xh,consonant,1,0.00046,0.0,0.0,9650,9650,,
strict,ĕ,vowel,2,0.00092,0.0,0.0,9420,9619,,
strict,ẵ,vowel,1,0.00046,0.0,0.0,9000,9000,,
strict,ĩẽ̞,vowel,1,0.00046,0.0,0.0,9000,9000,,
strict,ŏ̃,vowel,1,0.00046,0.0,0.0,9000,9000,,
strict,ŭ̃,vowel,1,0.00046,0.0,0.0,9000,9000,,
strict,ŋ̥ʲ,consonant,1,0.00046,0.0,0.0,9000,9000,,
strict,ɛ̆̃,vowel,1,0.00046,0.0,0.0,9000,9000,,
strict,i̯ai̯,vowel,1,0.00046,0.0,0.0,8500,24586,,
strict,i̯eu̯,vowel,1,0.00046,0.0,0.0,8500,24586,,
strict,u̯ai̯,vowel,1,0.00046,0.0,0.0,8500,24586,,
strict,ɟʝ̞,consonant,1,0.00046,0.0,0.0,8500,24586,,
strict,ɾ̞,consonant,1,0.00046,0.0,0.0,8500,24586,,
strict,ḛ̃,vowel,3,0.00138,0.0,0.0,8060,8060,,
strict,ʰkʷ,consonant,2,0.00092,0.0,0.0,7680,7680,,
strict,t̪ʰː,consonant,1,0.00046,0.0,0.0,7210,7210,,
strict,t̪ʼː,consonant,1,0.00046,0.0,0.0,7210,7210,,
strict,ɓ̥ː,consonant,1,0.00046,0.0,0.0,7210,7210,,
strict,ɾː,consonant,1,0.00046,0.0,0.0,7210,7210,,
strict,ə̰̃,vowel,1,0.00046,0.0,0.0,7000,7000,,
strict,ɛ̰̃,vowel,1,0.00046,0.0,0.0,7000,7000,,
strict,oːu,vowel,1,0.00046,0.0,0.0,6780,6780,,
strict,y̆,vowel,1,0.00046,0.0,0.0,6780,6780,ɔ(1) ø(1),
strict,ɯ̆,vowel,1,0.00046,0.0,0.0,6780,6780,,
strict,ʰq,consonant,1,0.00046,0.0,0.0,6780,6780,,
strict,çː,consonant,2,0.00092,0.0,0.0,6500,6500,,
strict,tɬʰː,consonant,2,0.00092,0.0,0.0,6130,6130,,
strict,ĩ̞,vowel,1,0.00046,0.0,0.0,6000,6000,,
strict,kxʰː,consonant,1,0.00046,0.0,0.0,6000,6000,,
strict,qχʰː,consonant,1,0.00046,0.0,0.0,6000,6000,,
strict,ʃʼː,consonant,1,0.00046,0.0,0.0,6000,6000,,
strict,χʼː,consonant,1,0.00046,0.0,0.0,6000,6000,,
strict,ts͇,consonant,1,0.00046,0.0,0.0,5500,5500,,
strict,f̰,consonant,1,0.00046,0.0,0.0,5130,6574,,
strict,θ̰,consonant,1,0.00046,0.0,0.0,5130,6574,,
strict,ʱn,consonant,2,0.00092,0.0,0.0,4240,4240,,
strict,aᴱ,vowel,1,0.00046,0.0,0.0,4200,4200,,
strict,dʼkxʼ,consonant,1,0.00046,0.0,0.0,4200,4200,,
strict,d̪x,consonant,1,0.00046,0.0,0.0,4200,4200,,
strict,d̪ʼkxʼ,consonant,1,0.00046,0.0,0.0,4200,4200,,
strict,eˤ,vowel,1,0.00046,0.0,0.0,4200,4200,,
strict,kǀh,consonant,1,0.00046,0.0,0.0,4200,4200,,
strict,kǀkxʼ,consonant,1,0.00046,0.0,0.0,4200,4200,,
strict,kǀʔ,consonant,1,0.00046,0.0,0.0,4200,4200,,
strict,kǁh,consonant,1,0.00046,0.0,0.0,4200,4200,,
strict,kǁkxʼ,consonant,1,0.00046,0.0,0.0,4200,4200,,
strict,kǁʔ,consonant,1,0.00046,0.0,0.0,4200,4200,,
strict,kǂh,consonant,1,0.00046,0.0,0.0,4200,4200,,
strict,kǂkxʼ,consonant,1,0.00046,0.0,0.0,4200,4200,,
strict,kǂʔ,consonant,1,0.00046,0.0,0.0,4200,4200,,
strict,kǃh,consonant,1,0.00046,0.0,0.0,4200,4200,,
strict,kǃkxʼ,consonant,1,0.00046,0.0,0.0,4200,4200,,
strict,kǃʔ,consonant,1,0.00046,0.0,0.0,4200,4200,,
strict,kʘh,consonant,1,0.00046,0.0,0.0,4200,4200,,
strict,kʘkxʼ,consonant,1,0.00046,0.0,0.0,4200,4200,,
strict,kʘx,consonant,1,0.00046,0.0,0.0,4200,4200,,
strict,kʘʔ,consonant,1,0.00046,0.0,0.0,4200,4200,,
strict,kʘʰ,consonant,1,0.00046,0.0,0.0,4200,4200,qʘʰ(1),
strict,oᴱ,vowel,1,0.00046,0.0,0.0,4200,4200,,
strict,pʼkxʼ,consonant,1,0.00046,0.0,0.0,4200,4200,,
strict,qǀ,consonant,1,0.00046,0.0,0.0,4200,4200,,
strict,qǀʼ,consonant,1,0.00046,0.0,0.0,4200,4200,,
strict,qǁ,consonant,1,0.00046,0.0,0.0,4200,4200,,
strict,qǁʼ,consonant,1,0.00046,0.0,0.0,4200,4200,,
strict,qǂ,consonant,1,0.00046,0.0,0.0,4200,4200,,
strict,qǂʼ,consonant,1,0.00046,0.0,0.0,4200,4200,,
strict,qǃ,consonant,1,0.00046,0.0,0.0,4200,4200,,
strict,qǃʼ,consonant,1,0.00046,0.0,0.0,4200,4200,,
strict,qʘ,consonant,1,0.00046,0.0,0.0,4200,4200,,
strict,qʘʼ,consonant,1,0.00046,0.0,0.0,4200,4200,,
strict,tʼkxʼ,consonant,1,0.00046,0.0,0.0,4200,4200,,
strict,t̪x,consonant,1,0.00046,0.0,0.0,4200,4200,,
strict,t̪ʼkxʼ,consonant,1,0.00046,0.0,0.0,4200,4200,,
strict,uᴱ,vowel,1,0.00046,0.0,0.0,4200,4200,,
strict,ŋʘ,consonant,1,0.00046,0.0,0.0,4200,4200,,
strict,ŋ̊ǀ,consonant,1,0.00046,0.0,0.0,4200,4200,,
strict,ŋ̊ǁ,consonant,1,0.00046,0.0,0.0,4200,4200,,
strict,ŋ̊ǂ,consonant,1,0.00046,0.0,0.0,4200,4200,,
strict,ŋ̊ǃ,consonant,1,0.00046,0.0,0.0,4200,4200,,
strict,ŋ̊ʘ,consonant,1,0.00046,0.0,0.0,4200,4200,,
strict,ɡǀkxʼ,consonant,1,0.00046,0.0,0.0,4200,4200,,
strict,ɡǀkʰ,consonant,1,0.00046,0.0,0.0,4200,4200,ɡǀqʰ(1),
strict,ɡǁkxʼ,consonant,1,0.00046,0.0,0.0,4200,4200,,
strict,ɡǁkʰ,consonant,1,0.00046,0.0,0.0,4200,4200,ɡǁqʰ(1),
strict,ɡǂkxʼ,consonant,1,0.00046,0.0,0.0,4200,4200,,
strict,ɡǂkʰ,consonant,1,0.00046,0.0,0.0,4200,4200,ɡǂqʰ(1),
strict,ɡǃkxʼ,consonant,1,0.00046,0.0,0.0,4200,4200,,
strict,ɡǃkʰ,consonant,1,0.00046,0.0,0.0,4200,4200,ɡǃqʱ(1),
strict,ɡʘ,consonant,1,0.00046,0.0,0.0,4200,4200,,
strict,ɡʘkxʼ,consonant,1,0.00046,0.0,0.0,4200,4200,,
strict,ɡʘkʰ,consonant,1,0.00046,0.0,0.0,4200,4200,ɡʘqʰ(1),
strict,ɡʘx,consonant,1,0.00046,0.0,0.0,4200,4200,,
strict,ɡʼkxʼ,consonant,1,0.00046,0.0,0.0,4200,4200,,
strict,ɢǀ,consonant,1,0.00046,0.0,0.0,4200,4200,ɴǀɢ(1),
strict,ɢǀqʰ,consonant,1,0.00046,0.0,0.0,4200,4200,ɴɢǀqʰ(1),
strict,ɢǁ,consonant,1,0.00046,0.0,0.0,4200,4200,ɴǁɢ(1),
strict,ɢǁqʰ,consonant,1,0.00046,0.0,0.0,4200,4200,ɴɢǁqʰ(1),
strict,ɢǂ,consonant,1,0.00046,0.0,0.0,4200,4200,ɴǂɢ(1),
strict,ɢǃ,consonant,1,0.00046,0.0,0.0,4200,4200,ɴǃɢ(1),
strict,ɢǃqʰ,consonant,1,0.00046,0.0,0.0,4200,4200,ɴɢǃqʰ(1),
strict,ɢʘ,consonant,1,0.00046,0.0,0.0,4200,4200,ɴʘɢ(1),
strict,ɢʱ,consonant,1,0.00046,0.0,0.0,4200,4200,,
strict,ʔŋǀ,consonant,1,0.00046,0.0,0.0,4200,4200,,
strict,ʔŋǁ,consonant,1,0.00046,0.0,0.0,4200,4200,,
strict,ʔŋǂ,consonant,1,0.00046,0.0,0.0,4200,4200,,
strict,ʔŋǃ,consonant,1,0.00046,0.0,0.0,4200,4200,,
strict,ʔŋʘ,consonant,1,0.00046,0.0,0.0,4200,4200,,
strict,n̪̩,consonant,1,0.00046,0.0,0.0,4100,4100,,
strict,uɑ˞,vowel,1,0.00046,0.0,0.0,4100,4100,,
strict,yi,vowel,1,0.00046,0.0,0.0,4100,4100,,
strict,ɑ˞,vowel,1,0.00046,0.0,0.0,4100,4100,,
strict,ɨ̞̃,vowel,1,0.00046,0.0,0.0,3802,3802,,
strict,ɹ̝,consonant,1,0.00046,0.0,0.0,2700,2700,,
strict,aʲ,vowel,2,0.00092,0.0,0.0,2525,2525,,
strict,xʼ,consonant,2,0.00092,0.0,0.0,2500,8707,,
strict,aʲː,vowel,1,0.00046,0.0,0.0,2400,2400,,
strict,ɬˠ,consonant,1,0.00046,0.0,3e-05,2025,295724,,
strict,ɾ̥ʲ,consonant,1,0.00046,0.0,3e-05,2025,295724,,
strict,ai̯ː,vowel,1,0.00046,0.0,0.0,2000,2000,,
strict,auː,vowel,1,0.00046,0.0,0.0,2000,2000,,
strict,ãɪ̯ː,vowel,1,0.00046,0.0,0.0,2000,2000,,
strict,d̺z̺,consonant,1,0.00046,0.0,0.0,2000,2000,,
strict,d̺z̺ː,consonant,1,0.00046,0.0,0.0,2000,2000,,
strict,i̯uo,vowel,1,0.00046,0.0,0.0,2000,2000,,
strict,i̯ũo,vowel,1,0.00046,0.0,0.0,2000,2000,,
strict,s̺ː,consonant,1,0.00046,0.0,0.0,2000,2000,,
strict,t̺s̺ː,consonant,1,0.00046,0.0,0.0,2000,2000,,
strict,uoː,vowel,1,0.00046,0.0,0.0,2000,2000,,
strict,ũo,vowel,1,0.00046,0.0,0.0,2000,2000,,
strict,ũoː,vowel,1,0.00046,0.0,0.0,2000,2000,,
strict,yœː,vowel,1,0.00046,0.0,0.0,2000,2000,,
strict,ỹœ,vowel,1,0.00046,0.0,0.0,2000,2000,,
strict,ỹœː,vowel,1,0.00046,0.0,0.0,2000,2000,,
strict,ɔy̯ː,vowel,1,0.00046,0.0,0.0,2000,2000,,
strict,ɔ̞ː,vowel,1,0.00046,0.0,0.0,2000,2000,,
strict,ɔ̞̃,vowel,1,0.00046,0.0,0.0,2000,2000,,
strict,ɔ̞̃ː,vowel,1,0.00046,0.0,0.0,2000,2000,,
strict,ɪɛː,vowel,1,0.00046,0.0,0.0,2000,2000,,
strict,ɪ̃ɛ,vowel,1,0.00046,0.0,0.0,2000,2000,,
strict,ɪ̃ɛː,vowel,1,0.00046,0.0,0.0,2000,2000,,
strict,ʏ̃,vowel,1,0.00046,0.0,0.0,2000,2000,,
strict,ʏ̃ː,vowel,1,0.00046,0.0,0.0,2000,2000,,
strict,ɹ̪̥|ɹ̥,consonant,1,0.00046,0.0,0.0,1800,1800,,
strict,ɾ͓,consonant,1,0.00046,0.0,0.0,1800,1800,,
strict,ɟ̰̩,consonant,1,0.00046,0.0,0.0,1700,1700,tʃ(1) ʲd(1) ʲt(1),
strict,R̪̥|R̥,consonant,1,0.00046,0.0,0.0,1500,1500,,
strict,i̤ə̤,vowel,1,0.00046,0.0,0.0,1500,1500,,
strict,ṳə̤,vowel,1,0.00046,0.0,0.0,1500,1500,,
strict,ɯ̤ə̤,vowel,1,0.00046,0.0,0.0,1500,1500,,
strict,ʱw,consonant,2,0.00092,0.0,0.0,1140,1140,,
strict,d̪ʷ|dʷ,consonant,1,0.00046,0.0,0.0,970,970,,
strict,qχʷ,consonant,1,0.00046,0.0,0.0,970,970,,
strict,qχʷʼ,consonant,1,0.00046,0.0,0.0,970,970,,
strict,qχʷˤ,consonant,1,0.00046,0.0,0.0,970,970,,
strict,qχʷˤʼ,consonant,1,0.00046,0.0,0.0,970,970,,
strict,qχˤ,consonant,1,0.00046,0.0,0.0,970,970,,
strict,qχˤʼ,consonant,1,0.00046,0.0,0.0,970,970,,
strict,qχˤː,consonant,1,0.00046,0.0,0.0,970,970,,
strict,s̪ʷː|sʷː,consonant,1,0.00046,0.0,0.0,970,970,,
strict,t̪ɬ̪ʷʰ|tɬʷʰ,consonant,1,0.00046,0.0,0.0,970,970,,
strict,t̪ɬ̪ʷʼ|tɬʷʼ,consonant,1,0.00046,0.0,0.0,970,970,,
strict,t̪ʷʰ|tʷʰ,consonant,1,0.00046,0.0,0.0,970,970,,
strict,t̪ː|tː,consonant,1,0.00046,0.0,0.0,970,970,,
strict,z̪ʷ|zʷ,consonant,1,0.00046,0.0,0.0,970,970,,
strict,ɬ̪ʷ|ɬʷ,consonant,1,0.00046,0.0,0.0,970,970,,
strict,ɬ̪ʷː|ɬʷː,consonant,1,0.00046,0.0,0.0,970,970,,
strict,χʷˤː,consonant,1,0.00046,0.0,0.0,970,970,,
strict,χˤː,consonant,1,0.00046,0.0,0.0,970,970,,
strict,eɛ,vowel,1,0.00046,0.0,0.0,938,938,,
strict,oɔ,vowel,1,0.00046,0.0,0.0,938,938,,
strict,ʰc,consonant,1,0.00046,0.0,0.0,900,900,,
strict,ʱb,consonant,1,0.00046,0.0,0.0,900,900,,
strict,ʱj,consonant,1,0.00046,0.0,0.0,900,900,,
strict,ʱɟ,consonant,1,0.00046,0.0,0.0,900,900,,
strict,e̞̰,vowel,2,0.00092,0.0,0.0,823,823,,
strict,ẽ̞̰,vowel,1,0.00046,0.0,0.0,720,720,,
strict,hˀ,consonant,1,0.00046,0.0,0.0,720,720,,
strict,o̞̰,vowel,1,0.00046,0.0,0.0,720,720,,
strict,õ̞̰,vowel,1,0.00046,0.0,0.0,720,720,,
strict,ɺ̠̰,consonant,1,0.00046,0.0,0.0,720,720,,
strict,ɤ̞ː,vowel,2,0.00092,0.0,0.0,655,655,,
strict,ˀj̥,consonant,1,0.00046,0.0,0.0,610,610,,
strict,ˀkʷ,consonant,1,0.00046,0.0,0.0,610,610,,
strict,ˀl̪̥,consonant,1,0.00046,0.0,0.0,610,610,,
strict,ˀm̥,consonant,1,0.00046,0.0,0.0,610,610,,
strict,ˀn̪̥,consonant,1,0.00046,0.0,0.0,610,610,,
strict,ˀq,consonant,1,0.00046,0.0,0.0,610,610,,
strict,ˀt̪,consonant,1,0.00046,0.0,0.0,610,610,,
strict,ˀt̪s,consonant,1,0.00046,0.0,0.0,610,610,,
strict,ˀt̪ɬ,consonant,1,0.00046,0.0,0.0,610,610,,
strict,ˀw̥,consonant,1,0.00046,0.0,0.0,610,610,,
strict,d̪z̪ʲ|dzʲ,consonant,1,0.00046,0.0,0.0,600,297,,
strict,r̪ʲ|rʲ,consonant,1,0.00046,0.0,0.0,600,297,,
strict,t̪s̪ʲ|tsʲ,consonant,1,0.00046,0.0,0.0,600,297,,
strict,β̞ʲ,consonant,1,0.00046,0.0,0.0,600,297,,
strict,l̥ʲ,consonant,3,0.00138,0.0,0.0,584,584,,
strict,ʈˀ,consonant,1,0.00046,0.0,0.0,550,550,,
strict,r̥ʲ,consonant,2,0.00092,0.0,0.0,502,502,,
strict,bʲː,consonant,1,0.00046,0.0,0.0,500,500,,
strict,b̥ː,consonant,1,0.00046,0.0,0.0,500,500,,
strict,d̥z̥ʲ,consonant,1,0.00046,0.0,0.0,500,500,,
strict,d̥ː,consonant,1,0.00046,0.0,0.0,500,500,,
strict,fʲː,consonant,1,0.00046,0.0,0.0,500,500,,
strict,kʲː,consonant,1,0.00046,0.0,0.0,500,500,,
strict,l̥ʲː,consonant,1,0.00046,0.0,0.0,500,500,,
strict,mʲː,consonant,1,0.00046,0.0,0.0,500,500,,
strict,m̥ʲː,consonant,1,0.00046,0.0,0.0,500,500,,
strict,m̥ː,consonant,1,0.00046,0.0,0.0,500,500,,
strict,n̥ʲ,consonant,1,0.00046,0.0,0.0,500,500,,
strict,n̥ʲː,consonant,1,0.00046,0.0,0.0,500,500,,
strict,n̥ː,consonant,1,0.00046,0.0,0.0,500,500,,
strict,o̞ä,vowel,1,0.00046,0.0,0.0,500,500,,
strict,pʲː,consonant,1,0.00046,0.0,0.0,500,500,,
strict,rʲː,consonant,1,0.00046,0.0,0.0,500,500,,
strict,r̥ʲː,consonant,1,0.00046,0.0,0.0,500,500,,
strict,r̥ː,consonant,1,0.00046,0.0,0.0,500,500,,
strict,tsʲː,consonant,1,0.00046,0.0,0.0,500,500,,
strict,tsˀ,consonant,1,0.00046,0.0,0.0,500,500,,
strict,tɕː,consonant,1,0.00046,0.0,0.0,500,500,,
strict,uä,vowel,1,0.00046,0.0,0.0,500,500,,
strict,ue̞,vowel,1,0.00046,0.0,0.0,500,500,,
strict,xʲː,consonant,1,0.00046,0.0,0.0,500,500,,
strict,xʷʼ,consonant,1,0.00046,0.0,0.0,500,500,,
strict,zʲː,consonant,1,0.00046,0.0,0.0,500,500,,
strict,ŋʲː,consonant,1,0.00046,0.0,0.0,500,500,,
strict,ɡʲː,consonant,1,0.00046,0.0,0.0,500,500,,
strict,ɡ̊ː,consonant,1,0.00046,0.0,0.0,500,500,,
strict,ɬ̪ʼ|ɬʼ,consonant,1,0.00046,0.0,0.0,500,500,,
strict,ʂː,consonant,1,0.00046,0.0,0.0,500,500,,
strict,ʝː,consonant,1,0.00046,0.0,0.0,500,500,,
strict,ʰkʲ,consonant,1,0.00046,0.0,0.0,500,500,,
strict,ʰpʲ,consonant,1,0.00046,0.0,0.0,500,500,,
strict,ʰtsʲ,consonant,1,0.00046,0.0,0.0,500,500,,
strict,ʰtɕ,consonant,1,0.00046,0.0,0.0,500,500,,
strict,ʰtʲ,consonant,1,0.00046,0.0,0.0,500,500,,
strict,βʲː,consonant,1,0.00046,0.0,0.0,500,500,,
strict,χʷʼ,consonant,1,0.00046,0.0,0.0,500,500,,
strict,iɐ,vowel,1,0.00046,0.0,0.0,420,619,,
strict,ua̟,vowel,1,0.00046,0.0,0.0,420,619,,
strict,uɐ,vowel,1,0.00046,0.0,0.0,420,619,,
strict,ɑ̆,vowel,1,0.00046,0.0,0.0,420,619,,
strict,ɛa̟,vowel,1,0.00046,0.0,0.0,420,619,,
strict,ɛɐ,vowel,1,0.00046,0.0,0.0,420,619,,
strict,cˀ,consonant,1,0.00046,0.0,0.0,400,400,,
strict,ɗ̠,consonant,1,0.00046,0.0,0.0,400,400,,
strict,ɔ̟̜,vowel,2,0.00092,0.0,0.0,218,218,,
strict,Rʲ,consonant,1,0.00046,0.0,0.0,150,150,,
strict,ɔ̃ĩ,vowel,2,0.00092,0.0,0.0,145,145,,
strict,cʰː,consonant,1,0.00046,0.0,0.0,130,130,,
strict,qχʰ,consonant,1,0.00046,0.0,0.0,130,130,,
strict,ãʲ,vowel,1,0.00046,0.0,0.0,125,125,,
strict,oʲ,vowel,1,0.00046,0.0,0.0,125,125,,
strict,õʲ,vowel,1,0.00046,0.0,0.0,125,125,,
strict,u̟,vowel,1,0.00046,0.0,0.0,125,125,,
strict,u̯ɑ,vowel,1,0.00046,0.0,0.0,125,125,,
strict,ɨ̃ĩ,vowel,1,0.00046,0.0,0.0,125,125,,
strict,ɵ̞̰,vowel,1,0.00046,0.0,0.0,103,103,,
strict,l̻̰,consonant,1,0.00046,0.0,0.0,100,100,ˀl̥(1),
strict,ãɛ̃,vowel,1,0.00046,0.0,0.0,93,93,,
strict,pʰː,consonant,1,0.00046,0.0,0.0,93,93,,
strict,ħ̃ʲ,consonant,1,0.00046,0.0,0.0,93,93,,
strict,œ̃ɛ̃,vowel,1,0.00046,0.0,0.0,93,93,,
strict,ɔ̟̜ː,vowel,1,0.00046,0.0,0.0,93,93,,
strict,ɔ̟̜̃ː,vowel,1,0.00046,0.0,0.0,93,93,,
strict,ɔ̟̜̰,vowel,1,0.00046,0.0,0.0,93,93,,
strict,ɛ̃ːi̯,vowel,1,0.00046,0.0,0.0,93,93,,
strict,ɞ̜,vowel,1,0.00046,0.0,0.0,93,93,,
strict,ɞ̜ː,vowel,1,0.00046,0.0,0.0,93,93,,
strict,ɞ̜̃ː,vowel,1,0.00046,0.0,0.0,93,93,,
strict,ɞ̜̰,vowel,1,0.00046,0.0,0.0,93,93,,
strict,ɟ̥ʝ̥,consonant,1,0.00046,0.0,0.0,93,93,,
strict,ɨ̞ː,vowel,1,0.00046,0.0,0.0,93,93,,
strict,ɨ̞̃ː,vowel,1,0.00046,0.0,0.0,93,93,,
strict,ɨ̞̰,vowel,1,0.00046,0.0,0.0,93,93,,
strict,ʉ̰,vowel,1,0.00046,0.0,0.0,93,93,,
strict,o̞̜,vowel,1,0.00046,0.0,0.0,82,82,,
strict,q̺,consonant,1,0.00046,0.0,0.0,82,82,,
strict,t̺ɕ̺,consonant,1,0.00046,0.0,0.0,82,82,,
strict,t̺ɕ̺ʼ,consonant,1,0.00046,0.0,0.0,82,82,,
strict,yø,vowel,1,0.00046,0.0,0.0,70,70,,
strict,øə,vowel,1,0.00046,0.0,0.0,70,70,,
strict,ɔʏ,vowel,1,0.00046,0.0,0.0,70,70,,
strict,uœ,vowel,1,0.00046,0.0,0.0,50,50,,
strict,tɬ̰,consonant,1,0.00046,0.0,0.0,40,40,,
strict,ɾ̰,consonant,1,0.00046,0.0,0.0,30,30,,
strict,ʔɾ,consonant,1,0.00046,0.0,0.0,30,30,,
strict,a̟i,vowel,1,0.00046,0.0,0.0,20,20,,
strict,ã̟ĩ,vowel,1,0.00046,0.0,0.0,20,20,,
strict,d̪l̪,consonant,1,0.00046,0.0,0.0,20,20,,
strict,t̰s̰,consonant,1,0.00046,0.0,0.0,20,20,,
strict,s̻θ,consonant,1,0.00046,0.0,0.0,12,12,θ(1),
strict,t̠ːʃ,consonant,1,0.00046,0.0,0.0,12,12,,
strict,o̞̜ː,vowel,1,0.00046,0.0,0.0,11,11,,
strict,ə̞̆,vowel,1,0.00046,0.0,0.0,11,11,,
strict,ʡˤ,consonant,1,0.00046,0.0,0.0,11,11,,
strict,t̻s̻ʰ,consonant,1,0.00046,0.0,0.0,8,8,,
strict,t̻s̻ʼ,consonant,1,0.00046,0.0,0.0,8,8,,
strict,t̪ʙ,consonant,1,0.00046,0.0,0.0,5,5,,
strict,wʼ,consonant,1,0.00046,0.0,0.0,4,4,,
strict,yʼ,vowel,1,0.00046,0.0,0.0,4,4,,
strict,ɹˤ,consonant,1,0.00046,0.0,0.0,4,4,,
strict,ɹ̰ˤ,consonant,1,0.00046,0.0,0.0,4,4,,
strict,ʕʷʼ,consonant,1,0.00046,0.0,0.0,4,4,,
strict,ʕʼ,consonant,1,0.00046,0.0,0.0,4,4,,
strict,iɛi̯,vowel,1,0.00046,0.0,0.0,2,2,,
strict,oä,vowel,1,0.00046,0.0,0.0,2,2,,
strict,ɨi̯,vowel,1,0.00046,0.0,0.0,2,2,,
strict,ɫ̥,consonant,1,0.00046,0.0,0.0,2,2,,
strict,ɨ̰,vowel,1,0.00046,0.0,0.0,1,1,,
strict,d̙ˤ,consonant,1,0.00046,0.0,0.03663,0,378792526,,
strict,d̪ʒ,consonant,1,0.00046,0.0,0.03663,0,378792526,,
strict,n̪ː|nː,consonant,1,0.00046,0.0,0.0,0,0,,
strict,s̙ˤ,consonant,1,0.00046,0.0,0.03663,0,378792526,,
strict,t̪̙ˤ,consonant,1,0.00046,0.0,0.03663,0,378792526,,
strict,xʀ̥,consonant,1,0.00046,0.0,0.03663,0,378792526,,
strict,ð̪,consonant,1,0.00046,0.0,0.03663,0,378792526,,
strict,ð̪̙ˤ,consonant,1,0.00046,0.0,0.03663,0,378792526,,
strict,ə̟̆,vowel,1,0.00046,0.0,0.0,0,0,,
strict,ʊ̜,vowel,1,0.00046,0.0,0.0,0,0,,
strict,ʕ̙,consonant,1,0.00046,0.0,0.03663,0,378792526,,
lumped,m,consonant,2111,0.96968,0.9989,0.99948,6147741097,10335938440,mʷ(30) m̥(27) mʲ(25) ɱ(25) ŋ(21) n(15) mb(12) ɲ(8),mʰ mʱ mː mˑ m̩ ʱm
lumped,k,consonant,2081,0.9559,0.99839,0.99911,6144628530,10332139366,kʰ(266) ɡ(109) kʲ(56) kʷ(55) ɣ(30) x(28) ʔ(27) c(19),kʰ kʰː kː kˑ k̟ k̟ʰ k̻ ʰk ʰkʰ ʰkː
lumped,i,vowel,2116,0.97198,0.99164,0.99321,6103069572,10271159347,ɪ(138) ĩ(81) i̥(41) e(32) ɨ(30) j(28) ə(9) ḭ(8),iʱ iː iˑ ĭ ï i̞ i̞ː i̠ i̩ː i̯ i̽
lumped,t,consonant,2044,0.93891,0.99065,0.99425,6096960645,10281843545,tʰ(280) d(88) tʲ(42) tʷ(19) ts(16) ɾ(15) tʃ(15) ð(10),tʰ tʰː tː tˑ t̟ t̠ t̠ʰ t̪ t̪ʰ t̪ʰː t̪ː t̪̺ t̪̻ t̺ t̺ʰ t̺ː t̻ t̻ʰ t̻ʰː t̻ː ʰt ʰtʰ ʰtː
lumped,n,consonant,2060,0.94626,0.98954,0.99386,6090179183,10277857453,ŋ(131) ɲ(64) m(36) nʲ(34) n̥(29) nʷ(18) ɳ(14) nd(12),nʰ nʱ nː nˑ n̠ n̩ n̪ n̪ʱ n̪ː n̪̩ n̪̺ n̺ n̻ n̻ː ʱn ʱn̪
lumped,a,vowel,2155,0.98989,0.98904,0.99161,6087069617,10254536544,ɑ(147) ã(82) ə(55) ɐ(55) æ(45) ʌ(39) ḁ(28) ɛ(17),aʱ aː aˑ ă ä äː a̞ a̟ a̟ː a̠ a̠ː ä̠ ä̠ː ɐ ɐː ɐ̆ ɐ̟ ɑ ɑː ɑˑ ɑ̆ ɑ̈ ɑ̈ː ɑ̝ ɑ̝ː ɑ̟ː ɑ̟ˑ ɑ̟̝
lumped,s,consonant,1601,0.73542,0.98481,0.99105,6061032929,10248758726,ʃ(98) z(42) sʲ(26) sʷ(18) ts(11) h(7) ç(5) sʰ(5),sʰ sː sˑ s̟ s̠ s̩ s̪ s̪ː s̪̻ s̺ s̺ː s̺̠ s̻ s̻ː s̻̠ ʰsʰ
lumped,p,consonant,1958,0.8994,0.96825,0.94464,5959115921,9768817397,pʰ(247) b(87) ɸ(31) pʷ(28) pʲ(28) f(22) β(18) ʰp(11),pʰ pʰː pː pˑ p̻ ʰp ʰpʰ ʰpː
lumped,u,vowel,2025,0.93018,0.96384,0.9734,5931983178,10066276132,ʊ(88) ũ(72) u̥(32) o(31) w(25) ʉ(16) y(13) ɯ(11),uʱ uː uˑ ŭ ü üː u̞ u̞ː u̞ˑ u̟ u̠ u̯
lumped,l,consonant,1716,0.78824,0.91458,0.9382,5628788913,9702286052,r(37) lʲ(30) l̥(27) ɾ(24) d(24) n(22) ʎ(16) ɭ(13),lʰ lʱ lː lˑ l̟ l̠ l̩ l̪ l̪ʱ l̪ː l̪̩ l̺ l̻ l̻ː ʱl
lumped,j,consonant,1984,0.91135,0.89777,0.93486,5525380912,9667725916,j̃(26) j̥(24) ʝ(18) ɲ(14) i(8) ʒ(7) dʒ(7) jʷ(7),jʱ jː j̟ j̪ j̻ ʱj
lumped,r,consonant,1713,0.78686,0.89373,0.89469,5500495435,9252287181,ɾ(319) ɽ(59) ɹ(55) r̥(36) ɻ(29) l(19) d(18) rʲ(11),rʰ rʱ rː rˑ r̝ r̟ r̠ r̩ r̪ r̪ː r̺ ɹ ɹ̝ ɹ̩ ɹ̪̩ ɹ̺ ɻ ɻː ɻ̟ ɻ̩ ɻ̺ ɽ ɽʰ ɽʱ ɽ̩ ɾ ɾʱ ɾː ɾ̞ ɾ̠ ɾ̪ ɾ̺ ɾ̻ ʱɾ ʱɾ̪
lumped,f,consonant,954,0.43822,0.79426,0.86334,4888292268,8928145017,v(24) fʷ(23) fʲ(21) ɸ(19) p(6) fˠ(4) β(3) f̃(2),fʰ fː fˑ f̩
lumped,b,consonant,1369,0.62885,0.75724,0.79989,4660433431,8271982135,β(59) p(52) bʷ(38) mb(36) bʲ(31) bʱ(20) v(12) b̥(12),bʰ bʱ bʱː bː b̩ b̪ b̻ ʱb
lumped,d,consonant,1305,0.59945,0.75104,0.79828,4622297140,8255262881,nd(35) t(31) r(28) dʲ(26) ɾ(26) ð(24) dʱ(20) dʷ(18),dʰ dʱ dː d̞ d̟ d̠ d̩ d̪ d̪ʰ d̪ʱ d̪ʱː d̪ː d̪̚ d̪̺ d̪̻ d̺ d̺ʱ d̺ː d̻ d̻ː ʱd
lumped,w,consonant,1874,0.86082,0.74797,0.80052,4603401768,8278498950,w̃(28) β(27) ɥ(23) v(19) ʍ(15) ʋ(9) u(8) o(6),wʰ wʱ wː ẅ w̞ ʱw
lumped,ɡ,consonant,1240,0.56959,0.73731,0.74726,4537807260,7727693556,ɣ(71) ɡʷ(37) ɡʲ(34) ŋɡ(31) k(28) ɡʱ(20) ŋ(10) ɟ(10),ɡʰ ɡʱ ɡː ɡ̟ ɡ̩ ʱɡ
lumped,e,vowel,1646,0.75609,0.73374,0.74976,4515804858,7753565742,ɛ(115) ẽ(68) ɪ(22) ə(19) e̥(17) i(17) ei(8) ḛ(8),eʱ eː eˑ ĕ ë ëː e̝ e̞ e̞ː ĕ̞ ë̞ e̠ e̠̞ e̯
lumped,o,vowel,1620,0.74414,0.708,0.61161,4357411978,6324910209,ɔ(93) õ(76) u(29) ʊ(20) o̥(18) o̰(9) ə(8) ɤ(8),oː oˑ ŏ ö o̝ o̞ o̞ː ŏ̞ ö̞ o̟ o̟ˑ o̟̞ o̠ o̯
lumped,ʃ,consonant,763,0.35048,0.59082,0.72083,3636220152,7454313325,ʒ(14) ʃʲ(11) s(8) tʃ(5) ʃʷ(5) ʂ(4) ɕ(3) hʲ(1),ʃʰ ʃː ʃˑ ʃ̞ ʃ̺ ʰʃ
lumped,ŋ,consonant,1413,0.64906,0.5878,0.65306,3617631566,6753502848,ŋʷ(23) ɲ(19) ŋʲ(14) m(13) n(13) ŋ̥(11) ŋɡ(9) ŋm(7),ŋʰ ŋʱ ŋː ŋˑ ŋ̞ ŋ̟ ŋ̩ ʱŋ
lumped,tʃ,consonant,920,0.4226,0.5612,0.63355,3453916451,6551804010,tʃʰ(101) dʒ(28) ts(11) tʃʷ(9) ʰtʃ(7) c(6) ʃ(6) tʃʲ(5),t̟ʃ̟ t̠ʃ t̠ʃʰ t̠ʃʰː t̠ʃː t̠ʃ̺ t̠ʃ̺ʰ t̠ːʃ t̺ʃ̺ t̻ʃ̻ ʰt̠ʃ ʰt̠ʃʰ ʰt̠ʃː
lumped,h,consonant,1242,0.57051,0.54964,0.62341,3382786945,6446932432,x(32) ɦ(27) hʷ(10) h̃(8) ç(7) hʲ(6) ɸ(5) χ(4),hː
lumped,ɛ,vowel,860,0.39504,0.49719,0.59406,3059982176,6143387077,ɛ̃(48) e(42) æ(20) ɛ̥(12) ə(9) ɪ(3) œ(3) ɜ(3),ɛː ɛˑ ɛ̆ ɛ̝ ɛ̝ː ɛ̞ ɛ̠ ɛ̠ː ɛ̯
lumped,z,consonant,713,0.32751,0.49173,0.6256,3026360678,6469538935,ʒ(38) dz(14) zʲ(11) dʒ(10) s(10) z̥(8) zʷ(7) s͉(5),zː z̞̩ z̟ z̠ z̩ z̪ z̪ː z̪̻ z̺ z̻ z̻ː ʱz
lumped,ɔ,vowel,820,0.37667,0.49055,0.56702,3019116410,5863779206,ɔ̃(50) o(20) ɔ̥(9) ɒ(4) ø(3) ɤ(2) ʊ(2) ɔ̤(2),ɔː ɔˑ ɔ̆ ɔ̝ ɔ̝ː ɔ̞ ɔ̞ː ɔ̯ ɔ̽
lumped,ə,vowel,523,0.24024,0.48524,0.58739,2986425540,6074409608,ə̃(17) a(12) ɐ(8) ɨ(8) ə̥(6) i(6) e(6) ɪ(5),əː əˑ ə̆ ə̞̆ ə̟ ə̟̆ ə̯
lumped,x,consonant,395,0.18144,0.39258,0.36365,2416160979,3760616553,h(16) xʷ(11) ɣ(11) xʲ(10) ç(9) χ(8) ɦ(2) ɡ(2),xʰ xː x̠
lumped,ts,consonant,575,0.26412,0.34885,0.28033,2146992202,2899039311,tsʰ(70) tʃ(44) dz(16) tsʲ(7) s(7) z(6) tsʷ(5) ʰts(5),tsʰ tsʰː tsː ts̪ ts̺ ts̻ tːs t̟s̟ t̪s t̪s̪ t̪s̪ʰ t̪s̪ː t̪̻s̪̻ t̺s̺ t̺s̺ʰ t̺s̺ː t̻s̪̻ t̻s̻ t̻s̻ʰ t̻s̻ː ʰts ʰtsʰ ʰtsː
lumped,v,consonant,603,0.27699,0.34608,0.43749,2129978403,4524249638,w(16) vʲ(13) vʷ(10) β(10) f(9) ʋ(9) v̥(7) ɸ(3),vʱ vː v̩
lumped,æ,vowel,161,0.07395,0.3328,0.40021,2048231610,4138711835,ɛ(8) æ̃(5) a(3) e(1) æə(1) ə(1) ɒ(1) ɑ(1),æː æˑ
lumped,ɲ,consonant,962,0.44189,0.32636,0.28565,2008597255,2954050324,ŋ(16) n(11) m(8) ɲ̥(7) j̃(6) ɲʷ(6) ɲʲ(5) j(3),ɲʱ ɲː ɲ̟ ɲ̠ ɲ̩ ɲ̻ ɲ̻̟ ʱɲ
lumped,dʒ,consonant,612,0.28112,0.31854,0.45678,1960438256,4723765923,ʒ(14) ndʒ(13) tʃ(10) dʒʷ(9) dʒʲ(6) dʒʱ(4) dz(3) tʃ͉(3),d̟ʒ̟ d̠ʒ d̠ʒʰ d̠ʒʱ d̠ʒː d̠ːʒ d̪ʒ d̺ʒ̺ d̻ʒ̻
lumped,ɪ,vowel,330,0.15158,0.27356,0.38842,1683607411,4016753991,i(20) ɪ̃(15) ɪ̥(7) e(6) ɛ(4) ɨ(3) ə(3) ɯ(2),ɪː ɪ̆ ɪ̈ ɪ̈ː ɪ̝ ɪ̝ː ɪ̞ ɪ̞̈ ɪ̠ ɪ̯
lumped,ʊ,vowel,306,0.14056,0.27219,0.39006,1675225805,4033752888,ʊ̃(14) o(12) u(10) ʊ̥(8) ɔ(5) ʊ˞(2) ʊ̰(2) ʊ̤(2),ʊː ʊ̆ ʊ̈ ʊ̈ː ʊ̞ ʊ̞̈ ʊ̟ ʊ̯ ʊ̽
lumped,õ,vowel,320,0.14699,0.2614,0.24071,1608787054,2489310295,ɔ̃(5) ũ(2) ʌ̃(1) ɤ̃(1) õ̰(1) ə(1) ʌ(1) o(1),õ õː ŏ̃ õ̞ õ̞ː
lumped,ɖ,consonant,166,0.07625,0.25664,0.22916,1579472521,2369810114,ɽ(8) ɖʱ(6) ɖʲ(2) dˀ(1) ɖˀ(1) ɖⁿ(1) ɖˡ(1) ɖʷˠ(1),ɖʰ ɖʱ ɖː ʱɖ
lumped,ʈ,consonant,358,0.16445,0.25646,0.22887,1578380998,2366846799,ʈʰ(32) ɖ(11) ʈʲʰ(2) ɽ(2) ʈˀ(1) ʈⁿ(1) ʈˡ(1) ʈʷˠ(1),ʈʰ ʈʰː ʈː ʈ̟ ʈ̺ ʰʈ
lumped,y,vowel,128,0.0588,0.25523,0.24617,1570805348,2545716653,yə(2) ʏ(2) y̥(1) ɔ(1) ø(1) œ(1) j(1) ʒ(1),yː yˑ y̆ y̞ y̠
lumped,ẽ,vowel,295,0.13551,0.23366,0.20159,1438093661,2084760852,ɛ̃(4) e(1) ẽi(1),ẽ ẽː ẽ̞ ẽ̞ː
lumped,ʂ,consonant,132,0.06063,0.2273,0.20463,1398895115,2116197915,ʂɻ(1) ʐ(1) s(1) ʃ(1),ʂʰ ʂː ʂ̻
lumped,ʒ,consonant,314,0.14424,0.22314,0.31097,1373329648,3215802009,dʒ(11) ʃ(6) ʃ͉(5) ʒ̥(5) j(3) ʒʲ(3) ʑ(3) ʐ(2),ʒː ʒ̩ ʒ̺
lumped,ç,consonant,99,0.04548,0.21887,0.20162,1347064129,2084992668,x(2) çʰ(1) s(1) ch(1) h(1) ʲh(1) j̥(1),çʰ çː ç̟
lumped,cç,consonant,96,0.0441,0.21687,0.19659,1334720626,2033036024,cçʰ(5) c(4) ɟʝ(3) ʃ(3) ç(1) ɟ̥ʝ(1),cçʰ cçː
lumped,ai,vowel,105,0.04823,0.21326,0.22473,1312527079,2324027025,ɑi(5) ɐi(3) aɪ(1) ʌi(1) ãĩ(1) ɛi(1) ae(1) ɐ(1),ai̯ ai̯ː aːi aːĭ aːi̯ äi äi̯ a̟i ɐi ɐi̯ ɑi ɑi̯ ɑːi̯
lumped,ĩ,vowel,431,0.19798,0.21192,0.19101,1304247564,1975334417,ɪ̃(7) ḭ̃(1) ĩˤ(1) i(1) ỹ(1) ĩi(1) ŋ(1) ɴ(1),ĩ ĩː ĩ̞ ĩ̯
lumped,au,vowel,84,0.03859,0.2091,0.22039,1286935596,2279120577,ɑu(4) ɐu(2) ʌʊ(1) oʊ(1) aʊ(1) ao(1) ɔ(1) o(1),auː au̯ aːu aːŭ aːu̯ äu̯ äu̽ ɐu ɑu ɑuː ɑu̯
lumped,ʔ,consonant,823,0.37804,0.2069,0.20263,1273354403,2095494073,ʔʲ(4) ʔʰ(3) ʔʷ(2) h(2) ɦ(2) q(2) k(2) wˀ(1),ʔː
lumped,ũ,vowel,402,0.18466,0.20181,0.18484,1242047173,1911540091,ʊ̃(3) m(1) õ(1) ỹ(1) ũˤ(1) ɨ̃(1) ɔ̃(1) w̃(1),ũ ũː ŭ̃ ũ̯
lumped,χ,consonant,144,0.06615,0.19084,0.16008,1174515326,1655451116,x(3) χʲ(3) h(2) ʁ(2) q(2) ʀ̥(1) χˤ(1) ɕ(1),χː
lumped,tɕ,consonant,88,0.04042,0.18664,0.15381,1148653634,1590554546,tɕʰ(13) c(1) cʰ(1) t(1) ʔc(1) ʔcʰ(1) ʔtɕ(1) ɕ(1),tɕʰ tɕʰː tɕː t̟ɕ̟ t̟ːɕ̟ t̺ɕ̺ t̻ɕ̻ t̻ɕ̻ʰ ʰtɕ ʰtɕʰ
lumped,ɤ,vowel,69,0.03169,0.18554,0.15198,1141901618,1571727371,ɤ̥(3) ɯ(3) ə(2) ɤɰ(1) oɤ(1) e(1) ɪ(1) o(1),ɤː ɤˑ ɤ̝ ɤ̞ ɤ̞ː ɤ̞̆ ɤ̟ ɤ̯
lumped,b̤,consonant,39,0.01791,0.18445,0.1642,1135198900,1698079575,β(2) b(2) mb̤(1),b̤ʱ b̤ː
lumped,d̤,consonant,37,0.017,0.17992,0.16113,1107305300,1666275426,d(2) nd̤(1),d̪̤ d̪̤ʱ d̪̤ː d̻̤ʱ
lumped,iu,vowel,28,0.01286,0.17827,0.15025,1097144060,1553766630,,iu̯ iːŭ i̯u i̯uː
lumped,ɖ̤,consonant,26,0.01194,0.17577,0.15801,1081810000,1634039444,ɽ̤(2) ɳɖ̤(1) ɖ(1),ɖ̤ʱ ɖ̤ː
lumped,ei,vowel,47,0.02159,0.17314,0.15122,1065603340,1563867208,ɛi(1) e(1),ei̯ eːi̯ e̞i
lumped,ou,vowel,34,0.01562,0.17045,0.14762,1049029830,1526545818,ɔʊ(1),ou̯ oːu oːu̯ o̞u
lumped,ia,vowel,51,0.02343,0.17006,0.14073,1046623742,1455329977,iɑ(2),iaː ia̟ iɐ iɑ i̞ä i̯a i̯aː i̯ɑ
lumped,uə,vowel,25,0.01148,0.16902,0.14166,1040262482,1464910860,,uə̯ uːə u̯ə
lumped,θ,consonant,83,0.03813,0.16841,0.28925,1036474005,2991273039,ð(5) t(3) θ̬(2) tθ(1) nθ(1) w(1) j(1) f(1),θː θ̪ θ̻
lumped,ʐ,consonant,64,0.0294,0.16586,0.13984,1020805215,1446122005,ʐˀ(1) ʂ(1) ʐd(1) ʐʰ(1),ʐ̻ ʱʐ
lumped,ɕ,consonant,81,0.03721,0.16471,0.13848,1013683902,1432090460,s(2) ʒ(1) sʲ(1) ʃ(1),ɕʰ ɕː ɕ̟ ɕ̟ː
lumped,ie,vowel,33,0.01516,0.16264,0.13474,1000996313,1393354534,e(2) iɛ(1),ieː ie̞ iːe i̞e̞ i̯e i̯e̞
lumped,ɥ,consonant,35,0.01608,0.16256,0.16111,1000480000,1666126911,y(2) ʝʷ(1) ɥ̥(1),
lumped,ʊ̃,vowel,65,0.02986,0.16251,0.15404,1000143100,1593008052,ɯ̃(1),ʊ̃ː
lumped,ua,vowel,47,0.02159,0.16056,0.13523,988153713,1398454409,ɣua(1) ʊɛ(1) ʊa(1),uaː uä ua̟ uɐ uɑ uːa u̯a u̯aː u̯ɑ
lumped,iau,vowel,6,0.00276,0.157,0.13172,966258500,1362142837,,iäu̽ iɑu i̯au i̯au̯
lumped,ʈʂ,consonant,76,0.03491,0.15695,0.13382,965937172,1383865262,ʈʂʰ(10) ʈ(2) ɖʐ(1) ts(1),ʈʂʰ ʈʂː ʈ̻ʂ̻ ʰʈʂʰ
lumped,ɪ̃,vowel,72,0.03307,0.15543,0.14933,956584130,1544242811,,ɪ̃ː
lumped,ʎ,consonant,93,0.04272,0.15161,0.09587,933103315,991474571,l̥ʲ(2) ʎ̥(1) ʎʱ(1) l(1) j(1) ʝ(1) lʲ(1),ʎʱ ʎː ʎ̟ ʎ̻ ʎ̻̟
lumped,uo,vowel,13,0.00597,0.15117,0.12831,930350200,1326902125,,uoː uo̞ u̯o u̯oː
lumped,uai,vowel,5,0.0023,0.15084,0.1281,928328500,1324717501,,uɑi u̯ai u̯ai̯
lumped,ə˞,vowel,6,0.00276,0.14921,0.12813,918344100,1324992608,,ə˞ː
lumped,uei,vowel,3,0.00138,0.14916,0.12829,918038500,1326699211,,uei̯ u̯ei̯
lumped,a˞,vowel,5,0.0023,0.14916,0.12809,918034100,1324652759,ɐ˞(1) ɜ˞(1),a˞ː a̟˞ ɑ˞
lumped,ye,vowel,3,0.00138,0.14916,0.12809,918014100,1324632759,,
lumped,iou,vowel,1,0.00046,0.14916,0.12809,918000000,1324618659,,
lumped,ã,vowel,415,0.19063,0.14734,0.1526,906801659,1578100108,æ̃(3) ʌ̃(1) ə̃(1) ɒ̃(1) ãˤ(1) a(1),ã ãː ã̈ ã̈ː ẵ ã̟ ã̟ː
lumped,ɦ,consonant,68,0.03124,0.14728,0.14938,906426467,1544756466,h(5) x(2) ɦʲ(1) ɦˠ(1) ɦʷˠ(1) ɦ̃(1) ɦ̥(1) ∅(1),
lumped,æ̃,vowel,48,0.02205,0.13362,0.13826,822363355,1429820404,ã(1),æ̃ː æ̞̃
lumped,ɯ,vowel,150,0.0689,0.11863,0.07367,730135486,761845107,ɯ̥(6) ɤ(6) ɯ̃(4) ʊ(3) ɰ(2) u(2) ə(2) ɯɰ(1),ɯː ɯˑ ɯ̆ ɯ̝ ɯ̞ ɯ̞̆ ɯ̞̯ ɯ̟ ɯ̽ ɯ̽ː
lumped,ʋ,consonant,44,0.02021,0.11297,0.11907,695306868,1231300760,w(4) β(2) ʋ̃(1) ʋʲ(1) u(1) ʍ(1) b(1) v(1),ʋː ʋ̩
lumped,ɳ,consonant,308,0.14148,0.11078,0.08837,681793207,913883429,ɽ̃(3) ɳ̥(2) ɳʲ(1) ɳʱ(1) ʲɳ(1) ɳʷ(1),ɳʱ ɳ̟ ɳ̺
lumped,ɔ̃,vowel,193,0.08865,0.10971,0.117,675184330,1209905446,ʊ̃(1) ɔ̃i(1),ɔ̃ː ɔ̞̃ ɔ̞̃ː
lumped,c,consonant,330,0.15158,0.10442,0.07798,642651707,806403818,cʰ(39) ɟ(20) tʃ(10) j(5) ç(5) ʃ(5) s(4) cç(3),cʰ cʰː cː c̟ c̠ c̻ c̻̟ ʰc
lumped,ɒ,vowel,41,0.01883,0.0956,0.21858,588347192,2260359888,ɑ(3) ɔ(2) ɒ̃(2) a(1) ə(1) ɒə(1) ʔɒ(1),ɒː ɒ̆ ɒ̝
lumped,ɡ̤,consonant,11,0.00505,0.09491,0.10892,584134500,1126399240,ɡ(2) ŋɡ̤(1) ɣ(1),ɡ̤ʱ ɡ̤ː
lumped,ɣ,consonant,309,0.14194,0.09481,0.15049,583480297,1556257525,ɡ(12) ɣʷ(8) x(6) ɰ(6) ɣʲ(5) j(4) ʝ(3) ʁ(3),ɣː ɣ̩
lumped,ð,consonant,127,0.05834,0.09254,0.24108,569515801,2493107403,d(7) dð(1) ðʲ(1) θ͉(1) ʐ(1) θ(1) v(1) ð̥(1),ðː ð̞ ð̪ ð̪̺ ð̺̞
lumped,r̤,consonant,14,0.00643,0.08918,0.10071,548859467,1041517534,ɽ̤(2) ɾ̤(1),ɽ̤ ɽ̤ʱ ɾ̤
lumped,ʁ,consonant,96,0.0441,0.08788,0.07985,540841629,825743605,ʁ̥(6) ɢ(3) ɣ(3) χ(3) ʀ(2) ʁʲ(2) q(2) ɐ(2),ʁː ʁ̞
lumped,ã,vowel,42,0.01929,0.08421,0.10191,518293170,1053849953,ɑ̃(19) ɐ̃(4) ɔ̃(1) ə(1) ʌ(1) æ̃(1) ə̃(1) ɑ̃i(1),ɐ̃ ɑ̃ ɑ̃ː
lumped,ɭ,consonant,284,0.13045,0.08013,0.06638,493140510,686446628,ɭ̥(2) ɭʲ(1) ʲɭ(1) ɭʷ(1),ɭː ɭ̟ ɭ̩ ɭ̺
lumped,ɟ,consonant,283,0.13,0.07672,0.07652,472189165,791314012,c(7) dʒ(5) ɲɟ(3) ɲ(3) ɟʱ(2) ɟʝ(2) ɟ̥(2) j(2),ɟʰ ɟʱ ɟː ɟ̟ ʱɟ
lumped,dz,consonant,261,0.11989,0.07384,0.05682,454457611,587617180,dʒ(28) ndz(10) z(6) dzʲ(4) dzʱ(3) ʒ(2) dzʷ(2) t͉s(1),dzʰ dzʱ dzː dz̪ dz̺ dz̻ d̟z̟ d̪z d̪z̪ d̪z̪ː d̺z̺ d̺z̺ː d̻z̻ d̻z̻ː ʱdz
lumped,œ,vowel,61,0.02802,0.07026,0.08117,432414510,839445352,ʏ(2) ø(1) y(1) œ̃(1) œə(1) ɶ(1) <œ>(1),œː œ̞ œ̞ː œ̠ œ̠ː
lumped,aʊ,vowel,6,0.00276,0.06785,0.17239,417569340,1782764280,ɑʊ(2) ɐʊ(1),aʊ̯ ɐʊ ɑʊ ɑʊ̯
lumped,ɟʝ,consonant,81,0.03721,0.06744,0.06834,415036482,706749307,ʝ(2) ɟ(2) cç(2) ɲɟʝ(1) ɟ̊ʝ̊(1),ɟʝː ɟʝ̞
lumped,aɪ,vowel,8,0.00367,0.06733,0.17142,414387560,1772755404,a(2) ɛ(1) i(1) ɑɪ(1) ɐɪ(1) ɛɪ(1),aɪ̯ aːɪ ɐɪ ɑɪ
lumped,ɔɪ,vowel,4,0.00184,0.06192,0.16779,381086290,1735123986,,ɔɪ̯
lumped,ɨ,vowel,398,0.18282,0.05926,0.04274,364690556,442010104,ɨ̃(16) ɪ(9) i(6) u(5) ɨ̥(5) ə(5) ʉ(3) ɯ(3),ɨː ɨˑ ɨ̆ ɨ̞ ɨ̞ː ɨ̠
lumped,ɟ̤ʝ,consonant,19,0.00873,0.05797,0.06253,356750000,646688108,,
lumped,ø,vowel,87,0.03996,0.05687,0.07031,350003259,727138266,øə(2) ø̥(2) ø̃(1) ɛ̃(1) ɛ(1) ə(1) œ(1) ʏ(1),øː øˑ ø̆ ø̞ ø̞ː ø̠ ø̠̞
lumped,q,consonant,187,0.0859,0.05152,0.09327,317105110,964488464,qʰ(31) χ(7) ʁ(6) ɢ(5) qχ(4) x(3) ʰq(2) qʲ(2),qʰ qː q̺ ʰq ʰqʰ
lumped,ɛ̃,vowel,205,0.09417,0.05105,0.08457,314215209,874583597,ẽ(4) ãʲ(1) ɛ̃i(1),ɛ̃ː ɛ̆̃
lumped,kʷ,consonant,300,0.1378,0.05093,0.03863,313444096,399461782,kʷʰ(23) ɡʷ(6) k(3) ɣʷ(2) kxʷ(1) ʰkʷ(1) ŋkʷ(1) qʷ(1),kʷʰ kʷʰː kʷː ʰkʷ
lumped,ə̃,vowel,72,0.03307,0.04973,0.06524,306036673,674630278,ə̥̃(1) ə̃i(1) ŋ(1) ɴ(1),ə̃ː ə̠̃
lumped,ʌ,vowel,102,0.04685,0.04972,0.03469,305998945,358723188,ɑ(3) ɔ(3) ə(3) ɜ(2) a(2) e(2) ɵ(1) ɘ(1),ʌː ʌ̯
lumped,ɓ,consonant,241,0.1107,0.04635,0.05275,285243496,545512085,ɓʷ(6) b(5) p(3) ɓ̥(3) ɓʲ(3) bʷ(2) m(2) ɡb(1),ɓː
lumped,ɗ,consonant,208,0.09554,0.04047,0.04822,249047806,498611261,d(4) ɗʲ(2) ɗʱ(2) t(2) l(2) nɗ(1) ɗʷ(1) ʔʲ(1),ɗʱ ɗː ɗ̠ ɗ̪
lumped,kʲ,consonant,79,0.03629,0.03791,0.02785,233308361,287989365,kʲʰ(5) kxʲ(2) tʃʲ(1) ŋɡʲ(1) k(1) c(1) tʲ(1),kʲʰ kʲː k̟ʲʰ ʰkʲ
lumped,ui,vowel,51,0.02343,0.03778,0.02867,232536972,296500291,ʊɨ(1),ui̯ uːĭ u̯i u̽i
lumped,ħ,consonant,58,0.02664,0.03555,0.05795,218791523,599261484,ħʷ(1) ħ̃(1) x(1),ħː
lumped,ʕ,consonant,44,0.02021,0.03394,0.02049,208867396,211929680,ɥ(1) ʕˀ(1) ʕ̥(1) ʜ(1),ʕː ʕ̝
lumped,lʲ,consonant,56,0.02572,0.03332,0.02512,205076845,259759124,l̥ʲ(4) ɮ(1) lʷʲ(1),lʲː lʲˑ l̠ʲ l̪ʲ
lumped,tʲ,consonant,73,0.03353,0.03241,0.02476,199477666,256092849,tʲʰ(3) tʃʲ(1) cç(1) c(1) tˡʲ(1) tⁿʲ(1) tʷʲ(1) dʲ(1),tʲʰ tʲː tʲˑ t̠ʲ t̪ʲ t̪ʲʰ t̻ʲ ʰtʲ
lumped,nʲ,consonant,50,0.02297,0.03208,0.02444,197430292,252739037,n̥ʲ(3) n(1),nʲː nʲˑ n̠ʲ n̪ʲ n̻ʲ
lumped,pʲ,consonant,51,0.02343,0.03208,0.02454,197427480,253742786,pʲʰ(5) pɸʲ(1),pʲʰ pʲː ʰpʲ
lumped,sʲ,consonant,33,0.01516,0.03207,0.02415,197347360,249743010,ʃʲ(1) zʲ(1) ʃ(1) tʃ(1),sʲʰ sʲː sʲˑ s̪ʲ
lumped,dʲ,consonant,49,0.02251,0.03204,0.02441,197203664,252427497,ɟ(1) dⁿʲ(1) dˡʲ(1) tʲ(1) tʲʰ(1) lʲ(1),d̠ʲ d̪ʲ d̻ʲ
lumped,bʲ,consonant,39,0.01791,0.03193,0.02452,196523218,253530417,pʲ(1) b̥ʲ(1),bʲː
lumped,rʲ,consonant,51,0.02343,0.03179,0.02396,195626095,247784348,ɾʲ(7) ɻʲ(4) ɾ̃ʲ(1) r̥ʲ(1) ʝ(1) ɹ(1),rʲː r̠ʲ r̪ʲ r̺ʲ ɻʲ ɾʲ ɾ̪ʲ
lumped,zʲ,consonant,22,0.01011,0.03163,0.02375,194641525,245630952,,zʲː z̪ʲ
lumped,β,consonant,271,0.12448,0.03099,0.02375,190754993,245585259,b(14) w(11) v(7) ɸ(5) βʲ(3) ʍ(1) ɯ(1) vʲ(1),βː β̞ β̞ː
lumped,ɡʷ,consonant,151,0.06936,0.03,0.01934,184647628,200015575,ɡ̥ʷ(2) kʷ(2) ɡ(2) kʷʰ(1) ɡʲ(1),ɡʷː ɡ̩ʷ
lumped,oi,vowel,50,0.02297,0.02851,0.03065,175489614,316940974,ɔɛ(1) ʊi(1) øi(1) œi(1),oi̯ o̞i o̞i̯
lumped,lˠ,consonant,6,0.00276,0.02771,0.02208,170521630,228325337,l̥ˠ(5) l(2),l̪ˠ
lumped,mʲ,consonant,50,0.02297,0.02758,0.0217,169733870,224407563,m̥ʲ(1),mʲː
lumped,fʲ,consonant,26,0.01194,0.02737,0.02151,168474493,222457012,,fʲː
lumped,vʲ,consonant,18,0.00827,0.02732,0.02144,168144430,221738203,βʲ(1),
lumped,ʀ,consonant,11,0.00505,0.027,0.04722,166162324,488357893,r(2) ʁ(2) χ(2) ʌ(1) ʀ̥(1) ə(1) ɐ(1),
lumped,n|n,consonant,120,0.05512,0.0263,0.01822,161840549,188373483,,n̪|n n̪ː|nː
lumped,t|t,consonant,120,0.05512,0.02625,0.01563,161579353,161602433,,t̪|t t̪ʰ|tʰ t̪ː|tː
lumped,s|s,consonant,99,0.04548,0.0259,0.01796,159419745,185760168,,s̪|s s̪ʰ|sʰ s̪ː|sː ʰs̪|ʰs
lumped,sˤ,consonant,11,0.00505,0.02524,0.01575,155320000,162885665,,sˤː s̪ˤ s̪ˤː
lumped,ʃˠ,consonant,1,0.00046,0.02502,0.02013,154000000,208192519,ʃʲ(1),
lumped,ʒˠ,consonant,1,0.00046,0.02502,0.02013,154000000,208192519,,
lumped,ɵ,vowel,38,0.01746,0.02431,0.02438,149624850,252099809,ɵ̃(1) ə(1) ø(1) ɵ̥(1),ɵː ɵ̆ ɵ̞ ɵ̞ː ɵ̞̆ ɵ̟
lumped,ts|ts,consonant,39,0.01791,0.02423,0.01432,149132164,148090242,,t̪s̪|ts t̪s̪ʰ|tsʰ t̪s̪ː|tsː
lumped,tˤ,consonant,12,0.00551,0.02413,0.01544,148505800,159673243,,tˤː t̪ˤ t̪ˤʰ t̪ˤː
lumped,ɴ,consonant,5,0.0023,0.02281,0.01256,140375207,129883027,,ɴː
lumped,kʼ,consonant,167,0.07671,0.02219,0.01711,136595052,176897019,kʲʼ(2) kʷʼ(2) cʼ(1) ɟ̰(1) ɡ̰(1) ɡˀ(1) qʼ(1) ʔ(1),kʼː
lumped,dˤ,consonant,9,0.00413,0.02175,0.01404,133885800,145199562,tˤ(1) d̥ˤ(1),dˤː d̪ˤ d̪ˤː
lumped,zˤ,consonant,9,0.00413,0.02175,0.01404,133885800,145199562,z̥ˤ(1) sˤ(1),zˤː z̪ˤ z̪ˤː
lumped,ʏ,vowel,17,0.00781,0.02167,0.02354,133376404,243435587,y(1) ʏ̥(1),ʏː
lumped,d̤ʒ̤,consonant,4,0.00184,0.02164,0.03768,133187300,389631161,,d̠̤ʒ̤ d̤ʒ̤ʱ d̤ʒ̤ː
lumped,ɔi,vowel,18,0.00827,0.02118,0.02076,130371207,214703346,,ɔi̯ ɔːĭ ɔ̽i
lumped,m̤,consonant,18,0.00827,0.02018,0.01426,124225967,147421830,β̤̃(1) m̤ʱ(1),m̤ʱ
lumped,l|l,consonant,102,0.04685,0.02013,0.01442,123888214,149157979,,l̪|l
lumped,ʝ,consonant,46,0.02113,0.01978,0.04155,121749029,429656081,j(2) dʒ(1) ɣ(1) ɟ(1),ʝː ʝ̟
lumped,eu,vowel,22,0.01011,0.01917,0.00802,118010330,82900663,,eu̯ e̞u e̞u̯
lumped,mb,consonant,266,0.12219,0.01881,0.03412,115787102,352889961,mbʲ(4) mbʷ(3) b(3) m(2) p(2) mpʰ(1) β̃(1) bm(1),mbː
lumped,ŋɡ,consonant,245,0.11254,0.01859,0.03378,114422852,349355740,ŋɡʷ(10) ŋ(6) ŋɡʲ(6) ɲɟ(2) k(2) ŋk(2) ɡ(1) ŋkʰ(1),ŋɡː ŋɡ̟
lumped,pf,consonant,34,0.01562,0.018,0.01693,110794007,175122343,pfʰ(3) f(1) pfʷ(1) pf̃(1) bf(1) bv(1) bvf(1),pfʰ
lumped,l̤,consonant,13,0.00597,0.0177,0.01241,108930467,128371786,,l̠̤
lumped,iə,vowel,18,0.00827,0.01683,0.01193,103608382,123409019,,iə̯ iːə
lumped,ɸ,consonant,119,0.05466,0.01679,0.01205,103308279,124664490,f(6) p(5) v(1) β(1) ɸʲ(1) ɸʷ(1) pʰ(1) h(1),ɸʰ ɸː ɸ̞
lumped,n̤,consonant,14,0.00643,0.01641,0.01146,100998767,118494380,n̤ʱ(1),n̠̤ n̤ʱ n̪̤
lumped,tʼ,consonant,148,0.06798,0.01607,0.01361,98914366,140710782,ɗ(3) d̰(1) dˀ(1) ʈʼ(1) t̰ʲ(1) d(1) tʷʼ(1) tʰʼ(1),tʰʼ tʼː t̪ʼ t̪ʼː t̺ʼ t̻ʼ
lumped,ʌ̃,vowel,17,0.00781,0.01568,0.00832,96523345,86034262,,ʌ̃ː
lumped,tˀ,consonant,3,0.00138,0.01532,0.00802,94310000,82952702,tʲˀ(1),t̪ˀ
lumped,sˀ,consonant,5,0.0023,0.01532,0.00802,94301270,82943972,tsʼ(1),s̪ˀ
lumped,pʼ,consonant,116,0.05328,0.01504,0.01273,92547884,131655842,ɓ(2) b̰(1) bˀ(1) p̰ʲ(1) pʲʼ(1) p(1),pʼː
lumped,z|z,consonant,29,0.01332,0.01423,0.01156,87596766,119591691,,z̪|z
lumped,tʃʼ,consonant,123,0.0565,0.01402,0.01251,86264705,129420002,tsʼ(2) dʒ̰(1) dʒˀ(1) tʃ̰ʲ(1) tʂʼ(1) tʃʲʼ(1) t̥(1),t̠ʃʼ t̠ʃʼː
lumped,w̤,consonant,5,0.0023,0.01362,0.00974,83852000,100702005,,
lumped,d̤z,consonant,3,0.00138,0.01351,0.01048,83120000,108372097,,
lumped,ɳ̤,consonant,1,0.00046,0.0135,0.00954,83100000,98639100,,
lumped,kʷʼ,consonant,51,0.02343,0.01336,0.00942,82226610,97404043,ɡʷ(1),kʷʼː
lumped,b̤̥,consonant,1,0.00046,0.01323,0.00822,81400000,84962400,b(1),
lumped,d̤̥,consonant,1,0.00046,0.01323,0.00822,81400000,84962400,d(1),d̪̤̥
lumped,kɦ,consonant,1,0.00046,0.01323,0.00822,81400000,84962400,,
lumped,pɦ,consonant,1,0.00046,0.01323,0.00822,81400000,84962400,,
lumped,tsɦ|tsɦ,consonant,1,0.00046,0.01323,0.00822,81400000,84962400,,t̪s̪ɦ|tsɦ
lumped,tz̤̥,consonant,1,0.00046,0.01323,0.00822,81400000,84962400,dz(1),
lumped,tɦ|tɦ,consonant,1,0.00046,0.01323,0.00822,81400000,84962400,,t̪ɦ|tɦ
lumped,ɡ̤̥,consonant,1,0.00046,0.01323,0.00822,81400000,84962400,ɡ(1) c̤(1) ɟ(1),
lumped,əi,vowel,16,0.00735,0.01313,0.00629,80801232,65012478,əj(1) ɔj(1),əi̯
lumped,ɡʲ,consonant,59,0.0271,0.01302,0.00758,80149192,78350252,ɡ(2) dʒʲ(1) ɡ̥ʲ(1) k(1) kʲʰ(1) ɟ(1) dʲ(1),ɡʲː ɡ̟ʲ
lumped,ɯə,vowel,5,0.0023,0.01292,0.00932,79521532,96334149,,
lumped,ɯi,vowel,4,0.00184,0.01259,0.00768,77468720,79417502,,ɯi̯
lumped,tʃˀ,consonant,4,0.00184,0.01256,0.00767,77330000,79316019,,t̠ʃˀ
lumped,kˀ,consonant,7,0.00322,0.01256,0.00767,77321480,79307499,,
lumped,pˀ,consonant,5,0.0023,0.01256,0.00767,77321050,79307069,,
lumped,ɒ̃,vowel,5,0.0023,0.01256,0.03221,77320370,333076721,,ɒ̃ː
lumped,œ̃,vowel,4,0.00184,0.01256,0.03221,77312000,333068351,,œ̃ː
lumped,əu,vowel,15,0.00689,0.01256,0.00591,77301200,61070610,,əu̯
lumped,ɢ,consonant,34,0.01562,0.01254,0.0112,77159697,115827572,ʁ(4) q(2) ɢʁ(1) ɢʲ(1) ʔ(1) ʕ(1) ʀ(1) ɢ̥(1),ɢʱ ɢː
lumped,kp,consonant,308,0.14148,0.01209,0.01506,74390590,155733209,kpʰ(7) kpʷ(6) ɡb(4) kpʲ(3) tp(1) kpⁿ(1) p(1) k(1),kpʰ kpː
lumped,hʷ,consonant,53,0.02435,0.01207,0.009,74297952,93039332,h̃ʷ(2) xʷ(2),
lumped,ɵy,vowel,1,0.00046,0.01188,0.01502,73100000,155292898,,
lumped,ɡb,consonant,303,0.13918,0.01173,0.01559,72199590,161226594,ŋmɡb(10) ɡbʲ(4) ɡbʷ(4) db(1) ŋm(1) ɡbⁿ(1) ŋɡb(1) ɠɓ(1),ɡbː ɡb̩
lumped,ʉ,vowel,64,0.0294,0.01143,0.01061,70316277,109744479,ʉ̃(4) y(2) u(1) ɯ(1),ʉː ʉ̆ ʉ̞ ʉ̟ ʉ̟ː
lumped,nd,consonant,260,0.11943,0.01121,0.03095,69009852,320088355,ndʲ(4) nt(3) ndʷ(3) n(2) d(2) t(2) ntʰ(1) dn(1),ndː nd̪ n̠d̠ n̪d̪
lumped,ɘ,vowel,39,0.01791,0.01112,0.01035,68444502,107039687,ɪ(1) ɤ(1) ɯ(1),ɘː ɘ̆ ɘ̟ ɘ̠
lumped,dʑ,consonant,56,0.02572,0.01111,0.00815,68356102,84275403,dʑʱ(1) ɟ(1) ʑ(1),dʑʰ dʑʱ dʑʱː dʑː d̟ʑ̟ d̟ːʑ̟ d̻ʑ̻ d̻ʑ̻ʱ ʱdʑ
lumped,ðˤ,consonant,2,0.00092,0.0105,0.00699,64610000,72294412,,
lumped,ʔʲ,consonant,17,0.00781,0.01048,0.0078,64509400,80669386,,ʔʲː
lumped,ʑ,consonant,55,0.02526,0.01047,0.00602,64433972,62257964,ʑʰ(1),ʑː ʑ̟
lumped,qʷ,consonant,38,0.01746,0.01027,0.00497,63208980,51419748,qʷʰ(7) q(1),qʷʰ qʷː
lumped,d|d,consonant,66,0.03032,0.01007,0.00659,62004245,68116872,,d̪|d
lumped,ʄ,consonant,39,0.01791,0.01003,0.02621,61733360,271082220,dʒ(1) ʒ(1),
lumped,ɠ,consonant,18,0.00827,0.00992,0.02613,61038690,270230333,ɡ(1) ɠ̥(1),ɠː
lumped,r̃,consonant,14,0.00643,0.00964,0.01314,59320000,135890370,ɽ̃(1) n(1),ɽ̃ ɾ̃
lumped,i̤,vowel,23,0.01056,0.00944,0.00655,58109712,67765282,i̤i(1),i̤ː i̤ˑ
lumped,o̤,vowel,23,0.01056,0.00944,0.00655,58109712,67685027,o̤i(1),o̤ː o̤ˑ
lumped,a̤,vowel,22,0.01011,0.00944,0.00654,58099712,67675027,ɑ̤(4) ɑ̤i(1),a̤ː a̤ˑ ä̤ ɑ̤ ɑ̤ː
lumped,e̤,vowel,22,0.01011,0.00944,0.00654,58099712,67675027,e̤i(1),e̤ː e̤ˑ
lumped,ṳ,vowel,22,0.01011,0.00944,0.00651,58099712,67363382,ṳi(1),ṳ ṳː ṳˑ
lumped,ɔ̤,vowel,17,0.00781,0.00943,0.00649,58031500,67149345,ɔ̤i(1),ɔ̤ː ɔ̤ˑ
lumped,ɛ̤,vowel,16,0.00735,0.00943,0.00649,58021500,67139345,ɛ̤i(1),ɛ̤ː ɛ̤ˑ
lumped,ɺ,consonant,38,0.01746,0.00928,0.00644,57109571,66551375,ɺ̥(1),ɺː ɺ̠ ɺ̺̠
lumped,ə̤,vowel,4,0.00184,0.00926,0.00641,57020000,66246183,ə(1) ɤ(1) ʌ(1) ə̤i(1),
lumped,ã̤,vowel,2,0.00092,0.00926,0.0064,57000000,66226183,,ã̤ ã̤̈ː
lumped,ĩ̤,vowel,1,0.00046,0.00916,0.00635,56400000,65626183,,ĩ̤ː
lumped,ɔ̤̃,vowel,1,0.00046,0.00916,0.00635,56400000,65626183,,ɔ̤̃ː
lumped,ə̤̃,vowel,1,0.00046,0.00916,0.00635,56400000,65626183,,ə̤̃ː
lumped,ɛ̤̃,vowel,1,0.00046,0.00916,0.00635,56400000,65626183,,ɛ̤̃ː
lumped,ṳ̃,vowel,1,0.00046,0.00916,0.00635,56400000,65626183,,ṳ̃ː
lumped,iɔ,vowel,9,0.00413,0.00915,0.00519,56306504,53678701,,iɔ̽ i̯ɔ
lumped,ɫ,consonant,26,0.01194,0.00912,0.00578,56110221,59816521,,ɫː ɫ̪ ɫ̺ ɫ̻
lumped,dz|dz,consonant,15,0.00689,0.00903,0.00578,55557480,59762860,,d̪z̪|dz
lumped,kʲʼ,consonant,18,0.00827,0.00864,0.00518,53162230,53596115,tʃʲʼ(1) kʼ(1),k̟ʲʼ
lumped,ãũ,vowel,2,0.00092,0.00849,0.00336,52260130,34714321,,ãũ ãũ̯
lumped,ãĩ,vowel,3,0.00138,0.00848,0.00335,52200145,34639161,,ãĩ ã̟ĩ
lumped,ea,vowel,9,0.00413,0.00847,0.00566,52132900,58512128,a(1),e̞a e̯ä
lumped,tsʼ,consonant,98,0.04502,0.00834,0.00585,51346983,60526041,sʼ(3) tʃʼ(2) dz̰(1) dzˀ(1) ts̰ʲ(1),tsʼː t̪s̪ʼ t̺s̺ʼ t̻s̻ʼ
lumped,lˤ,consonant,7,0.00322,0.00816,0.04159,50220000,430144857,,lˤː l̪ˤ l̪ˤː
lumped,ɬ,consonant,124,0.05696,0.00775,0.00666,47698810,68837814,tɬ(6) ɬʲ(3) h(2) sɬ(1) tɬʼ(1) tɮ(1) ʎʲ(1) l(1),ɬː ɬ̪ ɬ̪ː ɬ̪̺ ɬ̻
lumped,ŋʷ,consonant,105,0.04823,0.00769,0.0054,47349541,55870704,ŋɡʷ(2) w(1) w̃(1),ŋʷː ŋ̩ʷ
lumped,m̥,consonant,49,0.02251,0.00743,0.00637,45707840,65893996,m̥ˠ(1) hm(1) m̥ʰ(1) ʱm̥(1) m̥b(1),m̥ʰ m̥ː
lumped,ɖʐ,consonant,31,0.01424,0.0074,0.00523,45562017,54101082,ʐ(2),ɖ̻ʐ̻
lumped,ndʒ,consonant,118,0.0542,0.00738,0.02467,45439070,255145454,ndʒʲ(2) ntʃ(1) nʒ(1),n̠d̠ʒ n̠̩d̠ʒ
lumped,n̥,consonant,46,0.02113,0.00679,0.00531,41786300,54951502,n̥ʲ(1) n̥ʷ(1) ɲ̥j(1) hn(1) ʱn̥(1) n̥d(1),n̠̥ n̥ː n̪̥
lumped,ᶑ,consonant,8,0.00367,0.0067,0.00605,41213900,62535646,ʈʼ(1) ʈ(1) ɽ(1) ʔᶑ(1) ʔl̰(1) ʔn̰(1),ᶑː
lumped,tsʲ,consonant,17,0.00781,0.00666,0.00358,40993142,37051465,dzʲ(1) tsʲʰ(1),tsʲʰ tsʲː t̠s̠ʲʰ t̪s̪ʲ t̪s̪ʲʰ ʰtsʲ
lumped,bʷ,consonant,45,0.02067,0.00655,0.00413,40286125,42703755,bʷˤ(1) bʲ(1) bɰ(1),bʷː
lumped,mʷ,consonant,58,0.02664,0.00651,0.00424,40054210,43884955,mʷˤ(1) m(1) mɰ(1),mʷː
lumped,fʷ,consonant,37,0.017,0.00646,0.00422,39759000,43595837,fʷˤ(1) ʃʷʲ(1) fɰ(1),fʷː
lumped,ʃʲ,consonant,9,0.00413,0.00617,0.00322,37972500,33257923,ʒʲ(1) ʃˠ(1) ʃʷˠ(1),ʃʲː
lumped,tʃʲ,consonant,11,0.00505,0.00615,0.00347,37860500,35863899,tʃʲʰ(2) dʒʲ(1) tʃʷˠ(1) tʃʷˠʰ(1),t̠ʃʲ t̠ʃʲʰ t̠ʃʲː
lumped,χʷ,consonant,42,0.01929,0.00609,0.00391,37506090,40469195,χ(1),χʷː
lumped,l˞,consonant,1,0.00046,0.00603,0.00444,37100000,45936455,,l̠˞
lumped,ŋ̥,consonant,23,0.01056,0.00592,0.00415,36438530,42893689,ŋ̥ˠ(1) ɲ̥(1) hŋ(1),
lumped,ɲ̥,consonant,19,0.00873,0.00589,0.00406,36262490,42000187,,ɲ̟̥
lumped,rˤ,consonant,5,0.0023,0.00579,0.00379,35610004,39142658,ɾˤ(2) ɹˤ(1),rˤː r̪ˤ r̪ˤː ɹˤ ɾˤ
lumped,eɪ,vowel,5,0.0023,0.00571,0.00379,35171070,39224352,,eɪ̯
lumped,ɯa,vowel,13,0.00597,0.00563,0.0037,34674452,38254494,,ɯɑ
lumped,ʍ,consonant,28,0.01286,0.0056,0.00394,34465535,40789972,w(1) ʍʲ(1) h(1),
lumped,ae,vowel,14,0.00643,0.00555,0.00497,34146830,51349437,ɑe(2) aɛ(1),ae̞ ae̯ ɑe
lumped,aɪ̃,vowel,2,0.00092,0.00535,0.0036,32910000,37181608,,
lumped,eɪ̃,vowel,2,0.00092,0.00535,0.0036,32910000,37181608,,
lumped,oʊ,vowel,2,0.00092,0.00535,0.0036,32910000,37181608,o(1),oʊ̯
lumped,aʊ̃,vowel,1,0.00046,0.00535,0.00359,32900000,37171608,,
lumped,oʊ̃,vowel,1,0.00046,0.00535,0.00359,32900000,37171608,,
lumped,oa,vowel,11,0.00505,0.00523,0.00273,32158002,28262550,,oä o̞a o̞ä o̯ä
lumped,ʁʷ,consonant,20,0.00919,0.00511,0.00352,31449290,36402200,ʁ(1) ʁ̥ʷ(1) χʷ(1),ʁʷː ʁ̞ʷ
lumped,dzʲ,consonant,7,0.00322,0.00505,0.00273,31110922,28211301,d̥z̥ʲ(1),d̠z̠ʲ d̪z̪ʲ
lumped,ʒʲ,consonant,4,0.00184,0.00502,0.00263,30912420,27146279,,ʒʲː
lumped,ɮ,consonant,42,0.01929,0.00485,0.00386,29836280,39954719,dl(1) ʷɮ(1) ɮʲ(1) ɮʷʲ(1),ɮ̪ ɮ̺
lumped,ɱv,consonant,44,0.02021,0.00471,0.02086,28987910,215742680,ɱvʷ(1),
lumped,ɓ̥,consonant,9,0.00413,0.00465,0.00322,28638910,33289245,,ɓ̥ː
lumped,kǃ,consonant,15,0.00689,0.00463,0.00349,28492700,36135856,kǃʰ(7) qǃʰ(1),kǃʰ kǃ̠ kǃ̠ʰ kǃ̪
lumped,ɗ̥,consonant,6,0.00276,0.0046,0.00319,28326820,32977155,,
lumped,ħʷ,consonant,3,0.00138,0.00454,0.00318,27940110,32889071,,
lumped,bˤ,consonant,3,0.00138,0.00452,0.00318,27832900,32889264,,bˤː
lumped,mˤ,consonant,3,0.00138,0.00452,0.00318,27832900,32889264,,mˤː
lumped,ɡ̤ʷ,consonant,3,0.00138,0.00451,0.00317,27732000,32820015,,
lumped,ɣʷ,consonant,18,0.00827,0.00448,0.00123,27579125,12744005,w(3) ɣ̃ʷ(1) ɰʷ(1),
lumped,kx,consonant,12,0.00551,0.0044,0.00291,27054050,30049767,kxʰ(3) kʰ(2) kʔ(1) ʔk(1) ʔ(1),kxʰ kxʰː kxː
lumped,dʒ̤,consonant,4,0.00184,0.0044,0.00307,27053600,31729681,ndʒ̤(1),d̠ʒ̤ d̠ʒ̤ː
lumped,b̤ʲ,consonant,1,0.00046,0.00439,0.00298,27000000,30777110,,
lumped,nz,consonant,46,0.02113,0.00437,0.02058,26870410,212778134,ndz(2) nʒ(2) ntsʰ(1) dnz(1) nɟ(1) ndʒ(1),n̪z̪
lumped,xʷ,consonant,57,0.02618,0.00425,0.00122,26129405,12568978,x(1) w(1) χʷ(1) hʷ(1),xʷː
lumped,ɪa,vowel,2,0.00092,0.00423,0.00359,26009000,37093400,,ɪ̯a ɪ̯ä
lumped,βˠ,consonant,1,0.00046,0.00408,0.00379,25100000,39170367,,β̞ˠ
lumped,ʊi,vowel,6,0.00276,0.00393,0.00374,24204510,38710458,,ʊ̈i
lumped,ɔu,vowel,6,0.00276,0.00392,0.00346,24107380,35826367,,ɔuː ɔu̯
lumped,ɛi,vowel,9,0.00413,0.00391,0.00346,24079232,35794384,,ɛiː ɛi̯
lumped,ʌi,vowel,2,0.00092,0.00382,0.00331,23509032,34225548,,ʌi̯
lumped,k͉,consonant,71,0.03261,0.00378,0.00238,23240956,24607743,ɡ(4) ɡ͉(1) ɣ(1) j(1),
lumped,œy,vowel,1,0.00046,0.00375,0.00318,23100000,32854898,,œyː
lumped,kˤ,consonant,2,0.00092,0.00367,0.00181,22600000,18705119,kʷˤ(1),
lumped,qʼ,consonant,59,0.0271,0.00362,0.00393,22279080,40665854,ʛ(2) q̰(1) ʁ̰(1) qʷʼ(1) qxʼ(1) ʛ̥(1) χʼ(1) qʼχ(1),qʼː
lumped,kǀ,consonant,12,0.00551,0.00361,0.00279,22218300,28845089,kǀʰ(7) qǀʰ(1),kǀʰ kǀ̪
lumped,kǁ,consonant,8,0.00367,0.0036,0.00274,22164300,28301462,kǁʰ(5) qǁʰ(1),kǁʰ
lumped,cʼ,consonant,20,0.00919,0.00358,0.00243,22051166,25102607,tʃʼ(1),cʼː
lumped,r|r,consonant,47,0.02159,0.00349,0.00499,21481887,51603175,,r̪|r ɹ̪|ɹ ɾ̪|ɾ
lumped,ə̃ĩ,vowel,1,0.00046,0.00336,0.00164,20700000,16909560,,ə̃ĩ
lumped,ə̃ũ,vowel,1,0.00046,0.00336,0.00164,20700000,16909560,,ə̃ũ
lumped,æi,vowel,6,0.00276,0.00328,0.00251,20211700,25992064,,æi̯ æːi
lumped,ʊa,vowel,3,0.00138,0.00325,0.00293,20019050,30293824,,
lumped,iã,vowel,2,0.00092,0.00325,0.00293,20019000,30293680,,iã i̯ãː
lumped,uẽ,vowel,1,0.00046,0.00325,0.00293,20009000,30283680,,uẽ
lumped,æe,vowel,1,0.00046,0.00325,0.00293,20009000,30283680,æe̤(1) æ(1) ɜe(1),æe̯
lumped,ɪã,vowel,1,0.00046,0.00325,0.00293,20009000,30283680,,ɪã
lumped,ɪʌ,vowel,1,0.00046,0.00325,0.00293,20009000,30283680,,
lumped,ʊe,vowel,1,0.00046,0.00325,0.00293,20009000,30283680,,
lumped,æu,vowel,3,0.00138,0.00324,0.00193,19941880,20007400,,æu̯
lumped,ɨ̃,vowel,98,0.04502,0.003,0.00153,18473860,15800622,ã(1) ɨ(1),ɨ̃ː ɨ̞̃ ɨ̞̃ː
lumped,hʲ,consonant,28,0.01286,0.003,0.00177,18443889,18301463,xʲ(2) h̃ʲ(1),
lumped,rˀ,consonant,3,0.00138,0.00292,0.00044,18000000,4533973,ɾˀ(2),ɾˀ
lumped,ɛu,vowel,5,0.0023,0.00281,0.00231,17312460,23879307,,ɛu̯
lumped,lˀ,consonant,3,0.00138,0.00277,0.00036,17020000,3683985,,
lumped,dˀ,consonant,1,0.00046,0.00276,0.00035,17000000,3663985,jˀ(1) tˀ(1),
lumped,zˀ,consonant,1,0.00046,0.00276,0.00035,17000000,3663985,,
lumped,ɣˀ,consonant,1,0.00046,0.00276,0.00035,17000000,3663985,,
lumped,ʃˀ,consonant,1,0.00046,0.00276,0.00035,17000000,3663985,,
lumped,ʒˀ,consonant,1,0.00046,0.00276,0.00035,17000000,3663985,,
lumped,ʢ,consonant,4,0.00184,0.00272,0.0014,16766400,14430648,,
lumped,ɖ̰,consonant,1,0.00046,0.00263,0.0018,16200000,18630626,,
lumped,d̥,consonant,8,0.00367,0.00255,0.00162,15721973,16715404,,d̥ː d̪̥ d̺̥
lumped,b̥,consonant,7,0.00322,0.00255,0.00162,15711973,16705404,b̥ʰ(1),b̥ʰ b̥ː
lumped,ɡ̊,consonant,7,0.00322,0.00255,0.00162,15711973,16705404,ɡ̊ʰ(1),ɡ̊ʰ ɡ̊ː
lumped,ɲɟ,consonant,38,0.01746,0.00253,0.00202,15574000,20857252,ɟɲ(1) ɲ(1) ndʒ(1),
lumped,io,vowel,13,0.00597,0.00251,0.00233,15426104,24100243,,ioː io̞ i̯o i̯oː
lumped,tʃˤ,consonant,3,0.00138,0.00243,0.00121,14932900,12561729,,t̠ʃˤ t̠ʃˤʰ
lumped,jˀ,consonant,8,0.00367,0.00237,0.00244,14570000,25187575,,
lumped,øy,vowel,3,0.00138,0.00234,0.00108,14400000,11175209,,øy̯ øːy̯
lumped,ɲ̤,consonant,6,0.00276,0.00224,0.00164,13816767,16980390,ɲ̤ʱ(1),ɲ̤ʱ
lumped,œi,vowel,4,0.00184,0.00222,0.00174,13676480,17988122,,œi̯
lumped,œu,vowel,2,0.00092,0.00208,0.00166,12821380,17213909,,œu̯
lumped,kǁ͓,consonant,4,0.00184,0.00201,0.00148,12390800,15318294,,kǁ͓ʰ
lumped,iɛ,vowel,19,0.00873,0.002,0.00223,12334462,23069177,ɛ(1) iæ(1) ia(1) iɘ(1) ɘ(1),iɛː iɛ̠ iːɛ i̯ɛ
lumped,kǃ͓,consonant,1,0.00046,0.00197,0.00145,12100000,14969091,,
lumped,kʟ̥ʼ,consonant,1,0.00046,0.00197,0.00145,12100000,14969091,,
lumped,kʟ͓̥ʼ,consonant,1,0.00046,0.00197,0.00145,12100000,14969091,kxʼ(1),
lumped,sʷ,consonant,36,0.01654,0.00183,0.00197,11285195,20400744,,s̪ʷ
lumped,p͉,consonant,71,0.03261,0.00181,0.00093,11150956,9648652,b(5) b͉(1) p(1) β(1),
lumped,t͉,consonant,70,0.03215,0.00181,0.00093,11150898,9648594,d(5) ð(2) d͉(1) t(1) p(1),t̪͉ t̺͉
lumped,tʃʷ,consonant,27,0.0124,0.00178,0.00169,10963383,17460266,tʃʷʰ(3) tʃɥ(1),t̠ʃʷ t̠ʃʷʰ t̠ʃʷː t̺ʃ̺ʷ
lumped,dʒʲ,consonant,6,0.00276,0.00178,0.00094,10930420,9686250,dʒʷˠ(1),d̠ʒʲ
lumped,yə,vowel,3,0.00138,0.00176,0.00089,10855100,9213369,,yə̯ yːə
lumped,oe,vowel,7,0.00322,0.00175,0.00116,10783600,11960005,oə(1),oe̞ o̞e̞
lumped,yo,vowel,1,0.00046,0.00167,1e-05,10300000,54256,,
lumped,ŋǃ,consonant,9,0.00413,0.00164,0.00129,10098700,13366771,ŋǃʱ(1),ŋǃʱ ŋǃ̠
lumped,s͉,consonant,3,0.00138,0.00164,0.00083,10095000,8534156,z(2) s(1) ɕ(1),
lumped,ʃ͉,consonant,3,0.00138,0.00164,0.00083,10095000,8534156,ʃ(1),
lumped,z̥,consonant,4,0.00184,0.00164,0.00082,10080093,8519249,,
lumped,ʒ̊,consonant,2,0.00092,0.00162,0.00082,10000093,8439249,,
lumped,f͉,consonant,1,0.00046,0.00162,0.00082,10000000,8439156,v(1) f(1),
lumped,v̥,consonant,1,0.00046,0.00162,0.00082,10000000,8439156,,
lumped,x͉,consonant,1,0.00046,0.00162,0.00082,10000000,8439156,x(1) ʁ̥(1),
lumped,ɣ̊,consonant,1,0.00046,0.00162,0.00082,10000000,8439156,,
lumped,zʷ,consonant,16,0.00735,0.00162,0.00156,9950110,16148001,,z̪ʷ
lumped,dʒʷ,consonant,18,0.00827,0.00162,0.00167,9942400,17287087,,d̠ʒʷ d̺ʒ̺ʷ
lumped,ŋǀ,consonant,5,0.0023,0.00159,0.00126,9804300,13013969,ŋǀʱ(1),ŋǀʱ
lumped,ŋǁ,consonant,5,0.0023,0.00159,0.00126,9804300,13013969,,
lumped,ntsʼ,consonant,2,0.00092,0.00158,0.00125,9750100,12959769,,
lumped,ntʃʼ,consonant,2,0.00092,0.00158,0.00125,9750100,12959769,,n̠t̠ʃʼ
lumped,b̰,consonant,19,0.00873,0.00157,0.00112,9659450,11589679,b(1) p(1) mb(1) m(1) p̰(1),
lumped,ɧ,consonant,1,0.00046,0.0015,0.00129,9244250,13338377,,
lumped,kxʼ,consonant,5,0.0023,0.00146,0.00112,8964000,11597862,,kxʼː
lumped,v̤,consonant,4,0.00184,0.00145,0.00117,8919300,12055655,,
lumped,ɟ̤,consonant,2,0.00092,0.00141,0.0011,8655300,11379721,,
lumped,l̥,consonant,57,0.02618,0.00139,0.00146,8562827,15082871,l̥ʲ(1) l̥ʷ(1) hl(1) ʎ̥(1) ʱl̥(1),l̥ː l̪̥ ʰl̥
lumped,æɪ,vowel,4,0.00184,0.00137,0.00171,8451200,17735204,,æɪ̯ æːɪ
lumped,kǀʼ,consonant,3,0.00138,0.00134,0.00106,8227300,10951721,kǀʰʼ(1),kǀʰʼ
lumped,ɡ̤ǃ,consonant,3,0.00138,0.00134,0.00106,8220900,10945321,,
lumped,ŋ̤ǃ,consonant,2,0.00092,0.00133,0.00106,8210900,10935321,,
lumped,m̤b̤,consonant,2,0.00092,0.00133,0.00106,8187300,10911721,,
lumped,n̤d̤,consonant,2,0.00092,0.00133,0.00106,8187300,10911721,,
lumped,n̤d̤ɮ̤,consonant,2,0.00092,0.00133,0.00106,8187300,10911721,,
lumped,z̤,consonant,2,0.00092,0.00133,0.00106,8187300,10911721,,
lumped,ɦ̤,consonant,2,0.00092,0.00133,0.00106,8187300,10911721,,
lumped,mpfʼ,consonant,1,0.00046,0.00133,0.00105,8177300,10901721,,
lumped,mpʼ,consonant,1,0.00046,0.00133,0.00105,8177300,10901721,,
lumped,m̤b̤v̤,consonant,1,0.00046,0.00133,0.00105,8177300,10901721,,
lumped,ntlʼ,consonant,1,0.00046,0.00133,0.00105,8177300,10901721,,
lumped,ntʼ,consonant,1,0.00046,0.00133,0.00105,8177300,10901721,,
lumped,n̤d̤z̤,consonant,1,0.00046,0.00133,0.00105,8177300,10901721,,
lumped,n̤d̤ʒ,consonant,1,0.00046,0.00133,0.00105,8177300,10901721,,n̠̤d̠̤ʒ
lumped,ŋkʼ,consonant,1,0.00046,0.00133,0.00105,8177300,10901721,,
lumped,ŋǁʼ,consonant,1,0.00046,0.00133,0.00105,8177300,10901721,,
lumped,ŋǃʼ,consonant,1,0.00046,0.00133,0.00105,8177300,10901721,,
lumped,ŋ̤ǀ,consonant,1,0.00046,0.00133,0.00105,8177300,10901721,,
lumped,ŋ̤ǁ,consonant,1,0.00046,0.00133,0.00105,8177300,10901721,,
lumped,ŋ̤ɡ̤,consonant,1,0.00046,0.00133,0.00105,8177300,10901721,,
lumped,ɡ̤ǀ,consonant,1,0.00046,0.00133,0.00105,8177300,10901721,,
lumped,ɡ̤ǁ,consonant,1,0.00046,0.00133,0.00105,8177300,10901721,,
lumped,ɣ̤,consonant,1,0.00046,0.00133,0.00105,8177300,10901721,,
lumped,ɮ̤,consonant,1,0.00046,0.00133,0.00105,8177300,10901721,,
lumped,ɲcʼ,consonant,1,0.00046,0.00133,0.00105,8177300,10901721,,
lumped,ɲ̤ɟ̤,consonant,1,0.00046,0.00133,0.00105,8177300,10901721,,
lumped,ŋm,consonant,75,0.03445,0.00131,0.00092,8092000,9504892,ŋmʲ(2) nm(1) ŋmʷ(1) mʷ(1) m(1),
lumped,ɰ,consonant,53,0.02435,0.0013,0.00095,8014808,9801008,ɣ(2) ɡ(2) ʔ(1) ʁ(1) f(1) ɸ(1) v(1) β(1),
lumped,t̰,consonant,14,0.00643,0.00128,0.00087,7865695,8993376,θ(1) c(1),t̪̰
lumped,sʼ,consonant,15,0.00689,0.00127,0.00113,7839629,11702291,tsʼ(1),sʼː s̪ʼ
lumped,j̃,consonant,10,0.00459,0.00125,0.00129,7698093,13352456,,
lumped,tɬ,consonant,25,0.01148,0.00124,0.00082,7618212,8488634,tɬʰ(9) ɬ(1) dɮ(1),tɬʰ tɬʰː tɬː t̪ɬ t̪ɬ̪ t̪ɬ̪ʰ
lumped,tɬʼ,consonant,25,0.01148,0.00123,0.00082,7578180,8439998,kɬʼ(1),tɬʼː t̪ɬʼ t̪ɬ̪ʼ
lumped,ao,vowel,10,0.00459,0.00119,0.00076,7344600,7894815,ɑɔ(1) ɑo(1) aɔ(1),ao̞ ɑo
lumped,ɔe,vowel,2,0.00092,0.00119,0.00091,7299200,9461692,,
lumped,eo,vowel,6,0.00276,0.00118,0.00075,7250000,7800215,,e̞o̞
lumped,p̰,consonant,12,0.00551,0.00118,0.00075,7247395,7799054,,
lumped,k̰,consonant,10,0.00459,0.00118,0.00075,7245590,7793821,k̰ʲ(1),
lumped,ɛo,vowel,2,0.00092,0.00117,0.00075,7210000,7760215,,ɛo̞
lumped,eɘ,vowel,1,0.00046,0.00117,0.00096,7200000,9966165,,
lumped,oɘ,vowel,1,0.00046,0.00117,0.00096,7200000,9966165,,
lumped,øɘ,vowel,1,0.00046,0.00117,0.00096,7200000,9966165,,
lumped,ɘi,vowel,1,0.00046,0.00117,0.00096,7200000,9966165,,
lumped,ndz,consonant,63,0.02894,0.00115,0.00429,7108200,44343721,ndʒ(9) nts(1) nz(1) nʒ(1),n̪d̪z̪
lumped,h̃,consonant,6,0.00276,0.0011,0.00121,6795000,12495322,,
lumped,nʃ,consonant,5,0.0023,0.00109,0.00079,6730000,8187104,,n̠ʃ
lumped,ɪu,vowel,2,0.00092,0.00109,0.00075,6724000,7730704,,ɪ̯u̞
lumped,ʐ͇,consonant,3,0.00138,0.00109,0.00053,6711880,5455385,ʂ͇(2) ɻ(1) r(1),
lumped,R|R,consonant,33,0.01516,0.00109,0.00083,6689055,8618207,,R̪|R
lumped,rˠ,consonant,4,0.00184,0.00106,0.00137,6521630,14146095,ɾˠ(2) ɾ̃ˠ(1) r(1) ɹ(1) ɹˠ(1),ɹ̪̩ˠ ɾˠ ɾ̪ˠ
lumped,ɜ,vowel,24,0.01102,0.00102,0.00095,6260473,9773601,ɞ(2) a(2) ɔ(1) ɑ(1) ɛ(1) ə(1) æ̤(1) ɜ̃(1),ɜː
lumped,yu,vowel,3,0.00138,0.00101,0.00084,6214790,8715345,,yu̯
lumped,ɪɛ,vowel,3,0.00138,0.001,0.00067,6142000,6951720,,ɪɛː ɪ̯ɛ
lumped,ʊɔ,vowel,2,0.00092,0.001,0.00067,6140000,6949720,,ʊ̯ɔ
lumped,w̃,consonant,14,0.00643,0.001,0.00106,6130000,10918609,ɥ̃(1),
lumped,l̃,consonant,6,0.00276,0.00098,0.00105,6050000,10838609,,
lumped,bz,consonant,3,0.00138,0.00098,0.00076,6020000,7876936,,
lumped,fʃ,consonant,1,0.00046,0.00097,0.00067,6000000,6957964,,
lumped,pʃ,consonant,1,0.00046,0.00097,0.00067,6000000,6957964,pʃʰ(1),pʃʰ
lumped,pʃʼ,consonant,1,0.00046,0.00097,0.00067,6000000,6957964,,
lumped,ɪɔ,vowel,1,0.00046,0.00097,0.00066,6000000,6809720,,ɪ̯ɔ
lumped,ṽ,consonant,1,0.00046,0.00097,0.00104,6000000,10788609,,ṽ
lumped,uʌ,vowel,4,0.00184,0.00097,0.00084,5964280,8708559,,uʌ̯ uːʌ
lumped,øu,vowel,3,0.00138,0.00095,0.00074,5868460,7676299,,øu̯
lumped,ᶑʼ,consonant,3,0.00138,0.00095,0.00021,5850000,2153900,,ᶑʼː
lumped,d̥z̥,consonant,5,0.0023,0.00093,0.0008,5711880,8266156,,d̺̥z̺̥
lumped,iæ,vowel,2,0.00092,0.00092,0.0007,5656980,7261826,,i̯æ
lumped,iø,vowel,2,0.00092,0.00091,0.0007,5631380,7257744,,i̯ø
lumped,eʌ,vowel,1,0.00046,0.00091,0.0007,5621380,7247744,,eʌ̯
lumped,iy,vowel,1,0.00046,0.00091,0.0007,5621380,7247744,,i̯y
lumped,iœ,vowel,1,0.00046,0.00091,0.0007,5621380,7247744,,i̯œ i̯œ̞
lumped,iɒ,vowel,1,0.00046,0.00091,0.0007,5621380,7247744,,i̯ɒ
lumped,iʌ,vowel,1,0.00046,0.00091,0.0007,5621380,7247744,,iʌ̯ i̯ʌ
lumped,oʌ,vowel,1,0.00046,0.00091,0.0007,5621380,7247744,,oʌ̯
lumped,yʌ,vowel,1,0.00046,0.00091,0.0007,5621380,7247744,,yʌ̯
lumped,æʌ,vowel,1,0.00046,0.00091,0.0007,5621380,7247744,,æʌ̯
lumped,øʌ,vowel,1,0.00046,0.00091,0.0007,5621380,7247744,,øʌ̯
lumped,œʌ,vowel,1,0.00046,0.00091,0.0007,5621380,7247744,,œ̞ʌ̯
lumped,ɒu,vowel,1,0.00046,0.00091,0.0007,5621380,7247744,,ɒu̯
lumped,ŋ̤,consonant,3,0.00138,0.00091,0.00059,5619467,6058670,ŋ̤ʱ(1),ŋ̤ʱ
lumped,m̤p,consonant,1,0.00046,0.00088,0.00057,5430000,5869203,m̤pʰ(1),m̤pʰ
lumped,n̤s,consonant,1,0.00046,0.00088,0.00057,5430000,5869203,,
lumped,n̤t,consonant,1,0.00046,0.00088,0.00057,5430000,5869203,n̤tʰ(1),n̤tʰ
lumped,ŋ̤k,consonant,1,0.00046,0.00088,0.00057,5430000,5869203,ŋ̤kʰ(1),ŋ̤kʰ
lumped,ɱ̤f,consonant,1,0.00046,0.00088,0.00057,5430000,5869203,,
lumped,ɲ̤c,consonant,1,0.00046,0.00088,0.00057,5430000,5869203,ɲ̤cʰ(1),ɲ̤cʰ
lumped,pʷ,consonant,46,0.02113,0.00085,0.00071,5220125,7326179,pʷʰ(2) bʷ(2) p(1) b̥ʷ(1),pʷʰ
lumped,iɪ,vowel,2,0.00092,0.00085,0.00033,5206670,3386686,,iɪ̯
lumped,ɯɪ,vowel,1,0.00046,0.00084,0.00033,5200000,3379704,,ɯɪ̯
lumped,xʲ,consonant,9,0.00413,0.00084,0.00031,5169197,3196921,,xʲː x̟ʲ
lumped,ɗ|ɗ,consonant,13,0.00597,0.0008,0.00052,4943220,5359042,,ɗ̪|ɗ
lumped,tʼ|tʼ,consonant,20,0.00919,0.00079,0.00052,4891066,5403890,,t̪ʼ|tʼ
lumped,ɲ̊,consonant,8,0.00367,0.00077,0.00108,4710000,11206240,ʱɲ̊(1) ɲ̊dʑ(1),
lumped,dˠ,consonant,4,0.00184,0.00073,0.00054,4505100,5618150,d̥ˠ(1),d̪ˠ
lumped,tˠ,consonant,4,0.00184,0.00073,0.00054,4505100,5618150,tˠʰ(1),t̪ˠ t̪ˠʰ
lumped,qχ,consonant,6,0.00276,0.00073,0.00134,4473700,13886345,q(1) qʰ(1) qχʰ(1),qχʰ qχʰː qχː
lumped,sˠ,consonant,3,0.00138,0.00073,0.00054,4471500,5584550,,
lumped,mˠ,consonant,2,0.00092,0.00072,0.00054,4461500,5574550,ɱˠ(1) m̥ˠ(1),
lumped,ŋmɡb,consonant,82,0.03767,0.00071,0.00117,4383000,12093649,,
lumped,ns,consonant,20,0.00919,0.00071,0.0011,4372800,11358968,,nsʰ
lumped,uɔ,vowel,10,0.00459,0.00071,0.00047,4350470,4892486,ɔ(1) ua(1),uɔː u̯ɔ u̯ɔː
lumped,zˠ,consonant,2,0.00092,0.0007,0.00042,4330500,4330500,,z̞̩ˠ
lumped,ʊu,vowel,2,0.00092,0.0007,0.00042,4330500,4330500,,
lumped,ðˠ,consonant,1,0.00046,0.0007,0.00042,4320500,4320500,,
lumped,ɪi,vowel,1,0.00046,0.0007,0.00042,4320500,4320500,,
lumped,ndʑ,consonant,15,0.00689,0.00069,0.00104,4217000,10761223,,
lumped,ɣʲ,consonant,3,0.00138,0.00066,0.00028,4070130,2883163,,ɣ̟ʲ
lumped,z͇,consonant,2,0.00092,0.00065,0.00039,4010000,4010000,ɾ(1) r(1) z͇̥(1),
lumped,ɔy,vowel,2,0.00092,0.00065,0.00107,4002000,11022953,,ɔy̯ː
lumped,æʉ,vowel,1,0.00046,0.00065,0.00107,4000000,11020953,,
lumped,ŋk,consonant,44,0.02021,0.00064,0.00351,3935920,36333523,ŋkʰ(2) ŋkʲ(1) ŋkp(1) ŋɡ(1),ŋkʰ
lumped,nt,consonant,44,0.02021,0.00064,0.00352,3926720,36430313,ntʰ(3) nd(1),ntʰ n̠t̠ n̪t̪ n̪t̪ʰ
lumped,ɯ̃,vowel,29,0.01332,0.00062,0.00042,3841462,4365888,ɯ̥̃(1) ŋ(1) nʲ(1) m(1) mʲ(1) ŋʲ(1) n(1) ɯ̃i(1),ɯ̃ː
lumped,mp,consonant,40,0.01837,0.00058,0.00344,3584720,35569732,mpʰ(4) mb(1) mʙ̥(1),mpʰ
lumped,l̥|l̥,consonant,8,0.00367,0.00058,0.00074,3567655,7603028,,l̪̥|l̥
lumped,ɛə,vowel,2,0.00092,0.00057,0.00038,3510032,3951962,,
lumped,ãi,vowel,1,0.00046,0.00057,0.00038,3500032,3941868,,ãi ãi̯
lumped,ĩə,vowel,1,0.00046,0.00057,0.00038,3500032,3941868,,ĩə
lumped,ũə,vowel,1,0.00046,0.00057,0.00038,3500032,3941868,,ũə
lumped,ɔə,vowel,1,0.00046,0.00057,0.00038,3500032,3941868,,ɔːə
lumped,ɛ̃ə,vowel,1,0.00046,0.00057,0.00038,3500032,3941868,,
lumped,ɯ̃ə,vowel,1,0.00046,0.00057,0.00038,3500032,3941868,,
lumped,ʌə,vowel,1,0.00046,0.00057,0.00038,3500032,3941868,,
lumped,qʷʼ,consonant,19,0.00873,0.00057,0.00024,3483575,2431815,,qʷʼː
lumped,ɳɖʐ,consonant,11,0.00505,0.00052,0.00094,3190250,9716340,ɳʈʂ(1),
lumped,r̥,consonant,30,0.01378,0.0005,0.00056,3071975,5832677,ɾ̥(3) r(1) r̥ʲ(1) ɾ̥ʷ(1) hr(1),r̥ː r̺̥ ɹ̥ ɾ̥
lumped,ɔʊ,vowel,2,0.00092,0.0005,0.00051,3060000,5236208,,ɔʊ̯
lumped,æ̃ɪ̃,vowel,1,0.00046,0.0005,0.00029,3050000,3050000,,æ̃ɪ̯̃
lumped,ɔ̃ʊ̃,vowel,1,0.00046,0.0005,0.00029,3050000,3050000,,ɔ̃ʊ̯̃
lumped,tθ,consonant,4,0.00184,0.00049,0.0006,3031325,6164087,tθʰ(3) θ(1) tθˀ(1),t̪θ t̪θʰ t̪θ̪
lumped,ʃʷ,consonant,29,0.01332,0.00049,0.00045,3029485,4666659,,ʃʷː
lumped,dð,consonant,2,0.00092,0.00049,0.00059,3010000,6141673,tθ͉(1) ð(1),d̪ð d̪ð̪
lumped,ɱf,consonant,11,0.00505,0.00048,0.00061,2932800,6352685,,
lumped,tʷ,consonant,47,0.02159,0.00048,0.00055,2932780,5684296,tʷʰ(3) tɥ(1),tʷʰ t̪ʷ t̪ʷʰ
lumped,ŋ̊,consonant,8,0.00367,0.00044,0.00026,2713900,2713900,ʱŋ̊(1) ŋ̊ɡ(1),
lumped,ȵ,consonant,323,0.14837,0.00044,0.00026,2713167,2713132,nʷʲ(1),
lumped,ʜ,consonant,6,0.00276,0.00041,0.00025,2505187,2598911,,ʜː
lumped,ȶ,consonant,262,0.12035,0.00037,0.00022,2260325,2260290,,
lumped,ɬʼ,consonant,5,0.0023,0.00036,0.00017,2205900,1710383,tɬʼ(1),
lumped,tʷʼ,consonant,4,0.00184,0.00035,0.00016,2166120,1637395,,t̪ʷʼ
lumped,ʔʷ,consonant,15,0.00689,0.00034,0.00016,2106000,1632512,,
lumped,aˤ,vowel,8,0.00367,0.00034,0.0002,2073148,2073148,ɑˤ(1) ɛɒˤ(1),aˤː ɐˤ ɑˤː
lumped,oˤ,vowel,6,0.00276,0.00033,0.0002,2053148,2053148,oɒˤ(1),oˤː o̞ˤ o̞ˤː
lumped,ɞ,vowel,4,0.00184,0.00033,0.0002,2030000,2030000,,ɞː ɞ̠ ɞ̠ː
lumped,e̥,vowel,2,0.00092,0.00033,0.00019,2010000,2010000,,e̞̥ e̥ː
lumped,r̹,consonant,2,0.00092,0.00033,0.00082,2010000,8506240,,ɹ̪̹̩ ɻ̹̩
lumped,ɔˤ,vowel,2,0.00092,0.00033,0.00019,2010000,2010000,ɔɒˤ(1),ɔˤː
lumped,ʊˤ,vowel,2,0.00092,0.00033,0.00019,2010000,2010000,ʊɒˤ(1),ʊˤː
lumped,aɵ,vowel,1,0.00046,0.00032,0.00019,2000000,2000000,,aɵ̯
lumped,ɞʏ,vowel,1,0.00046,0.00032,0.00019,2000000,2000000,,ɞʏ̯
lumped,ʌˤ,vowel,1,0.00046,0.00032,0.00019,2000000,2000000,ɪɒ(1),ʌˤː
lumped,ɬ|ɬ,consonant,20,0.00919,0.00032,0.00018,1993489,1904542,,ɬ̪|ɬ ɬ̪ː|ɬː
lumped,ɳɖ,consonant,9,0.00413,0.00032,0.00019,1960512,2005320,,
lumped,fʼ,consonant,2,0.00092,0.00029,0.00012,1790110,1238370,,
lumped,ntʃ,consonant,22,0.01011,0.00029,0.00049,1773120,5075900,ntʃʰ(1),n̠t̠ʃ n̠t̠ʃʰ
lumped,ɡǃ,consonant,6,0.00276,0.00027,0.00021,1684600,2169848,ɡǃʱ(1),ɡǃʱ ɡǃ̠
lumped,ɡǀ,consonant,6,0.00276,0.00027,0.00021,1661000,2146248,ɡǀʱ(1),ɡǀʱ
lumped,ʃʼ,consonant,7,0.00322,0.00027,0.00011,1648000,1180719,,ʃʼː ʃ̞ʼ
lumped,ɡǁ,consonant,4,0.00184,0.00026,0.0002,1627000,2112248,,
lumped,a̙,vowel,2,0.00092,0.00026,0.00024,1583410,2457601,,a̙ː a̟̙ː ɑ̙
lumped,nɬ,consonant,1,0.00046,0.00026,0.0002,1572800,2058048,,
lumped,nɮ,consonant,1,0.00046,0.00026,0.0002,1572800,2058048,,
lumped,ŋkx,consonant,1,0.00046,0.00026,0.0002,1572800,2058048,,
lumped,ȴ,consonant,181,0.08314,0.00025,0.00015,1558459,1558424,,
lumped,tsʷ,consonant,12,0.00551,0.00025,0.00026,1514110,2678594,tsʷʰ(4) tʃʷ(1),tsʷʰ t̪s̪ʷ t̪s̪ʷʰ
lumped,ɬʷ,consonant,2,0.00092,0.00024,0.00018,1488500,1809875,,
lumped,a̰,vowel,21,0.00965,0.00023,0.00016,1437187,1607145,,a̰ː a̰ˑ ɑ̰ː
lumped,uõ,vowel,3,0.00138,0.00023,0.00015,1418900,1574031,,u̯õ u̯õː
lumped,iẽ,vowel,3,0.00138,0.00023,0.00015,1417900,1573031,,iẽ iẽː i̯ẽ
lumped,ḭ,vowel,18,0.00827,0.00023,0.00015,1417084,1587042,,ḭ ḭː ḭˑ
lumped,ṵ,vowel,17,0.00781,0.00023,0.00015,1410084,1580042,,ṵ ṵː
lumped,j̥,consonant,17,0.00781,0.00023,0.00018,1409080,1849632,ç(1),
lumped,tsʷʼ,consonant,2,0.00092,0.00023,9e-05,1400110,971665,,t̪s̪ʷʼ
lumped,xk,consonant,1,0.00046,0.00023,0.00015,1393900,1549031,,
lumped,qχʼ,consonant,6,0.00276,0.00022,0.00012,1372420,1246564,,qχʼː
lumped,ɛ̰,vowel,8,0.00367,0.00022,0.00015,1353093,1523051,,ɛ̰ː ɛ̰ˑ
lumped,ɔ̰,vowel,6,0.00276,0.00022,0.00015,1346000,1515958,,ɔ̰ː ɔ̰ˑ
lumped,ʄ̥,consonant,3,0.00138,0.00022,0.00021,1326000,2199225,,
lumped,nʷ,consonant,29,0.01332,0.00021,0.00037,1314000,3846359,nɥ(1),n̪ʷ
lumped,bv,consonant,19,0.00873,0.0002,0.00021,1243267,2153344,v(1),
lumped,ɴq,consonant,4,0.00184,0.0002,0.00028,1230000,2908353,ɴqʰ(1),ɴqʰ
lumped,ndʲ,consonant,5,0.0023,0.0002,0.00017,1217000,1730050,ntʲʰ(1) ɲɟʝ(1),
lumped,tʲʼ,consonant,3,0.00138,0.00019,8e-05,1160610,822724,,t̪ʲʼ
lumped,d̰|d̰,consonant,3,0.00138,0.00019,0.00011,1160000,1160000,,d̪̰|d̰
lumped,ʒʷ,consonant,11,0.00505,0.00019,0.0001,1157580,988770,jʷ(1),
lumped,ɨa,vowel,4,0.00184,0.00019,0.00011,1150000,1131306,,ɨä̠
lumped,ɱ,consonant,16,0.00735,0.00018,0.00013,1124800,1297800,,
lumped,tsʼ|tsʼ,consonant,15,0.00689,0.00017,0.00013,1055796,1392455,,t̪s̪ʼ|tsʼ t̪s̪ʼː|tsʼː
lumped,mˀ,consonant,7,0.00322,0.00017,0.00012,1051930,1221579,,
lumped,nˀ,consonant,7,0.00322,0.00017,0.00012,1051930,1221579,,
lumped,j̰,consonant,25,0.01148,0.00017,0.00014,1041237,1457374,ˀj̥(1) dj(1) jʔ(1),
lumped,w̰,consonant,26,0.01194,0.00017,0.00014,1036367,1453948,ˀw̥(1) wʔ(1) w̃(1),
lumped,aˠ,vowel,1,0.00046,0.00016,0.0001,1000000,1000000,,
lumped,a̙ˠ,vowel,1,0.00046,0.00016,0.0001,1000000,1000000,,
lumped,eˠ,vowel,1,0.00046,0.00016,0.0001,1000000,1000000,,
lumped,iˠ,vowel,1,0.00046,0.00016,0.0001,1000000,1000000,,
lumped,ŋˀ,consonant,1,0.00046,0.00016,8e-05,1000000,869988,,
lumped,ɔ̙,vowel,1,0.00046,0.00016,0.0001,1000000,1000000,,ɔ̙ː
lumped,ɛˠ,vowel,1,0.00046,0.00016,0.0001,1000000,1000000,,
lumped,ɛ̙,vowel,1,0.00046,0.00016,0.0001,1000000,1000000,,ɛ̙ː
lumped,ɛ̙ˠ,vowel,1,0.00046,0.00016,0.0001,1000000,1000000,,
lumped,ɪˠ,vowel,1,0.00046,0.00016,0.0001,1000000,1000000,,
lumped,ɪ̙,vowel,1,0.00046,0.00016,0.0001,1000000,1000000,e̙(1),ɪ̙ː
lumped,ɪ̙ˠ,vowel,1,0.00046,0.00016,0.0001,1000000,1000000,,
lumped,ʊ̙,vowel,1,0.00046,0.00016,0.0001,1000000,1000000,,ʊ̙ː
lumped,tɬʼ|tɬʼ,consonant,11,0.00505,0.00016,9e-05,989064,901207,,t̪ɬ̪ʼ|tɬʼ t̪ɬ̪ʼː|tɬʼː
lumped,lʷ,consonant,28,0.01286,0.00016,0.00017,982000,1786493,lɥ(1),l̪ʷ
lumped,n̥tʃ,consonant,1,0.00046,0.00016,0.00022,980000,2226249,,n̠̥t̠ʃ
lumped,n̥ʃ,consonant,1,0.00046,0.00016,0.00022,980000,2226249,,
lumped,ɱ̥f,consonant,1,0.00046,0.00016,0.00022,980000,2226249,,
lumped,tʃʷʼ,consonant,5,0.0023,0.00016,8e-05,969698,815852,,t̠ʃʷʼ
lumped,tɬ|tɬ,consonant,8,0.00367,0.00016,8e-05,959064,871207,,t̪ɬ̪|tɬ t̪ɬ̪ʰ|tɬʰ t̪ɬ̪ː|tɬː
lumped,ɤ̃,vowel,9,0.00413,0.00015,0.0001,948170,1081609,ɯ̃(1),ɤ̃ː ɤ̞̃ ɤ̟̞̃
lumped,ʊ̤,vowel,3,0.00138,0.00015,7e-05,920000,731407,,ʊ̤ː
lumped,ɵ̤,vowel,2,0.00092,0.00015,7e-05,910000,721407,,ɵ̤ː
lumped,d̤|d̤,consonant,2,0.00092,0.00015,0.0001,903600,1037039,,d̪̤|d̤
lumped,l̤|l̤,consonant,2,0.00092,0.00015,0.0001,903600,1037039,,l̪̤|l̤
lumped,n̤|n̤,consonant,2,0.00092,0.00015,0.0001,903600,1037039,,n̪̤|n̤
lumped,lʼ,consonant,3,0.00138,0.00015,9e-05,900004,900004,,lʼː
lumped,aɯ,vowel,6,0.00276,0.00015,0.00016,900000,1705128,,ɑɯ
lumped,æ̤,vowel,1,0.00046,0.00015,7e-05,900000,711407,,æ̤ː
lumped,dr,consonant,8,0.00367,0.00015,9e-05,895768,895768,dɾ(2),dɾ
lumped,dz̤|dz̤,consonant,1,0.00046,0.00015,0.0001,893600,1027039,,d̪z̪̤|dz̤
lumped,rʼ,consonant,1,0.00046,0.00014,9e-05,890000,890000,,rʼː
lumped,ɲʷ,consonant,16,0.00735,0.00014,0.00036,886000,3745970,,
lumped,ỹ,vowel,9,0.00413,0.00014,0.00025,872005,2609547,,ỹ ỹː
lumped,ɪə,vowel,2,0.00092,0.00014,7e-05,845170,764283,,
lumped,oə,vowel,1,0.00046,0.00014,7e-05,845100,764213,,oːə
lumped,ɵə,vowel,1,0.00046,0.00014,7e-05,845100,764213,,
lumped,χʲ,consonant,3,0.00138,0.00014,4e-05,833720,417583,,
lumped,qʲʼ,consonant,2,0.00092,0.00013,4e-05,823720,407583,,
lumped,ŋɡʷ,consonant,52,0.02389,0.00013,0.00019,802660,1999422,,
lumped,tɬʷ,consonant,1,0.00046,0.00012,7e-05,766500,675941,,tɬʷʰ
lumped,tɬʷʼ,consonant,1,0.00046,0.00012,7e-05,766500,675941,,
lumped,ʜʷ,consonant,1,0.00046,0.00012,7e-05,766500,675941,,
lumped,ʢʷ,consonant,1,0.00046,0.00012,7e-05,766500,675941,,
lumped,dʓʷ,consonant,2,0.00092,0.00012,6e-05,766010,665730,,d̠ʓʷ
lumped,tʆʷ,consonant,2,0.00092,0.00012,6e-05,766010,665730,,t̠ʆʷ t̠ʆʷʰ
lumped,ʆ,consonant,2,0.00092,0.00012,6e-05,766010,665730,,
lumped,ʆʷ,consonant,2,0.00092,0.00012,6e-05,766010,665730,,
lumped,ʓ,consonant,2,0.00092,0.00012,6e-05,766010,665730,,
lumped,ʓʷ,consonant,2,0.00092,0.00012,6e-05,766010,665730,,
lumped,ɡǂ,consonant,3,0.00138,0.00012,0.00011,759800,1171734,,
lumped,ḛ,vowel,19,0.00873,0.00012,7e-05,731094,731094,,e̞̰ ḛ ḛː ḛˑ
lumped,o̰,vowel,18,0.00827,0.00012,7e-05,730991,730991,,o̞̰ o̰ː o̰ˑ
lumped,ɢʷ,consonant,7,0.00322,0.00012,6e-05,723220,660248,,
lumped,bzʷ,consonant,1,0.00046,0.00012,0.00011,722000,1133934,,
lumped,dlʷ,consonant,1,0.00046,0.00012,0.00011,722000,1133934,,
lumped,n̤ʷ,consonant,1,0.00046,0.00012,0.00011,722000,1133934,,
lumped,psʷ,consonant,1,0.00046,0.00012,0.00011,722000,1133934,psʷʰ(1),psʷʰ
lumped,ɖʐʷ,consonant,1,0.00046,0.00012,0.00011,722000,1133934,,
lumped,ʈʂʷ,consonant,1,0.00046,0.00012,0.00011,722000,1133934,,
lumped,ʐʷ,consonant,1,0.00046,0.00012,0.00011,722000,1133934,,
lumped,ɯ̤,vowel,8,0.00367,0.00011,7e-05,679500,679500,ɯ̤i(1),ɯ̤ː
lumped,əʊ,vowel,2,0.00092,0.00011,5e-05,652200,492414,,
lumped,ɯ̰,vowel,4,0.00184,0.00011,6e-05,648000,648000,,ɯ̰̽ː
lumped,ii,vowel,4,0.00184,0.0001,0.03678,643960,380326051,ɨ(1),ii̯
lumped,sʷʲ,consonant,2,0.00092,0.0001,3e-05,643610,305724,,s̪ʷʲ
lumped,uu,vowel,3,0.00138,0.0001,0.03678,643540,380325432,ɣ(1),uu̯ u̠u
lumped,kʷʲ,consonant,1,0.00046,0.0001,3e-05,633610,295724,,kʷʲʰ
lumped,kʷʲʼ,consonant,1,0.00046,0.0001,3e-05,633610,295724,,
lumped,pʲʼ,consonant,1,0.00046,0.0001,3e-05,633610,295724,,
lumped,qʲ,consonant,1,0.00046,0.0001,3e-05,633610,295724,,qʲʰ
lumped,qʷʲ,consonant,1,0.00046,0.0001,3e-05,633610,295724,,qʷʲʰ
lumped,qʷʲʼ,consonant,1,0.00046,0.0001,3e-05,633610,295724,,
lumped,tsʲʼ,consonant,1,0.00046,0.0001,3e-05,633610,295724,,t̪s̪ʲʼ
lumped,tsʷʲ,consonant,1,0.00046,0.0001,3e-05,633610,295724,,t̪s̪ʷʲ t̪s̪ʷʲʰ
lumped,tsʷʲʼ,consonant,1,0.00046,0.0001,3e-05,633610,295724,,t̪s̪ʷʲʼ
lumped,tʷʲ,consonant,1,0.00046,0.0001,3e-05,633610,295724,,t̪ʷʲ t̪ʷʲʰ
lumped,tʷʲʼ,consonant,1,0.00046,0.0001,3e-05,633610,295724,,t̪ʷʲʼ
lumped,χʷʲ,consonant,1,0.00046,0.0001,3e-05,633610,295724,,
lumped,ə̰,vowel,3,0.00138,0.0001,6e-05,617000,617000,,
lumped,ʈʂʼ,consonant,9,0.00413,0.0001,0.00013,612358,1387437,,
lumped,nd|nd,consonant,14,0.00643,0.0001,6e-05,612000,603805,,n̪d̪|nd
lumped,y̤,vowel,2,0.00092,0.0001,6e-05,610000,610000,,
lumped,cçʼ,consonant,5,0.0023,0.0001,6e-05,602810,602810,,
lumped,y̰,vowel,1,0.00046,0.0001,6e-05,600000,600000,,y̰ː
lumped,ø̤,vowel,1,0.00046,0.0001,6e-05,600000,600000,,
lumped,ø̰,vowel,1,0.00046,0.0001,6e-05,600000,600000,,
lumped,i̘,vowel,2,0.00092,0.0001,0.00014,593410,1467601,ĩ̘(1),
lumped,o̙,vowel,2,0.00092,0.0001,0.00014,593410,1467601,õ̙(1),o̞̙
lumped,u̙,vowel,2,0.00092,0.0001,0.00014,593410,1467601,ũ̙(1),
lumped,tɕʼ,consonant,3,0.00138,0.0001,5e-05,585982,563953,,t̺ɕ̺ʼ
lumped,ɯ̙,vowel,1,0.00046,9e-05,0.00014,583410,1457601,,
lumped,ɯ̙i,vowel,1,0.00046,9e-05,0.00014,583410,1457601,,ɯ̙i̯
lumped,i͓,vowel,1,0.00046,9e-05,9e-05,578000,959949,,
lumped,u͓,vowel,1,0.00046,9e-05,9e-05,578000,959949,,
lumped,pʷʼ,consonant,1,0.00046,9e-05,5e-05,575900,553871,,
lumped,ʆʷʼ,consonant,1,0.00046,9e-05,5e-05,575900,553871,,
lumped,ʆʼ,consonant,1,0.00046,9e-05,5e-05,575900,553871,,
lumped,ʔʷʼ,consonant,1,0.00046,9e-05,5e-05,575900,553871,,
lumped,ʔʼ,consonant,1,0.00046,9e-05,5e-05,575900,553871,,
lumped,r̊,consonant,3,0.00138,8e-05,5e-05,521900,521900,,ɻ̊ ɽ̊ ɾ̪̊ ɾ̪̊ʰ
lumped,R,consonant,9,0.00413,8e-05,5e-05,520550,563362,,R̪
lumped,dʷ,consonant,20,0.00919,8e-05,0.00018,514110,1862930,lʷ(1),
lumped,k͈,consonant,67,0.03078,8e-05,5e-05,494756,494756,k͈ʷ(2) k͈ʲ(1),k͈ː
lumped,p͈,consonant,67,0.03078,8e-05,5e-05,494756,494756,,p͈ː
lumped,t͈,consonant,67,0.03078,8e-05,5e-05,494756,494756,,t̪͈ t̺͈ t͈ː
lumped,c̤,consonant,2,0.00092,8e-05,0.00026,488000,2732608,,
lumped,yø,vowel,3,0.00138,8e-05,4e-05,485670,408451,,yø̞ y̯ø
lumped,m̰,consonant,21,0.00965,7e-05,9e-05,454547,890821,ˀm̥(1),
lumped,ȶ͈,consonant,61,0.02802,7e-05,4e-05,452842,452842,,
lumped,ȶ͉,consonant,59,0.0271,7e-05,4e-05,432842,432842,,
lumped,ø̜,vowel,1,0.00046,7e-05,1e-05,431800,112657,,ø̞̜ ø̞̜ː
lumped,nts,consonant,13,0.00597,7e-05,0.00275,423120,28440688,ntʃ(1) ntsʰ(1),ntsʰ n̪t̪s̪ n̪t̪s̪ʰ
lumped,nˤ,consonant,2,0.00092,7e-05,4e-05,422900,452052,,nˤː n̪ˤ
lumped,ɜi,vowel,2,0.00092,7e-05,4e-05,401200,459740,,ɜi̯
lumped,ɔa,vowel,2,0.00092,6e-05,4e-05,392050,425037,,ɔaː
lumped,æʊ,vowel,1,0.00046,6e-05,4e-05,391200,449740,,æːʊ
lumped,ɜɪ,vowel,1,0.00046,6e-05,4e-05,391200,449740,əɪ(1),ɜɪ̯
lumped,sʼ|sʼ,consonant,6,0.00276,6e-05,8e-05,389500,830223,,s̪ʼ|sʼ
lumped,ʔˤ,consonant,4,0.00184,6e-05,4e-05,380430,409582,,
lumped,rʷ,consonant,25,0.01148,6e-05,0.00017,374000,1793207,ɾʷ(4) ɻʷ(3),ɻʷ ɾʷ
lumped,ŋɡʲ,consonant,8,0.00367,6e-05,4e-05,370000,370000,,
lumped,øɪ,vowel,1,0.00046,6e-05,4e-05,358000,364036,,øɪ̯
lumped,ʏi,vowel,1,0.00046,6e-05,4e-05,358000,364036,,ʏi̯
lumped,jʷ,consonant,23,0.01056,6e-05,0.00014,354000,1439498,jɥ(1),
lumped,nr,consonant,2,0.00092,6e-05,4e-05,351270,381128,nɾ(1),nɾ
lumped,pˤ,consonant,3,0.00138,6e-05,4e-05,342900,372052,,pˤʰ
lumped,n̥|n̥,consonant,8,0.00367,6e-05,8e-05,342500,777016,,n̪̥|n̥
lumped,n̰|n̰,consonant,6,0.00276,6e-05,3e-05,340720,340720,,n̪̰|n̰
lumped,ʡ,consonant,3,0.00138,6e-05,4e-05,338787,367940,,
lumped,ndr,consonant,7,0.00322,5e-05,4e-05,335000,366048,ndɾ(2),ndɾ
lumped,nɗ,consonant,3,0.00138,5e-05,3e-05,332000,353052,,
lumped,ŋ̰,consonant,5,0.0023,5e-05,3e-05,325235,326679,,
lumped,kǀ͓,consonant,5,0.0023,5e-05,4e-05,324800,383203,,kǀ͓ʰ
lumped,ŋǀ͓,consonant,5,0.0023,5e-05,4e-05,324800,383203,,
lumped,tsˤ,consonant,1,0.00046,5e-05,3e-05,322900,352052,,tsˤʰ
lumped,tʃˤʼ,consonant,1,0.00046,5e-05,3e-05,322900,352052,,t̠ʃˤʼ
lumped,tˤʼ,consonant,1,0.00046,5e-05,3e-05,322900,352052,,t̪ˤʼ
lumped,vˤ,consonant,1,0.00046,5e-05,3e-05,322900,352052,,
lumped,ɛæ,vowel,1,0.00046,5e-05,3e-05,322900,352052,,ɛ̯æː
lumped,ʒˤ,consonant,1,0.00046,5e-05,3e-05,322900,352052,ʒ̥ˤ(1) ʃˤ(1),ʒˤː
lumped,mɓ,consonant,2,0.00092,5e-05,3e-05,322000,343052,,
lumped,ɲ̰,consonant,4,0.00184,5e-05,7e-05,320142,754658,,
lumped,ɯ͓,vowel,2,0.00092,5e-05,3e-05,320000,349850,,
lumped,ʼm,consonant,2,0.00092,5e-05,3e-05,310000,310000,,
lumped,ʼn,consonant,2,0.00092,5e-05,3e-05,310000,310000,,
lumped,ŋ̥ʷ,consonant,2,0.00092,5e-05,3e-05,301800,301800,,
lumped,ɣ̰,consonant,1,0.00046,5e-05,3e-05,300000,300000,,
lumped,ʼb,consonant,1,0.00046,5e-05,3e-05,300000,300000,,
lumped,ʼd,consonant,1,0.00046,5e-05,3e-05,300000,300000,,
lumped,ʼj,consonant,1,0.00046,5e-05,3e-05,300000,300000,,
lumped,ʼw,consonant,1,0.00046,5e-05,3e-05,300000,300000,,
lumped,ʼŋ,consonant,1,0.00046,5e-05,3e-05,300000,300000,,
lumped,ʼɡ,consonant,1,0.00046,5e-05,3e-05,300000,300000,,
lumped,ʼɣ,consonant,1,0.00046,5e-05,3e-05,300000,300000,,
lumped,ʼɲ,consonant,1,0.00046,5e-05,3e-05,300000,300000,,
lumped,kǂ,consonant,4,0.00184,5e-05,3e-05,297800,356203,kǂʰ(1) qǂʰ(1),kǂʰ
lumped,kǃx,consonant,4,0.00184,5e-05,3e-05,297800,356203,,kǃxʰ kǃ̠xʰ
lumped,ⱱ,consonant,28,0.01286,5e-05,6e-05,293000,592661,w(1),ⱱ̟
lumped,i̥,vowel,4,0.00184,5e-05,3e-05,292055,292055,ɪ̥(1),
lumped,u̥,vowel,4,0.00184,5e-05,3e-05,292055,292055,ʊ̥(1),
lumped,ŋǁ͓,consonant,3,0.00138,5e-05,3e-05,290800,349203,,
lumped,ʈ͉,consonant,43,0.01975,5e-05,3e-05,287842,287842,ɖ(1),
lumped,ŋ̥ǀ͓ˀ,consonant,3,0.00138,5e-05,3e-05,284400,342803,,
lumped,ŋ̥ǃˀ,consonant,3,0.00138,5e-05,3e-05,284400,342803,,ŋ̥ǃ̠ˀ
lumped,ŋ̥ǀ͓,consonant,2,0.00092,5e-05,3e-05,283600,342003,,ŋ̥ǀ͓ʰ
lumped,ŋ̥ǃ,consonant,2,0.00092,5e-05,3e-05,283600,342003,,ŋ̥ǃ̠ʰ
lumped,ɨ̹,vowel,2,0.00092,5e-05,3e-05,281900,279460,,ɨ̹ː
lumped,wʲ,consonant,8,0.00367,4e-05,3e-05,273300,273459,,
lumped,ʈ͈,consonant,41,0.01883,4e-05,3e-05,272827,272827,,
lumped,eɔ,vowel,2,0.00092,4e-05,1e-05,271000,52674,,
lumped,uɪ,vowel,2,0.00092,4e-05,1e-05,271000,52674,,uɪ̯
lumped,ya,vowel,2,0.00092,4e-05,0.0,265100,46774,,
lumped,aʊɪ,vowel,1,0.00046,4e-05,0.0,261000,42674,,
lumped,eəɪ,vowel,1,0.00046,4e-05,0.0,261000,42674,,
lumped,iəɪ,vowel,1,0.00046,4e-05,0.0,261000,42674,,
lumped,oəɪ,vowel,1,0.00046,4e-05,0.0,261000,42674,,
lumped,əɪ,vowel,1,0.00046,4e-05,0.0,261000,42674,,
lumped,əɪa,vowel,1,0.00046,4e-05,0.0,261000,42674,,
lumped,əʊɪ,vowel,1,0.00046,4e-05,0.0,261000,42674,,
lumped,ɭ͓,consonant,1,0.00046,4e-05,3e-05,261000,324100,,
lumped,ʕʷ,consonant,3,0.00138,4e-05,3e-05,260004,260004,,
lumped,ɗʲ,consonant,2,0.00092,4e-05,3e-05,260000,260000,,
lumped,ˀm,consonant,10,0.00459,4e-05,7e-05,259769,723462,,ˀmː
lumped,ŋ̥ǁ͓ˀ,consonant,2,0.00092,4e-05,3e-05,250800,309203,,
lumped,kǀ͓ˠ,consonant,1,0.00046,4e-05,3e-05,250000,308403,,kǀ͓ˠʰ
lumped,kǁ͓x,consonant,1,0.00046,4e-05,3e-05,250000,308403,,kǁ͓xʰ
lumped,ŋ̥ǁ͓,consonant,1,0.00046,4e-05,3e-05,250000,308403,,ŋ̥ǁ͓ʰ
lumped,ɲj,consonant,2,0.00092,4e-05,2e-05,250000,250000,,
lumped,ue,vowel,13,0.00597,4e-05,0.00022,242656,2270141,ɣue(1),ue̞ uːe u̯e
lumped,ˀn,consonant,8,0.00367,4e-05,3e-05,239769,268946,,ˀnː
lumped,χʷˤ,consonant,3,0.00138,4e-05,2e-05,238480,160229,,χʷˤː
lumped,χˤ,consonant,3,0.00138,4e-05,2e-05,238480,160229,,χˤː
lumped,tʲ|tʲ,consonant,5,0.0023,4e-05,2e-05,232200,231897,,t̪ʲ|tʲ t̪ʲʰ|tʲʰ
lumped,ˀj,consonant,8,0.00367,4e-05,6e-05,229869,666312,,
lumped,lʲ|lʲ,consonant,4,0.00184,4e-05,2e-05,222200,221897,,l̪ʲ|lʲ
lumped,œɛ,vowel,1,0.00046,4e-05,2e-05,219000,219000,,œ̞ɛ̞
lumped,nˠ,consonant,2,0.00092,3e-05,0.00013,201130,1329355,n̥ˠ(1),n̪ˠ
lumped,tʃ͉,consonant,3,0.00138,3e-05,2e-05,200000,200000,tʃ(1) dʒ͉(1) dʒ(1),t̠ʃ͉
lumped,dʓ,consonant,1,0.00046,3e-05,1e-05,190110,111859,,d̠ʓ
lumped,tʆ,consonant,1,0.00046,3e-05,1e-05,190110,111859,,t̠ʆ t̠ʆʰ
lumped,tʆʷʼ,consonant,1,0.00046,3e-05,1e-05,190110,111859,,t̠ʆʷʼ
lumped,ɥˤ,consonant,1,0.00046,3e-05,1e-05,190110,111859,,
lumped,ʁʲ,consonant,1,0.00046,3e-05,1e-05,190110,111859,,
lumped,ɨ˞,vowel,2,0.00092,3e-05,2e-05,185000,185000,ɨ̥˞(1),
lumped,dɮ|dɮ,consonant,5,0.0023,3e-05,2e-05,180269,181882,,d̪ɮ̪|dɮ
lumped,t͉s,consonant,1,0.00046,3e-05,2e-05,175000,175000,d͉z(1),
lumped,eˤ,vowel,5,0.0023,3e-05,1e-05,174368,111082,,e̞ˤ
lumped,mbʲ,consonant,4,0.00184,3e-05,1e-05,155000,155000,,
lumped,æˤ,vowel,1,0.00046,3e-05,1e-05,154820,91534,,
lumped,øˤ,vowel,1,0.00046,3e-05,1e-05,154820,91534,,ø̞ˤ
lumped,bˠ,consonant,2,0.00092,2e-05,0.00012,151000,1264050,b̥ˠ(1),
lumped,nʒ,consonant,2,0.00092,2e-05,1e-05,150000,150000,ndʒ(1) ntʃʰ(1),n̠ʒ
lumped,ɖr,consonant,6,0.00276,2e-05,0.00258,150000,26647430,ɖrʷ(1) ɖrʲ(1) ɖɽ(1),ɖr̠ ɖɽ
lumped,ɸʲ,consonant,2,0.00092,2e-05,1e-05,150000,150000,ɸ(1),
lumped,ɯɤ,vowel,1,0.00046,2e-05,1e-05,148720,118784,,ɯ̯ɤ̞
lumped,fˠ,consonant,1,0.00046,2e-05,0.00012,141000,1254050,,
lumped,pˠ,consonant,1,0.00046,2e-05,0.00012,141000,1254050,pˠʰ(1),pˠʰ
lumped,mbʷ,consonant,14,0.00643,2e-05,1e-05,140000,138980,,
lumped,ɓʷ,consonant,2,0.00092,2e-05,1e-05,140000,140000,,
lumped,ɗʷ,consonant,2,0.00092,2e-05,1e-05,140000,140000,,
lumped,ɺʲ,consonant,1,0.00046,2e-05,1e-05,140000,140000,ɺ̥ʲ(1),
lumped,ʈr,consonant,5,0.0023,2e-05,1e-05,140000,140000,ʈɽ(1),ʈɽ ʈɽʰ
lumped,d̰,consonant,8,0.00367,2e-05,1e-05,132350,132350,nd(1) d(1) n(1) t(1),d̠̰ d̪̰
lumped,uɛ,vowel,6,0.00276,2e-05,0.00021,130130,2171271,,u̯ɛ
lumped,ɳɖr,consonant,4,0.00184,2e-05,0.00257,130000,26627430,ɳɖɽ(1),ɳɖr̠ ɳɖɽ
lumped,sʲ|sʲ,consonant,2,0.00092,2e-05,1e-05,125600,125297,,s̪ʲ|sʲ
lumped,ndʲ|ndʲ,consonant,1,0.00046,2e-05,1e-05,125000,125000,,n̪d̪ʲ|ndʲ
lumped,ɬʲ|ɬʲ,consonant,1,0.00046,2e-05,1e-05,125000,125000,,ɬ̪ʲ|ɬʲ
lumped,vʷ,consonant,9,0.00413,2e-05,0.00015,104000,1523207,,
lumped,ɒi,vowel,1,0.00046,2e-05,1e-05,100000,100000,,ɒːi̯
lumped,tr,consonant,8,0.00367,2e-05,1e-05,98700,98700,tɾ(2) r(1),tɾ
lumped,dʲ|dʲ,consonant,2,0.00092,2e-05,1e-05,96600,96297,,d̪ʲ|dʲ
lumped,ø̃,vowel,3,0.00138,1e-05,1e-05,90000,90000,,ø̃ː
lumped,ɭʷ,consonant,10,0.00459,1e-05,1e-05,90000,90000,,
lumped,ʊɪ,vowel,3,0.00138,1e-05,1e-05,89150,93079,,
lumped,t͉ʃ,consonant,1,0.00046,1e-05,1e-05,85000,85000,,t̠͉ʃ
lumped,ḭu,vowel,1,0.00046,1e-05,1e-05,85000,85000,ḭṵ(1),ḭu
lumped,cʷ,consonant,7,0.00322,1e-05,1e-05,84000,84000,cʷʰ(2),cʷʰ
lumped,ɟ̰,consonant,3,0.00138,1e-05,1e-05,82100,82100,tʃ(1) ʲd(1) ʲt(1),ɟ̰̩
lumped,ŋkʷ,consonant,8,0.00367,1e-05,0.00014,80000,1498187,ŋɡʷ(1),
lumped,ȴʷ,consonant,9,0.00413,1e-05,1e-05,80000,80000,,
lumped,ȵʷ,consonant,9,0.00413,1e-05,1e-05,80000,80000,,
lumped,ȶʷ,consonant,9,0.00413,1e-05,1e-05,80000,80000,,
lumped,ɳɡ,consonant,1,0.00046,1e-05,1e-05,80000,80000,,
lumped,ɳɡʷ,consonant,1,0.00046,1e-05,1e-05,80000,80000,,
lumped,ɳʷ,consonant,9,0.00413,1e-05,1e-05,80000,80000,,
lumped,ʈʷ,consonant,9,0.00413,1e-05,1e-05,80000,80000,,
lumped,ɛɪ,vowel,2,0.00092,1e-05,0.0001,79150,989193,,ɛɪ̯
lumped,ʋʲ,consonant,1,0.00046,1e-05,1e-05,74499,68046,,
lumped,ɡǀ͓,consonant,2,0.00092,1e-05,1e-05,73600,73600,,
lumped,ðʲ,consonant,3,0.00138,1e-05,1e-05,70550,85924,,
lumped,d̥ʑ̥,consonant,2,0.00092,1e-05,1e-05,70500,70500,,
lumped,ɤi,vowel,2,0.00092,1e-05,1e-05,70130,85305,,
lumped,ɢ̥,consonant,2,0.00092,1e-05,1e-05,70093,70093,,
lumped,d̥ʒ̊,consonant,1,0.00046,1e-05,1e-05,70000,70000,,
lumped,ndʷ,consonant,7,0.00322,1e-05,1e-05,70000,70000,,
lumped,wˀ,consonant,7,0.00322,1e-05,4e-05,70000,369661,,
lumped,ɖ̥ʐ̥,consonant,1,0.00046,1e-05,1e-05,70000,70000,,
lumped,ɛa,vowel,2,0.00092,1e-05,1e-05,69570,73603,,ɛa̟ ɛɐ
lumped,ʉu,vowel,1,0.00046,1e-05,1e-05,69150,72984,,
lumped,ˀb,consonant,4,0.00184,1e-05,1e-05,69000,69000,ˀbʷ(1) ʔ(1),
lumped,βʲ,consonant,8,0.00367,1e-05,1e-05,67500,67197,β̃ʲ(1),βʲː β̞ʲ
lumped,ˀɲ,consonant,5,0.0023,1e-05,5e-05,65700,527466,,ˀɲː
lumped,dzʷ,consonant,5,0.0023,1e-05,9e-05,64000,962971,,
lumped,n̰,consonant,13,0.00597,1e-05,1e-05,60947,62705,,n̪̰
lumped,ʁˤ,consonant,3,0.00138,1e-05,1e-05,60837,60837,,
lumped,ˀw,consonant,7,0.00322,1e-05,5e-05,60500,495331,,
lumped,ũã,vowel,1,0.00046,1e-05,1e-05,60130,75305,,ũã
lumped,ɛ̃ũ,vowel,1,0.00046,1e-05,1e-05,60130,75305,,ɛ̃ũ
lumped,ɪ̃ə̃,vowel,1,0.00046,1e-05,1e-05,60130,75305,,
lumped,ẽɪ̃,vowel,1,0.00046,1e-05,1e-05,60130,75305,,ẽɪ̃ ẽɪ̯̃
lumped,qˤ,consonant,3,0.00138,1e-05,1e-05,59878,59878,,qˤʰ
lumped,qˤʼ,consonant,2,0.00092,1e-05,1e-05,59867,59867,,
lumped,l̰,consonant,11,0.00505,1e-05,1e-05,58875,60633,ˀl̥(1),l̻̰
lumped,N,consonant,9,0.00413,1e-05,1e-05,57450,57450,,
lumped,ɟʷ,consonant,4,0.00184,1e-05,1e-05,54000,54000,,
lumped,dʼ,consonant,3,0.00138,1e-05,1e-05,53600,53600,,
lumped,l̰|l̰,consonant,6,0.00276,1e-05,1e-05,52100,52100,,l̪̰|l̰
lumped,kpʷ,consonant,5,0.0023,1e-05,0.0,50000,50000,,
lumped,kǁʼ,consonant,2,0.00092,1e-05,0.0,50000,50000,kǁʰʼ(1),kǁʰʼ
lumped,kǃʼ,consonant,2,0.00092,1e-05,0.0,50000,50000,kǃʰʼ(1),kǃʰʼ
lumped,ŋmkp,consonant,5,0.0023,1e-05,0.0,50000,50000,ŋmɡb(1),
lumped,ˀd,consonant,2,0.00092,1e-05,0.0,50000,50000,,ˀd̪
lumped,sʷ|sʷ,consonant,2,0.00092,1e-05,0.0,48370,48370,,s̪ʷ|sʷ s̪ʷː|sʷː
lumped,tsʷ|tsʷ,consonant,2,0.00092,1e-05,0.0,48370,48370,,t̪s̪ʷʰ|tsʷʰ t̪s̪ʷː|tsʷː
lumped,tsʷʼ|tsʷʼ,consonant,2,0.00092,1e-05,0.0,48370,48370,,t̪s̪ʷʼ|tsʷʼ
lumped,ʁʷˤ,consonant,2,0.00092,1e-05,0.0,48370,48370,,
lumped,ɡǃx,consonant,3,0.00138,1e-05,0.0,47800,47800,,
lumped,qʷˤ,consonant,1,0.00046,1e-05,0.0,47400,47400,,qʷˤʰ
lumped,qʷˤʼ,consonant,1,0.00046,1e-05,0.0,47400,47400,,
lumped,ɢʷˤ,consonant,1,0.00046,1e-05,0.0,47400,47400,,
lumped,ɢˤ,consonant,1,0.00046,1e-05,0.0,47400,47400,,
lumped,bβ,consonant,2,0.00092,1e-05,5e-05,44152,467677,,
lumped,yi,vowel,3,0.00138,1e-05,0.0002,44100,2070066,,yi̯
lumped,ũĩ,vowel,3,0.00138,1e-05,2e-05,43620,170559,,ũĩ
lumped,dʒʼ,consonant,2,0.00092,1e-05,0.0,43600,43600,,d̠ʒʼ
lumped,ãˤ,vowel,2,0.00092,1e-05,0.0,43600,43600,,ãˤ ãˤː
lumped,õˤ,vowel,2,0.00092,1e-05,0.0,43600,43600,,õˤ õ̞ˤ
lumped,ɡʼ,consonant,2,0.00092,1e-05,0.0,43600,43600,,
lumped,ẽĩ,vowel,2,0.00092,1e-05,0.0,43600,43600,,ẽĩ ẽ̞ĩ
lumped,tθʼ,consonant,4,0.00184,1e-05,0.0,41325,33811,θʼ(1),t̪θʼ
lumped,dɮ,consonant,3,0.00138,1e-05,0.0,40580,40895,,
lumped,ˀl,consonant,5,0.0023,1e-05,0.0,40500,40815,,
lumped,ŋʲ,consonant,7,0.00322,1e-05,0.0,40102,39799,,ŋʲː
lumped,r͈,consonant,5,0.0023,1e-05,0.0,40005,40005,,r̺͈ r͈ː
lumped,kǀ͓ˀ,consonant,1,0.00046,1e-05,0.0,40000,40000,,
lumped,kǁ͓ˀ,consonant,1,0.00046,1e-05,0.0,40000,40000,,
lumped,kǃˀ,consonant,1,0.00046,1e-05,0.0,40000,40000,,kǃ̠ˀ
lumped,ps,consonant,4,0.00184,1e-05,9e-05,40000,938971,psʰ(1),psʰ
lumped,ɠɓ,consonant,4,0.00184,1e-05,0.0,40000,40000,ɓʷ(1),
lumped,ɡǁ͓,consonant,1,0.00046,1e-05,0.0,40000,40000,,
lumped,ɥ̃,consonant,4,0.00184,1e-05,0.0,40000,40000,,
lumped,ɲʒ,consonant,4,0.00184,1e-05,0.0,40000,40000,,
lumped,ʌ̤,vowel,4,0.00184,1e-05,1e-05,40000,120255,,ʌ̤ː
lumped,βʷ,consonant,4,0.00184,1e-05,0.0,40000,38980,,
lumped,kǂx,consonant,2,0.00092,1e-05,0.0,37800,37800,,
lumped,ŋǂ,consonant,2,0.00092,1e-05,0.0,37800,37800,,
lumped,ɡǂx,consonant,2,0.00092,1e-05,0.0,37800,37800,,
lumped,ᴅ,consonant,5,0.0023,1e-05,0.0,35820,35820,,ᴅ̪
lumped,tx,consonant,5,0.0023,1e-05,0.0,35725,36814,,t̪x
lumped,yæ,vowel,1,0.00046,1e-05,0.0,35600,14082,,
lumped,õĩ,vowel,2,0.00092,1e-05,0.0,33620,33620,,õ̞ĩ
lumped,aeˤ,vowel,1,0.00046,1e-05,0.0,33600,33600,,ae̞ˤ
lumped,aoˤ,vowel,1,0.00046,1e-05,0.0,33600,33600,,ao̞ˤ
lumped,bʼ,consonant,1,0.00046,1e-05,0.0,33600,33600,,
lumped,dzʼ,consonant,1,0.00046,1e-05,0.0,33600,33600,,
lumped,dzˠ,consonant,1,0.00046,1e-05,0.0,33600,33600,,
lumped,dz̤,consonant,1,0.00046,1e-05,0.0,33600,33600,,
lumped,dʒˠ,consonant,1,0.00046,1e-05,0.0,33600,33600,,d̠ʒˠ
lumped,kǀ͓x,consonant,1,0.00046,1e-05,0.0,33600,33600,,
lumped,kǂ͓ˡ,consonant,1,0.00046,1e-05,0.0,33600,33600,,kǂ͓ˡʰ
lumped,kǂ͓ˡx,consonant,1,0.00046,1e-05,0.0,33600,33600,,
lumped,oaˤ,vowel,1,0.00046,1e-05,0.0,33600,33600,,o̞aˤ
lumped,oiˤ,vowel,1,0.00046,1e-05,0.0,33600,33600,,o̞iˤ
lumped,tsˠ,consonant,1,0.00046,1e-05,0.0,33600,33600,,
lumped,tʃˠ,consonant,1,0.00046,1e-05,0.0,33600,33600,,t̠ʃˠ
lumped,ãõˤ,vowel,1,0.00046,1e-05,0.0,33600,33600,,ãõ̞ˤ
lumped,ãẽˤ,vowel,1,0.00046,1e-05,0.0,33600,33600,,ãẽ̞ˤ
lumped,õã,vowel,1,0.00046,1e-05,0.0,33600,33600,,õã õ̞ã
lumped,õãˤ,vowel,1,0.00046,1e-05,0.0,33600,33600,,õ̞ãˤ
lumped,õĩˤ,vowel,1,0.00046,1e-05,0.0,33600,33600,,õ̞ĩˤ
lumped,ŋǂ͓ˡ,consonant,1,0.00046,1e-05,0.0,33600,33600,,
lumped,ŋˤ,consonant,1,0.00046,1e-05,0.0,33600,33600,,
lumped,ŋ̤ǀ͓,consonant,1,0.00046,1e-05,0.0,33600,33600,,
lumped,ŋ̤ǂ,consonant,1,0.00046,1e-05,0.0,33600,33600,,
lumped,ŋ̤ǂ͓ˡ,consonant,1,0.00046,1e-05,0.0,33600,33600,,
lumped,ŋ̥ǀ͓xˀ,consonant,1,0.00046,1e-05,0.0,33600,33600,,
lumped,ŋ̥ǂ,consonant,1,0.00046,1e-05,0.0,33600,33600,,ŋ̥ǂʰ
lumped,ŋ̥ǂxˀ,consonant,1,0.00046,1e-05,0.0,33600,33600,,
lumped,ŋ̥ǂˀ,consonant,1,0.00046,1e-05,0.0,33600,33600,,
lumped,ŋ̥ǂ͓ˡ,consonant,1,0.00046,1e-05,0.0,33600,33600,,ŋ̥ǂ͓ˡʰ
lumped,ŋ̥ǂ͓ˡxˀ,consonant,1,0.00046,1e-05,0.0,33600,33600,,
lumped,ŋ̥ǂ͓ˡˀ,consonant,1,0.00046,1e-05,0.0,33600,33600,,
lumped,ŋ̥ǃˠˀ,consonant,1,0.00046,1e-05,0.0,33600,33600,,
lumped,ɔ̃ˤ,vowel,1,0.00046,1e-05,0.0,33600,33600,,ɔ̃ˤː
lumped,ɡǀ͓x,consonant,1,0.00046,1e-05,0.0,33600,33600,,
lumped,ɡǂ͓ˡ,consonant,1,0.00046,1e-05,0.0,33600,33600,,
lumped,ɡǂ͓ˡx,consonant,1,0.00046,1e-05,0.0,33600,33600,,
lumped,ɡ̤ǀ͓,consonant,1,0.00046,1e-05,0.0,33600,33600,,
lumped,ɡ̤ǂ,consonant,1,0.00046,1e-05,0.0,33600,33600,,
lumped,ɡ̤ǂ͓ˡ,consonant,1,0.00046,1e-05,0.0,33600,33600,,
lumped,ɡ̰ǀ͓x,consonant,1,0.00046,1e-05,0.0,33600,33600,,
lumped,ɡ̰ǂx,consonant,1,0.00046,1e-05,0.0,33600,33600,,
lumped,ɡ̰ǂ͓ˡx,consonant,1,0.00046,1e-05,0.0,33600,33600,,
lumped,ɡ̰ǃx,consonant,1,0.00046,1e-05,0.0,33600,33600,,
lumped,ẽũ,vowel,1,0.00046,1e-05,0.0,33600,33600,,ẽ̞ũ
lumped,ɨi,vowel,7,0.00322,1e-05,0.0,33077,33077,,ɨi̯
lumped,ʛ̥,consonant,1,0.00046,1e-05,1e-05,33000,56591,,
lumped,ɬʲ,consonant,5,0.0023,1e-05,3e-05,32107,325806,,ɬ̪ʲ
lumped,ɭ̥,consonant,3,0.00138,1e-05,0.0,31900,31900,,
lumped,ɤ̤,vowel,4,0.00184,1e-05,0.0,31500,31500,,ɤ̤ː
lumped,ɳʈʂ,consonant,4,0.00184,1e-05,8e-05,31120,836248,,ɳʈʂʰ
lumped,ʉ̃,vowel,5,0.0023,0.0,0.0,30147,30147,,ʉ̃ː
lumped,q̰,consonant,5,0.0023,0.0,0.0,30145,26717,,
lumped,ts̰,consonant,5,0.0023,0.0,0.0,30145,26717,,
lumped,tʃ̰,consonant,6,0.00276,0.0,0.0,30145,26717,,t̠ʃ̰
lumped,iɛi,vowel,2,0.00092,0.0,0.0002,30002,2055968,,iɛi̯ i̯ɛi i̯ɛi̯
lumped,ay,vowel,3,0.00138,0.0,0.0,30000,30000,,ɑy
lumped,cçʷ,consonant,3,0.00138,0.0,4e-05,30000,365891,ɟʝʷ(2) cçʷʰ(1),cçʷʰ
lumped,cʲ,consonant,3,0.00138,0.0,0.0,30000,30000,,
lumped,eə,vowel,1,0.00046,0.0,0.0,30000,30000,,e̞ə
lumped,iei,vowel,1,0.00046,0.0,0.0002,30000,2055966,,i̯ei̯
lumped,kpʲ,consonant,3,0.00138,0.0,0.0,30000,30000,,
lumped,nsʷ,consonant,3,0.00138,0.0,0.00014,30000,1449207,,
lumped,ntɕ,consonant,3,0.00138,0.0,0.0,30000,30000,,ntɕʰ
lumped,ntʷ,consonant,3,0.00138,0.0,0.0,30000,30000,,
lumped,nɡ,consonant,3,0.00138,0.0,0.0,30000,30000,,
lumped,ueu,vowel,1,0.00046,0.0,0.0002,30000,2055966,,u̯eu̯
lumped,uɛi,vowel,1,0.00046,0.0,0.0002,30000,2055966,,u̯ɛi u̯ɛi̯
lumped,ŋɣ,consonant,3,0.00138,0.0,0.0,30000,30000,,
lumped,ɟʝʷ,consonant,3,0.00138,0.0,4e-05,30000,365891,,
lumped,ɟʲ,consonant,3,0.00138,0.0,0.0,30000,30000,,
lumped,ɨə,vowel,3,0.00138,0.0,0.0,30000,30000,,
lumped,ɲc,consonant,3,0.00138,0.0,8e-05,30000,835128,,ɲcʰ
lumped,ʈʼ,consonant,3,0.00138,0.0,0.0,30000,30000,,
lumped,uˤ,vowel,5,0.0023,0.0,0.0,29548,29548,,uˤː
lumped,ã̰,vowel,7,0.00322,0.0,0.0,28790,28790,,ã̰
lumped,hʼ,consonant,1,0.00046,0.0,0.0,25810,25810,,
lumped,kǀʷ,consonant,1,0.00046,0.0,0.0,24000,24000,kǀʷʰ(1),kǀʷʰ
lumped,aɛ,vowel,3,0.00138,0.0,9e-05,23000,929209,,
lumped,ʟ,consonant,1,0.00046,0.0,0.0,21000,21000,,
lumped,ɮ|ɮ,consonant,3,0.00138,0.0,0.0,20970,20970,,ɮ̪|ɮ
lumped,u̜,vowel,3,0.00138,0.0,0.0,20082,20082,,
lumped,ɮʲ,consonant,3,0.00138,0.0,0.0,20082,20082,,ɮ̪ʲ
lumped,r̰,consonant,3,0.00138,0.0,0.0,20030,20030,,ɹ̪̰̩ ɾ̰
lumped,R̰|R̰,consonant,3,0.00138,0.0,0.0,20000,20000,,R̪̰|R̰
lumped,aɨ,vowel,2,0.00092,0.0,0.0,20000,20000,,
lumped,a̹,vowel,2,0.00092,0.0,5e-05,20000,483956,,ɐ̹̆ ɑ̝̹
lumped,br,consonant,2,0.00092,0.0,0.0,20000,20000,bɾ(1),bɾ
lumped,dʷʲ,consonant,2,0.00092,0.0,0.0,20000,20000,,
lumped,d̤z̤,consonant,2,0.00092,0.0,9e-05,20000,918971,dz(1),d̤z̤ː
lumped,iɛ̃,vowel,2,0.00092,0.0,0.0,20000,20000,,i̯ɛ̃
lumped,i̜,vowel,2,0.00092,0.0,0.0,20000,20000,,
lumped,kf,consonant,2,0.00092,0.0,0.0,20000,20000,,
lumped,kpr,consonant,2,0.00092,0.0,0.0,20000,20000,kpɾ(1),kpɾ
lumped,kŋ,consonant,2,0.00092,0.0,0.0,20000,20000,kŋʷ(1),
lumped,k̙,consonant,2,0.00092,0.0,0.0,20000,20000,,
lumped,mbv,consonant,2,0.00092,0.0,0.0,20000,20000,,
lumped,ndʒʷ,consonant,2,0.00092,0.0,0.0,20000,20000,,n̠d̠ʒʷ
lumped,nh,consonant,2,0.00092,0.0,0.00016,20000,1628926,,
lumped,nt|nt,consonant,2,0.00092,0.0,0.0,20000,20000,,n̪t̪|nt
lumped,nzʷ,consonant,2,0.00092,0.0,0.0,20000,20000,,
lumped,nɟ,consonant,2,0.00092,0.0,0.0,20000,20000,,
lumped,nʷ|nʷ,consonant,2,0.00092,0.0,0.0,20000,20000,,n̪ʷ|nʷ
lumped,pm,consonant,2,0.00092,0.0,0.0,20000,20000,,
lumped,tl,consonant,2,0.00092,0.0,0.0,20000,20000,tlʱ(1),tlʱ
lumped,tn,consonant,2,0.00092,0.0,0.0,20000,20000,tʰ(1),t̠n̠ t̪n̪
lumped,uã,vowel,2,0.00092,0.0,0.0,20000,20000,,uɑ̃
lumped,uã,vowel,2,0.00092,0.0,0.0,20000,20000,,uã uãː u̯ã
lumped,z͇|z͇,consonant,2,0.00092,0.0,0.0,20000,20000,,z̪͇|z͇
lumped,çʷ,consonant,2,0.00092,0.0,0.0,20000,20000,ç̃ʷ(1),
lumped,ŋkʲ,consonant,2,0.00092,0.0,0.0,20000,20000,,
lumped,ɒ̤,vowel,2,0.00092,0.0,0.0,20000,20000,,
lumped,ɕʼ,consonant,2,0.00092,0.0,0.0,20000,20000,,
lumped,ɗʒ,consonant,2,0.00092,0.0,0.0,20000,20000,ʄ(1),
lumped,ɜ̃,vowel,2,0.00092,0.0,0.0,20000,20000,,
lumped,ɡbr,consonant,2,0.00092,0.0,0.0,20000,20000,ɡbɾ(1),ɡbɾ
lumped,ɡbʲ,consonant,2,0.00092,0.0,0.0,20000,20000,,
lumped,ɡbʷ,consonant,2,0.00092,0.0,0.0,20000,20000,,
lumped,ɡv,consonant,2,0.00092,0.0,0.0,20000,20000,,
lumped,ɡɣ,consonant,2,0.00092,0.0,0.0,20000,20000,ɡ(1),
lumped,ɡʷʲ,consonant,2,0.00092,0.0,0.0,20000,20000,,
lumped,ɡ̊ʷ,consonant,2,0.00092,0.0,9e-05,20000,947911,,
lumped,ɡᶣ,consonant,2,0.00092,0.0,4e-05,20000,383840,,
lumped,ɥ̥,consonant,2,0.00092,0.0,0.0,20000,20000,,
lumped,ɦʷ,consonant,2,0.00092,0.0,0.0,20000,20000,,
lumped,ɪ̤,vowel,2,0.00092,0.0,0.0,20000,20000,,
lumped,ɰ̰,consonant,2,0.00092,0.0,0.0,20000,20000,,
lumped,ɳʈ,consonant,2,0.00092,0.0,0.0,20000,20000,,ɳʈʰ
lumped,ɴɢ,consonant,2,0.00092,0.0,0.0,20000,20000,,
lumped,ɶ,vowel,2,0.00092,0.0,0.0,20000,20000,ɑ(1),ɶː ɶ̝
lumped,ʈɳ,consonant,2,0.00092,0.0,0.0,20000,20000,,
lumped,ʉi,vowel,2,0.00092,0.0,0.00011,20000,1187673,,ʉi̯
lumped,ʎ̥,consonant,2,0.00092,0.0,0.0,20000,20000,,ʎ̟̥
lumped,ʔ̃,consonant,1,0.00046,0.0,0.0,20000,20000,,
lumped,ʙ,consonant,2,0.00092,0.0,0.0,20000,20000,,
lumped,ˀr,consonant,2,0.00092,0.0,0.0,20000,20000,,
lumped,ˀŋ,consonant,2,0.00092,0.0,0.0,20000,20000,,
lumped,iˤ,vowel,4,0.00184,0.0,0.0,19548,19548,,iˤː
lumped,ḭ̃,vowel,6,0.00276,0.0,0.0,18790,18790,,ḭ̃
lumped,õ̰,vowel,4,0.00184,0.0,0.0,18060,18060,,õ̞̰ õ̰
lumped,j̊,consonant,3,0.00138,0.0,0.0,17900,17900,,
lumped,ʂ͇,consonant,2,0.00092,0.0,0.0,16780,16780,,
lumped,χʼ,consonant,3,0.00138,0.0,0.0,16500,16500,,χʼː
lumped,ɺ|ɺ,consonant,2,0.00092,0.0,0.0,16300,8105,,ɺ̪|ɺ
lumped,dx,consonant,2,0.00092,0.0,0.0,14200,14200,,d̪x
lumped,kǀx,consonant,2,0.00092,0.0,0.0,14200,14200,,
lumped,kǁx,consonant,2,0.00092,0.0,0.0,14200,14200,,
lumped,kʘ,consonant,2,0.00092,0.0,0.0,14200,14200,kʘʰ(1) qʘʰ(1),kʘʰ
lumped,ɡǀx,consonant,2,0.00092,0.0,0.0,14200,14200,,
lumped,ɡǁx,consonant,2,0.00092,0.0,0.0,14200,14200,,
lumped,e˞,vowel,2,0.00092,0.0,0.0,14100,14100,,
lumped,u˞,vowel,2,0.00092,0.0,0.0,14100,14100,,
lumped,ɔ̜,vowel,4,0.00184,0.0,0.0,13988,13988,,ɔ̜ː ɔ̟̜ ɔ̟̜ː
lumped,ɨ̥,vowel,1,0.00046,0.0,0.0,12055,12055,ɪ̥(1),
lumped,yœ,vowel,2,0.00092,0.0,0.0,12000,12000,,yœː
lumped,ɡ̰,consonant,3,0.00138,0.0,0.0,11950,11950,k(1) ɡ(1) ŋ(1),
lumped,ɜ̹,vowel,1,0.00046,0.0,0.0,11900,11900,,ɜ̹ː
lumped,r̥|r̥,consonant,2,0.00092,0.0,0.0,11800,11800,,r̪̥|r̥ ɹ̪̥|ɹ̥
lumped,kxʷ,consonant,1,0.00046,0.0,0.0,11325,12414,,kxʷʰ
lumped,tˠ|tˠ,consonant,1,0.00046,0.0,0.0,11325,12414,,t̪ˠʰ|tˠʰ
lumped,tʷ|tʷ,consonant,3,0.00138,0.0,0.0,11095,11095,,t̪ʷ|tʷ t̪ʷʰ|tʷʰ
lumped,ṵ̃,vowel,4,0.00184,0.0,0.0,11070,11070,,ṵ̃
lumped,nʲ|nʲ,consonant,3,0.00138,0.0,0.0,10682,10379,,n̪ʲ|nʲ
lumped,ˀp,consonant,2,0.00092,0.0,0.0,10610,10610,,
lumped,ˀt,consonant,2,0.00092,0.0,0.0,10610,10610,,ˀt̪
lumped,kʷˀ,consonant,2,0.00092,0.0,0.0,10550,10550,,
lumped,dl,consonant,3,0.00138,0.0,0.0,10520,10835,,d̪l̪
lumped,m̥ʲ,consonant,2,0.00092,0.0,0.0,10500,10500,,m̥ʲː
lumped,tˀ|tˀ,consonant,2,0.00092,0.0,0.0,10500,17802,,t̪ˀ|tˀ
lumped,c̰,consonant,2,0.00092,0.0,0.0,10400,10400,,
lumped,ɘ̃,vowel,2,0.00092,0.0,1e-05,10250,53062,,ɘ̃ː
lumped,k̰ʷ,consonant,4,0.00184,0.0,0.0,10145,10145,,
lumped,q̰ʷ,consonant,3,0.00138,0.0,0.0,10145,10145,,
lumped,s̰,consonant,2,0.00092,0.0,0.0,10105,10105,,
lumped,æ̰,vowel,2,0.00092,0.0,0.0,10103,10103,,
lumped,ɪ̰,vowel,2,0.00092,0.0,0.0,10093,10093,,
lumped,w̥,consonant,2,0.00092,0.0,0.0,10020,10020,,
lumped,mʼ,consonant,2,0.00092,0.0,0.0,10004,10004,,
lumped,nʼ,consonant,2,0.00092,0.0,0.0,10004,10004,,
lumped,aɔ,vowel,1,0.00046,0.0,0.0,10000,10000,,
lumped,aɯ̃,vowel,1,0.00046,0.0,0.0,10000,10000,,
lumped,aˀ,vowel,1,0.00046,0.0,0.0,10000,10000,,
lumped,a˞ˤ,vowel,1,0.00046,0.0,0.0,10000,10000,,
lumped,ãõ,vowel,1,0.00046,0.0,0.0,10000,10000,ɑ̃õ(1),ɑ̃õ
lumped,ãĩ,vowel,1,0.00046,0.0,0.0,10000,10000,ɑ̃ĩ(1),ɑ̃ĩ
lumped,a̤i̤,vowel,1,0.00046,0.0,0.0,10000,10000,,
lumped,a̤ɯ̤,vowel,1,0.00046,0.0,0.0,10000,10000,,
lumped,a̤ṳ,vowel,1,0.00046,0.0,0.0,10000,10000,,a̤ṳ
lumped,a̰ɪ̰,vowel,1,0.00046,0.0,0.0,10000,10000,,
lumped,a̰ɯ̰,vowel,1,0.00046,0.0,0.0,10000,10000,,
lumped,a̰ḭ,vowel,1,0.00046,0.0,0.0,10000,10000,,a̰ḭ
lumped,a̰ṵ,vowel,1,0.00046,0.0,0.0,10000,10000,,a̰ṵ
lumped,bvʷ,consonant,1,0.00046,0.0,0.0,10000,10000,,
lumped,bɡ,consonant,1,0.00046,0.0,9e-05,10000,908971,,
lumped,bˀ,consonant,1,0.00046,0.0,0.0,10000,10000,pˀ(1),
lumped,b˞,consonant,1,0.00046,0.0,0.0,10000,10000,,
lumped,b̤v̤,consonant,1,0.00046,0.0,0.0,10000,10000,,
lumped,b̤z̤,consonant,1,0.00046,0.0,0.0,10000,10000,,
lumped,b͈,consonant,1,0.00046,0.0,0.0,10000,10000,,b͈ː
lumped,b͉,consonant,1,0.00046,0.0,0.0,10000,10000,m(1),
lumped,cn,consonant,1,0.00046,0.0,0.0,10000,10000,,cn̠
lumped,cɲ,consonant,1,0.00046,0.0,0.0,10000,10000,,
lumped,dʑᶣ,consonant,1,0.00046,0.0,0.0,10000,10000,,
lumped,dʒr,consonant,1,0.00046,0.0,0.0,10000,10000,dʒɾ(1),d̠ʒɾ
lumped,dʒxʼ,consonant,1,0.00046,0.0,0.0,10000,10000,,d̠ʒxʼ
lumped,d̤ɮ̤,consonant,1,0.00046,0.0,0.0,10000,10000,,
lumped,d̥ʒ̥,consonant,1,0.00046,0.0,5e-05,10000,473956,,
lumped,d̥ʲ,consonant,1,0.00046,0.0,0.0,10000,10000,,
lumped,d͇z͇,consonant,1,0.00046,0.0,0.0,10000,10000,,
lumped,d͈,consonant,1,0.00046,0.0,0.0,10000,10000,,d͈ː
lumped,d͈ʒ,consonant,1,0.00046,0.0,0.0,10000,10000,,d̠͈ʒ
lumped,dᶣ,consonant,1,0.00046,0.0,0.0,10000,10000,,
lumped,eʊ,vowel,1,0.00046,0.0,0.0,10000,10000,,eʊ̯
lumped,eʲ,vowel,1,0.00046,0.0,0.0,10000,10000,ẽʲ(1),
lumped,eˀ,vowel,1,0.00046,0.0,0.0,10000,10000,,
lumped,e̘,vowel,1,0.00046,0.0,0.0,10000,10000,ẽ̘(1),e̘ː
lumped,e̙,vowel,1,0.00046,0.0,0.0,10000,10000,ẽ̙(1),
lumped,fr,consonant,1,0.00046,0.0,0.0,10000,10000,fɾ(1),fɾ
lumped,hʷʲ,consonant,1,0.00046,0.0,0.0,10000,10000,,
lumped,hᶣ,consonant,1,0.00046,0.0,0.0,10000,10000,,
lumped,iɨ,vowel,1,0.00046,0.0,0.0,10000,10000,,
lumped,iʊ,vowel,1,0.00046,0.0,0.0,10000,10000,,iʊ̯
lumped,iˀ,vowel,1,0.00046,0.0,0.0,10000,10000,,
lumped,i˞,vowel,1,0.00046,0.0,0.0,10000,10000,,
lumped,i˞ˤ,vowel,1,0.00046,0.0,0.0,10000,10000,,i˞ˤː
lumped,i̙,vowel,1,0.00046,0.0,0.0,10000,10000,ĩ̙(1),i̙ː
lumped,i̤a,vowel,1,0.00046,0.0,0.0,10000,10000,,
lumped,i̤a̤,vowel,1,0.00046,0.0,0.0,10000,10000,,
lumped,i̤ɛ̤,vowel,1,0.00046,0.0,0.0,10000,10000,,
lumped,i̤ṳ,vowel,1,0.00046,0.0,0.0,10000,10000,,i̤ṳ
lumped,jʔ,consonant,1,0.00046,0.0,0.0,10000,10000,,
lumped,jˤ,consonant,1,0.00046,0.0,0.0,10000,10000,,
lumped,j̤,consonant,1,0.00046,0.0,0.0,10000,10000,,
lumped,j̥ʷ,consonant,1,0.00046,0.0,0.0,10000,10000,,
lumped,kl,consonant,1,0.00046,0.0,0.0,10000,17302,,
lumped,km,consonant,1,0.00046,0.0,0.0,10000,10000,,
lumped,kpˤ,consonant,1,0.00046,0.0,0.0,10000,10000,,
lumped,kr,consonant,1,0.00046,0.0,0.0,10000,10000,kɾ(1),kɾ
lumped,kǀxʼ,consonant,1,0.00046,0.0,0.0,10000,10000,,
lumped,kǁxʼ,consonant,1,0.00046,0.0,0.0,10000,10000,,
lumped,kǃxʼ,consonant,1,0.00046,0.0,0.0,10000,10000,,
lumped,kɡ,consonant,1,0.00046,0.0,4e-05,10000,391482,,
lumped,kɬ,consonant,1,0.00046,0.0,0.0,10000,17302,,
lumped,kʷr,consonant,1,0.00046,0.0,0.0,10000,10000,kʷɾ(1),kʷɾ
lumped,k˞,consonant,1,0.00046,0.0,0.0,10000,10000,,k˞ʰ
lumped,k͉ʷ,consonant,1,0.00046,0.0,0.0,10000,10000,,
lumped,kᶣ,consonant,1,0.00046,0.0,0.0,10000,10000,,
lumped,k‼,consonant,1,0.00046,0.0,0.0,10000,10000,k‼ʰ(1),k‼ʰ
lumped,k‼x,consonant,1,0.00046,0.0,0.0,10000,10000,,
lumped,k‼xʼ,consonant,1,0.00046,0.0,0.0,10000,10000,,
lumped,k‼ʼ,consonant,1,0.00046,0.0,0.0,10000,10000,k‼ʰʼ(1),k‼ʰʼ
lumped,ld,consonant,1,0.00046,0.0,0.0,10000,10000,,
lumped,lʔ,consonant,1,0.00046,0.0,0.0,10000,10000,,
lumped,lʷʲ,consonant,1,0.00046,0.0,0.0,10000,10000,,
lumped,l̊,consonant,1,0.00046,0.0,0.0,10000,10000,,l̪̊
lumped,l͉,consonant,1,0.00046,0.0,0.0,10000,10000,,
lumped,lᶣ,consonant,1,0.00046,0.0,0.0,10000,10000,,
lumped,mbr,consonant,1,0.00046,0.0,0.0,10000,10000,mbɾ(1),mbɾ
lumped,mbz,consonant,1,0.00046,0.0,0.0,10000,10000,,
lumped,mbˠ,consonant,1,0.00046,0.0,0.0,10000,10000,,
lumped,mpf,consonant,1,0.00046,0.0,0.0,10000,10000,,
lumped,mpr,consonant,1,0.00046,0.0,0.0,10000,10000,mpɾ(1),mpɾ
lumped,mpʲ,consonant,1,0.00046,0.0,0.0,10000,10000,,
lumped,mpʷ,consonant,1,0.00046,0.0,0.0,10000,10000,,
lumped,mr,consonant,1,0.00046,0.0,0.0,10000,10000,mɾ(1),mɾ
lumped,mv,consonant,1,0.00046,0.0,0.0,10000,10000,,
lumped,mw,consonant,1,0.00046,0.0,0.0,10000,10000,,
lumped,mʷˠ,consonant,1,0.00046,0.0,0.0,10000,10000,,mʷˠː
lumped,m̥p,consonant,1,0.00046,0.0,0.0,10000,10000,,
lumped,m̥ʷ,consonant,1,0.00046,0.0,0.0,10000,10000,,
lumped,m̼,consonant,1,0.00046,0.0,0.0,10000,10000,m(1),
lumped,m͉,consonant,1,0.00046,0.0,0.0,10000,10000,,
lumped,ndl,consonant,1,0.00046,0.0,0.0,10000,10000,,
lumped,ndzʷ,consonant,1,0.00046,0.0,0.0,10000,10000,,
lumped,ndʷ|ndʷ,consonant,1,0.00046,0.0,0.0,10000,10000,,n̪d̪ʷ|ndʷ
lumped,nd͇z͇,consonant,1,0.00046,0.0,0.0,10000,10000,,
lumped,nl,consonant,1,0.00046,0.0,4e-05,10000,402559,,
lumped,nsr,consonant,1,0.00046,0.0,0.0,10000,10000,nsɾ(1),nsɾ
lumped,ns|ns,consonant,1,0.00046,0.0,0.0,10000,10000,,n̪s̪|ns
lumped,ntr,consonant,1,0.00046,0.0,0.0,10000,10000,ntɾ(1),ntɾ
lumped,nts|nts,consonant,1,0.00046,0.0,0.0,10000,10000,,n̪t̪s̪|nts
lumped,ntʃr,consonant,1,0.00046,0.0,0.0,10000,10000,ntʃɾ(1),n̠t̠ʃɾ
lumped,ntʃʷ,consonant,1,0.00046,0.0,0.0,10000,10000,,n̠t̠ʃʷ
lumped,nt͇s͇,consonant,1,0.00046,0.0,0.0,10000,10000,,nt͇s͇ʰ
lumped,nzr,consonant,1,0.00046,0.0,0.0,10000,10000,nzɾ(1),nzɾ
lumped,nz|nz,consonant,1,0.00046,0.0,0.0,10000,10000,,n̪z̪|nz
lumped,nɡr,consonant,1,0.00046,0.0,0.0,10000,10000,nɡɾ(1),nɡɾ
lumped,nʃʷ,consonant,1,0.00046,0.0,0.0,10000,10000,,n̠ʃʷ
lumped,nʷʲ,consonant,1,0.00046,0.0,0.0,10000,10000,,
lumped,n̊,consonant,1,0.00046,0.0,0.0,10000,10000,,n̪̊
lumped,n̤ɡ̤,consonant,1,0.00046,0.0,0.0,10000,10000,,
lumped,n͉,consonant,1,0.00046,0.0,0.0,10000,10000,,
lumped,nθ,consonant,1,0.00046,0.0,1e-05,10000,114970,,
lumped,oɛ,vowel,1,0.00046,0.0,0.0,10000,10000,,
lumped,oɪ,vowel,1,0.00046,0.0,0.0,10000,10000,,oɪ̯
lumped,oˀ,vowel,1,0.00046,0.0,0.0,10000,10000,,
lumped,o˞,vowel,1,0.00046,0.0,0.0,10000,10000,,
lumped,o̘,vowel,1,0.00046,0.0,0.0,10000,10000,õ̘(1),o̘ː
lumped,o̤i̤,vowel,1,0.00046,0.0,0.0,10000,10000,,
lumped,o̥,vowel,1,0.00046,0.0,0.0,10000,10000,,o̞̥
lumped,pfʼ,consonant,1,0.00046,0.0,0.0,10000,10000,,
lumped,pk,consonant,1,0.00046,0.0,9e-05,10000,908971,pkʰ(1),pkʰ
lumped,pr,consonant,1,0.00046,0.0,0.0,10000,10000,pɾ(1),pɾ
lumped,pt,consonant,1,0.00046,0.0,0.0,10000,10000,,
lumped,pɸ,consonant,1,0.00046,0.0,4e-05,10000,433525,,
lumped,pʷˠ,consonant,1,0.00046,0.0,0.0,10000,10000,pʷˠʰ(1) bʷˠ(1),pʷˠʰ pʷˠː
lumped,p˞,consonant,1,0.00046,0.0,0.0,10000,10000,,p˞ʰ
lumped,p̼,consonant,1,0.00046,0.0,0.0,10000,10000,p(1),
lumped,qm,consonant,1,0.00046,0.0,0.0,10000,10000,,
lumped,qn,consonant,1,0.00046,0.0,0.0,10000,10000,,
lumped,qʷˀ,consonant,1,0.00046,0.0,0.0,10000,10000,,
lumped,qˀ,consonant,1,0.00046,0.0,0.0,10000,10000,,
lumped,rʷʲ,consonant,1,0.00046,0.0,0.0,10000,10000,ɾʷʲ(1),ɾʷʲ
lumped,r̙,consonant,1,0.00046,0.0,0.0,10000,10000,,r̠̙
lumped,r̰|r̰,consonant,1,0.00046,0.0,0.0,10000,10000,,r̪̰|r̰
lumped,sr,consonant,1,0.00046,0.0,0.0,10000,10000,sɾ(1),sɾ
lumped,s͇,consonant,1,0.00046,0.0,0.0,10000,10000,,
lumped,s͈,consonant,1,0.00046,0.0,0.0,10000,10000,,s͈ː
lumped,sᶣ,consonant,1,0.00046,0.0,0.0,10000,10000,,
lumped,tsˀ|tsˀ,consonant,1,0.00046,0.0,0.0,10000,17302,,t̪s̪ˀ|tsˀ
lumped,tɕʷ,consonant,1,0.00046,0.0,0.0,10000,10000,,
lumped,tɕᶣ,consonant,1,0.00046,0.0,0.0,10000,10000,,
lumped,tɬˀ|tɬˀ,consonant,1,0.00046,0.0,0.0,10000,10000,,t̪ɬ̪ˀ|tɬˀ
lumped,tʃr,consonant,1,0.00046,0.0,0.0,10000,10000,tʃɾ(1),t̠ʃɾ
lumped,tʃx,consonant,1,0.00046,0.0,0.0,10000,10000,,t̠ʃx
lumped,tʃ|tʃ,consonant,1,0.00046,0.0,4e-05,10000,401900,dʒ|dʒ(1),t̪ʃ|t̠ʃ
lumped,t͇s͇,consonant,1,0.00046,0.0,0.0,10000,10000,,t͇s͇ʰ
lumped,t͈ʃ,consonant,1,0.00046,0.0,0.0,10000,10000,,t̠͈ʃ t̠͈ʃː
lumped,uy,vowel,1,0.00046,0.0,0.0,10000,10000,,
lumped,uɔ̃,vowel,1,0.00046,0.0,0.0,10000,10000,,u̯ɔ̃
lumped,uəi,vowel,1,0.00046,0.0,0.0,10000,10000,,
lumped,uə̃,vowel,1,0.00046,0.0,0.0,10000,10000,,u̯ə̃
lumped,uɛ̃,vowel,1,0.00046,0.0,0.0,10000,10000,,u̯ɛ̃
lumped,uɨ,vowel,1,0.00046,0.0,0.0,10000,10000,,
lumped,uˀ,vowel,1,0.00046,0.0,0.0,10000,10000,,
lumped,u˞ˤ,vowel,1,0.00046,0.0,0.0,10000,10000,,u˞ˤː
lumped,u̘,vowel,1,0.00046,0.0,0.0,10000,10000,ũ̘(1),
lumped,vr,consonant,1,0.00046,0.0,0.0,10000,10000,vɾ(1),vɾ
lumped,v̼,consonant,1,0.00046,0.0,0.0,10000,10000,ɸ(1) β(1) v(1) f(1),
lumped,wˤ,consonant,1,0.00046,0.0,0.0,10000,10000,,
lumped,w̜,consonant,1,0.00046,0.0,0.0,10000,10000,,
lumped,w̜ʲ,consonant,1,0.00046,0.0,0.0,10000,10000,,
lumped,x̥,consonant,1,0.00046,0.0,0.0,10000,10000,,
lumped,yɛ,vowel,1,0.00046,0.0,0.0,10000,10000,,
lumped,zr,consonant,1,0.00046,0.0,0.0,10000,10000,zɾ(1),zɾ
lumped,å,vowel,1,0.00046,0.0,0.0,10000,10000,,å
lumped,çʲ,consonant,1,0.00046,0.0,0.0,10000,1397,,
lumped,ðʼ,consonant,1,0.00046,0.0,0.0,10000,10000,,
lumped,õũ,vowel,1,0.00046,0.0,0.0,10000,10000,,õũ õ̞ũ
lumped,ĩã,vowel,1,0.00046,0.0,0.0,10000,10000,,ĩã
lumped,ĩõ,vowel,1,0.00046,0.0,0.0,10000,10000,,ĩõ
lumped,ŋb,consonant,1,0.00046,0.0,0.0,10000,10000,,
lumped,ŋh,consonant,1,0.00046,0.0,0.0,10000,10000,,
lumped,ŋhʲ,consonant,1,0.00046,0.0,0.0,10000,10000,,
lumped,ŋhʷ,consonant,1,0.00046,0.0,0.0,10000,10000,,
lumped,ŋhᶣ,consonant,1,0.00046,0.0,0.0,10000,10000,,
lumped,ŋkr,consonant,1,0.00046,0.0,0.0,10000,10000,ŋkɾ(1),ŋkɾ
lumped,ŋmkpr,consonant,1,0.00046,0.0,0.0,10000,10000,ŋmkpɾ(1),ŋmkpɾ
lumped,ŋmʲ,consonant,1,0.00046,0.0,0.0,10000,10000,,
lumped,ŋmʷ,consonant,1,0.00046,0.0,0.0,10000,10000,,
lumped,ŋmˤ,consonant,1,0.00046,0.0,0.0,10000,10000,,
lumped,ŋr,consonant,1,0.00046,0.0,0.0,10000,10000,ŋɾ(1),ŋɾ
lumped,ŋɡmb,consonant,1,0.00046,0.0,0.0,10000,10000,,
lumped,ŋɣʲ,consonant,1,0.00046,0.0,0.0,10000,10000,,
lumped,ŋɣʷ,consonant,1,0.00046,0.0,0.0,10000,10000,,
lumped,ŋɣᶣ,consonant,1,0.00046,0.0,0.0,10000,10000,,
lumped,ŋʷʲ,consonant,1,0.00046,0.0,0.0,10000,10000,,
lumped,ŋ̤ɡǃ,consonant,1,0.00046,0.0,0.0,10000,10000,,
lumped,ŋ̥m̥,consonant,1,0.00046,0.0,0.0,10000,10000,,
lumped,ŋ‼,consonant,1,0.00046,0.0,0.0,10000,10000,ŋ‼ʱ(1),ŋ‼ʱ
lumped,œ̜,vowel,1,0.00046,0.0,0.0,10000,10000,,œ̜ː
lumped,œ̤,vowel,1,0.00046,0.0,0.0,10000,10000,,
lumped,ũˤ,vowel,1,0.00046,0.0,0.0,10000,10000,,ũˤ
lumped,ɓʲ,consonant,1,0.00046,0.0,0.0,10000,10000,,
lumped,ɔɛ,vowel,1,0.00046,0.0,9e-05,10000,916209,,
lumped,ɔ̤i̤,vowel,1,0.00046,0.0,0.0,10000,10000,,
lumped,ɕᶣ,consonant,1,0.00046,0.0,0.0,10000,10000,,
lumped,ɖr͓,consonant,1,0.00046,0.0,0.00256,10000,26507430,,ɖr̠͓
lumped,əy,vowel,1,0.00046,0.0,0.0,10000,10000,,
lumped,əɯ,vowel,1,0.00046,0.0,0.0,10000,10000,,
lumped,əɯ̃,vowel,1,0.00046,0.0,0.0,10000,10000,,
lumped,əˤ,vowel,1,0.00046,0.0,0.0,10000,10000,,
lumped,ə̰ɯ̰,vowel,1,0.00046,0.0,0.0,10000,10000,,
lumped,ɛɯ,vowel,1,0.00046,0.0,0.0,10000,10000,,
lumped,ɛʊ,vowel,1,0.00046,0.0,0.0,10000,10000,,ɛʊ̯
lumped,ɞe,vowel,1,0.00046,0.0,0.0,10000,10000,,ɞe̯
lumped,ɡbˤ,consonant,1,0.00046,0.0,0.0,10000,10000,,
lumped,ɡm,consonant,1,0.00046,0.0,0.0,10000,10000,,
lumped,ɡr,consonant,1,0.00046,0.0,0.0,10000,10000,ɡɾ(1),ɡɾ
lumped,ɡǀxʼ,consonant,1,0.00046,0.0,0.0,10000,10000,,
lumped,ɡǁxʼ,consonant,1,0.00046,0.0,0.0,10000,10000,,
lumped,ɡǃxʼ,consonant,1,0.00046,0.0,0.0,10000,10000,,
lumped,ɡɓ,consonant,1,0.00046,0.0,0.0,10000,10000,,
lumped,ɡ˞,consonant,1,0.00046,0.0,0.0,10000,10000,,
lumped,ɡˡ,consonant,1,0.00046,0.0,0.0,10000,10000,,
lumped,ɡ̙,consonant,1,0.00046,0.0,5e-05,10000,504728,,
lumped,ɡ‼,consonant,1,0.00046,0.0,0.0,10000,10000,ɡ‼ʱ(1),ɡ‼ʱ
lumped,ɡ‼x,consonant,1,0.00046,0.0,0.0,10000,10000,,
lumped,ɡ‼xʼ,consonant,1,0.00046,0.0,0.0,10000,10000,,
lumped,ɢʁ,consonant,1,0.00046,0.0,0.0,10000,10000,,
lumped,ɣv,consonant,1,0.00046,0.0,0.0,10000,10000,,
lumped,ɣ̥,consonant,1,0.00046,0.0,0.0,10000,10000,,
lumped,ɤ̤i̤,vowel,1,0.00046,0.0,0.0,10000,10000,,
lumped,ɨ̘,vowel,1,0.00046,0.0,0.0,10000,10000,,
lumped,ɨ̜,vowel,1,0.00046,0.0,0.0,10000,10000,,
lumped,ɪˤ,vowel,1,0.00046,0.0,0.0,10000,10000,,
lumped,ɬʟ͓̥,consonant,1,0.00046,0.0,0.0,10000,17302,,
lumped,ɭ̤,consonant,1,0.00046,0.0,0.0,10000,10000,,
lumped,ɮʼ,consonant,1,0.00046,0.0,0.0,10000,10000,,
lumped,ɯ̤a,vowel,1,0.00046,0.0,0.0,10000,10000,,
lumped,ɯ̤i̤,vowel,1,0.00046,0.0,0.0,10000,10000,,
lumped,ɰ̃,consonant,1,0.00046,0.0,0.0,10000,10000,,
lumped,ɱfr,consonant,1,0.00046,0.0,0.0,10000,10000,ɱfɾ(1),ɱfɾ
lumped,ɱfʲ,consonant,1,0.00046,0.0,0.0,10000,10000,,
lumped,ɱfʷ,consonant,1,0.00046,0.0,0.0,10000,10000,,
lumped,ɱvr,consonant,1,0.00046,0.0,0.0,10000,10000,ɱvɾ(1),ɱvɾ
lumped,ɱvʲ,consonant,1,0.00046,0.0,0.0,10000,10000,,
lumped,ɱð,consonant,1,0.00046,0.0,0.0,10000,10000,,
lumped,ɲcʲ,consonant,1,0.00046,0.0,0.0,10000,10000,,
lumped,ɲdʑ,consonant,1,0.00046,0.0,0.0,10000,10000,,ɲ̟dʑ
lumped,ɲtɕ,consonant,1,0.00046,0.0,0.0,10000,10000,ɲtɕʰ(1),ɲ̟tɕʰ
lumped,ɲɟʑ,consonant,1,0.00046,0.0,0.0,10000,10000,,
lumped,ɲɟʝ,consonant,1,0.00046,0.0,0.0,10000,10000,,
lumped,ɲʄ,consonant,1,0.00046,0.0,0.0,10000,10000,,
lumped,ɲʼ,consonant,1,0.00046,0.0,0.0,10000,10000,,
lumped,ɲᶣ,consonant,1,0.00046,0.0,0.0,10000,10000,,
lumped,ɳʈr,consonant,1,0.00046,0.0,0.0,10000,10000,,ɳʈɽʰ
lumped,ɳʈr̥,consonant,1,0.00046,0.0,0.00256,10000,26507430,,ɳʈr̠̥
lumped,ɳ̥,consonant,1,0.00046,0.0,0.0,10000,10000,,
lumped,ɵ̃,vowel,1,0.00046,0.0,0.0,10000,10000,,
lumped,ɸʷ,consonant,1,0.00046,0.0,0.0,10000,10000,pʷ(1),
lumped,ɸʼ,consonant,1,0.00046,0.0,0.0,10000,10000,,
lumped,ɺ̥,consonant,1,0.00046,0.0,0.0,10000,10000,,
lumped,ʁ̰ʷ,consonant,1,0.00046,0.0,0.0,10000,10000,,ʁ̞̰ʷ
lumped,ʂʼ,consonant,1,0.00046,0.0,0.0,10000,10000,,
lumped,ʂ͉,consonant,1,0.00046,0.0,0.0,10000,10000,,
lumped,ʃ͈,consonant,1,0.00046,0.0,0.0,10000,10000,ʃ͈ʲ(1),ʃ͈ː
lumped,ʈr̥,consonant,1,0.00046,0.0,0.00256,10000,26507430,ʈʂ͇(1),ʈr̠̥ ʈɹ̠̥
lumped,ʊ̰,vowel,1,0.00046,0.0,0.0,10000,10000,,
lumped,ʌy,vowel,1,0.00046,0.0,0.0,10000,10000,,
lumped,ʌɯ,vowel,1,0.00046,0.0,0.0,10000,10000,,
lumped,ʍʲ,consonant,1,0.00046,0.0,0.0,10000,10000,,
lumped,ʎʼ,consonant,1,0.00046,0.0,0.0,10000,10000,,
lumped,ʑᶣ,consonant,1,0.00046,0.0,0.0,10000,10000,,
lumped,ʒ̤,consonant,1,0.00046,0.0,0.0,10000,10000,,
lumped,ʔj,consonant,1,0.00046,0.0,0.0,10000,10000,,
lumped,ʔw,consonant,1,0.00046,0.0,0.0,10000,10000,,
lumped,ʕ̰,consonant,1,0.00046,0.0,0.0,10000,10000,,
lumped,ʕ̰ʷ,consonant,1,0.00046,0.0,0.0,10000,10000,,
lumped,ʟ͓̥,consonant,1,0.00046,0.0,0.0,10000,10000,,
lumped,ʼŋǀ,consonant,1,0.00046,0.0,0.0,10000,10000,,
lumped,ʼŋǃ,consonant,1,0.00046,0.0,0.0,10000,10000,,
lumped,ˀb͉,consonant,1,0.00046,0.0,0.0,10000,10000,ʔm(1),
lumped,ˀc,consonant,1,0.00046,0.0,0.0,10000,10000,,
lumped,ˀj̰,consonant,1,0.00046,0.0,0.0,10000,10000,ʔɲ̰(1),
lumped,ˀk,consonant,1,0.00046,0.0,0.0,10000,10000,,
lumped,ˀkp,consonant,1,0.00046,0.0,0.0,10000,10000,,
lumped,ˀs,consonant,1,0.00046,0.0,0.0,10000,10000,,
lumped,ˀw̰,consonant,1,0.00046,0.0,0.0,10000,10000,ʔŋ̰ʷ(1),
lumped,ˀy,vowel,1,0.00046,0.0,0.0,10000,10000,,
lumped,ˀɡb,consonant,1,0.00046,0.0,0.0,10000,10000,,
lumped,ˀɡʷ,consonant,1,0.00046,0.0,0.0,10000,10000,,
lumped,ˀʃʷ,consonant,1,0.00046,0.0,0.0,10000,10000,,
lumped,ˀʍ,consonant,1,0.00046,0.0,0.0,10000,10000,,
lumped,ˀʍʲ,consonant,1,0.00046,0.0,0.0,10000,10000,,
lumped,β̃,consonant,1,0.00046,0.0,0.0,10000,10000,,
lumped,θʼ,consonant,1,0.00046,0.0,0.0,10000,10000,,
lumped,ᴅ̰,consonant,1,0.00046,0.0,0.0,10000,10000,,ᴅ̪̰
lumped,ḁ,vowel,1,0.00046,0.0,0.0,10000,10000,,ḁ
lumped,ḛɪ̰,vowel,1,0.00046,0.0,0.0,10000,10000,,ḛɪ̰
lumped,ṳa,vowel,1,0.00046,0.0,0.0,10000,10000,,ṳa
lumped,ṳa̤,vowel,1,0.00046,0.0,0.0,10000,10000,,ṳa̤
lumped,ṳi̤,vowel,1,0.00046,0.0,0.0,10000,10000,,ṳi̤
lumped,xh,consonant,1,0.00046,0.0,0.0,9650,9650,,
lumped,ĩẽ,vowel,1,0.00046,0.0,0.0,9000,9000,,ĩẽ ĩẽ̞
lumped,ŋ̥ʲ,consonant,1,0.00046,0.0,0.0,9000,9000,,
lumped,ḛ̃,vowel,4,0.00184,0.0,0.0,8780,8780,,ẽ̞̰ ḛ̃
lumped,iai,vowel,1,0.00046,0.0,0.0,8500,24586,,i̯ai i̯ai̯
lumped,ieu,vowel,1,0.00046,0.0,0.0,8500,24586,,i̯eu̯
lumped,ə̰̃,vowel,1,0.00046,0.0,0.0,7000,7000,,
lumped,ɛ̰̃,vowel,1,0.00046,0.0,0.0,7000,7000,,
lumped,ts͇,consonant,1,0.00046,0.0,0.0,5500,5500,,ts͇ʰ
lumped,f̰,consonant,1,0.00046,0.0,0.0,5130,6574,,
lumped,θ̰,consonant,1,0.00046,0.0,0.0,5130,6574,,
lumped,aᴱ,vowel,1,0.00046,0.0,0.0,4200,4200,,
lumped,dʼkxʼ,consonant,1,0.00046,0.0,0.0,4200,4200,,d̪ʼkxʼ
lumped,kǀh,consonant,1,0.00046,0.0,0.0,4200,4200,,
lumped,kǀkxʼ,consonant,1,0.00046,0.0,0.0,4200,4200,,
lumped,kǀʔ,consonant,1,0.00046,0.0,0.0,4200,4200,,
lumped,kǁh,consonant,1,0.00046,0.0,0.0,4200,4200,,
lumped,kǁkxʼ,consonant,1,0.00046,0.0,0.0,4200,4200,,
lumped,kǁʔ,consonant,1,0.00046,0.0,0.0,4200,4200,,
lumped,kǂh,consonant,1,0.00046,0.0,0.0,4200,4200,,
lumped,kǂkxʼ,consonant,1,0.00046,0.0,0.0,4200,4200,,
lumped,kǂʔ,consonant,1,0.00046,0.0,0.0,4200,4200,,
lumped,kǃh,consonant,1,0.00046,0.0,0.0,4200,4200,,
lumped,kǃkxʼ,consonant,1,0.00046,0.0,0.0,4200,4200,,
lumped,kǃʔ,consonant,1,0.00046,0.0,0.0,4200,4200,,
lumped,kʘh,consonant,1,0.00046,0.0,0.0,4200,4200,,
lumped,kʘkxʼ,consonant,1,0.00046,0.0,0.0,4200,4200,,
lumped,kʘx,consonant,1,0.00046,0.0,0.0,4200,4200,,
lumped,kʘʔ,consonant,1,0.00046,0.0,0.0,4200,4200,,
lumped,oᴱ,vowel,1,0.00046,0.0,0.0,4200,4200,,
lumped,pʼkxʼ,consonant,1,0.00046,0.0,0.0,4200,4200,,
lumped,qǀ,consonant,1,0.00046,0.0,0.0,4200,4200,,
lumped,qǀʼ,consonant,1,0.00046,0.0,0.0,4200,4200,,
lumped,qǁ,consonant,1,0.00046,0.0,0.0,4200,4200,,
lumped,qǁʼ,consonant,1,0.00046,0.0,0.0,4200,4200,,
lumped,qǂ,consonant,1,0.00046,0.0,0.0,4200,4200,,
lumped,qǂʼ,consonant,1,0.00046,0.0,0.0,4200,4200,,
lumped,qǃ,consonant,1,0.00046,0.0,0.0,4200,4200,,
lumped,qǃʼ,consonant,1,0.00046,0.0,0.0,4200,4200,,
lumped,qʘ,consonant,1,0.00046,0.0,0.0,4200,4200,,
lumped,qʘʼ,consonant,1,0.00046,0.0,0.0,4200,4200,,
lumped,tʼkxʼ,consonant,1,0.00046,0.0,0.0,4200,4200,,t̪ʼkxʼ
lumped,uᴱ,vowel,1,0.00046,0.0,0.0,4200,4200,,
lumped,ŋʘ,consonant,1,0.00046,0.0,0.0,4200,4200,,
lumped,ŋ̊ǀ,consonant,1,0.00046,0.0,0.0,4200,4200,,
lumped,ŋ̊ǁ,consonant,1,0.00046,0.0,0.0,4200,4200,,
lumped,ŋ̊ǂ,consonant,1,0.00046,0.0,0.0,4200,4200,,
lumped,ŋ̊ǃ,consonant,1,0.00046,0.0,0.0,4200,4200,,
lumped,ŋ̊ʘ,consonant,1,0.00046,0.0,0.0,4200,4200,,
lumped,ɡǀk,consonant,1,0.00046,0.0,0.0,4200,4200,ɡǀkʰ(1) ɡǀqʰ(1),ɡǀkʰ
lumped,ɡǀkxʼ,consonant,1,0.00046,0.0,0.0,4200,4200,,
lumped,ɡǁk,consonant,1,0.00046,0.0,0.0,4200,4200,ɡǁkʰ(1) ɡǁqʰ(1),ɡǁkʰ
lumped,ɡǁkxʼ,consonant,1,0.00046,0.0,0.0,4200,4200,,
lumped,ɡǂk,consonant,1,0.00046,0.0,0.0,4200,4200,ɡǂkʰ(1) ɡǂqʰ(1),ɡǂkʰ
lumped,ɡǂkxʼ,consonant,1,0.00046,0.0,0.0,4200,4200,,
lumped,ɡǃk,consonant,1,0.00046,0.0,0.0,4200,4200,ɡǃkʰ(1) ɡǃqʱ(1),ɡǃkʰ
lumped,ɡǃkxʼ,consonant,1,0.00046,0.0,0.0,4200,4200,,
lumped,ɡʘ,consonant,1,0.00046,0.0,0.0,4200,4200,,
lumped,ɡʘk,consonant,1,0.00046,0.0,0.0,4200,4200,ɡʘkʰ(1) ɡʘqʰ(1),ɡʘkʰ
lumped,ɡʘkxʼ,consonant,1,0.00046,0.0,0.0,4200,4200,,
lumped,ɡʘx,consonant,1,0.00046,0.0,0.0,4200,4200,,
lumped,ɡʼkxʼ,consonant,1,0.00046,0.0,0.0,4200,4200,,
lumped,ɢǀ,consonant,1,0.00046,0.0,0.0,4200,4200,ɴǀɢ(1),
lumped,ɢǀq,consonant,1,0.00046,0.0,0.0,4200,4200,ɢǀqʰ(1) ɴɢǀqʰ(1),ɢǀqʰ
lumped,ɢǁ,consonant,1,0.00046,0.0,0.0,4200,4200,ɴǁɢ(1),
lumped,ɢǁq,consonant,1,0.00046,0.0,0.0,4200,4200,ɢǁqʰ(1) ɴɢǁqʰ(1),ɢǁqʰ
lumped,ɢǂ,consonant,1,0.00046,0.0,0.0,4200,4200,ɴǂɢ(1),
lumped,ɢǃ,consonant,1,0.00046,0.0,0.0,4200,4200,ɴǃɢ(1),
lumped,ɢǃq,consonant,1,0.00046,0.0,0.0,4200,4200,ɢǃqʰ(1) ɴɢǃqʰ(1),ɢǃqʰ
lumped,ɢʘ,consonant,1,0.00046,0.0,0.0,4200,4200,ɴʘɢ(1),
lumped,ʔŋǀ,consonant,1,0.00046,0.0,0.0,4200,4200,,
lumped,ʔŋǁ,consonant,1,0.00046,0.0,0.0,4200,4200,,
lumped,ʔŋǂ,consonant,1,0.00046,0.0,0.0,4200,4200,,
lumped,ʔŋǃ,consonant,1,0.00046,0.0,0.0,4200,4200,,
lumped,ʔŋʘ,consonant,1,0.00046,0.0,0.0,4200,4200,,
lumped,ua˞,vowel,1,0.00046,0.0,0.0,4100,4100,,uɑ˞
lumped,r̥ʲ,consonant,3,0.00138,0.0,3e-05,2527,296226,ɾ̥ʲ(1),r̥ʲː ɾ̥ʲ
lumped,aʲ,vowel,2,0.00092,0.0,0.0,2525,2525,,aʲː
lumped,xʼ,consonant,2,0.00092,0.0,0.0,2500,8707,,
lumped,ɬˠ,consonant,1,0.00046,0.0,3e-05,2025,295724,,
lumped,iuo,vowel,1,0.00046,0.0,0.0,2000,2000,,i̯uo
lumped,iũo,vowel,1,0.00046,0.0,0.0,2000,2000,,i̯ũo
lumped,ãɪ,vowel,1,0.00046,0.0,0.0,2000,2000,,ãɪ̯ː
lumped,ũo,vowel,1,0.00046,0.0,0.0,2000,2000,,ũo ũoː
lumped,ɪ̃ɛ,vowel,1,0.00046,0.0,0.0,2000,2000,,ɪ̃ɛː
lumped,ʏ̃,vowel,1,0.00046,0.0,0.0,2000,2000,,ʏ̃ː
lumped,ỹœ,vowel,1,0.00046,0.0,0.0,2000,2000,,ỹœ ỹœː
lumped,r͓,consonant,1,0.00046,0.0,0.0,1800,1800,,ɾ͓
lumped,R̥|R̥,consonant,1,0.00046,0.0,0.0,1500,1500,,R̪̥|R̥
lumped,i̤ə̤,vowel,1,0.00046,0.0,0.0,1500,1500,,
lumped,ɯ̤ə̤,vowel,1,0.00046,0.0,0.0,1500,1500,,
lumped,ṳə̤,vowel,1,0.00046,0.0,0.0,1500,1500,,ṳə̤
lumped,dʷ|dʷ,consonant,1,0.00046,0.0,0.0,970,970,,d̪ʷ|dʷ
lumped,qχʷ,consonant,1,0.00046,0.0,0.0,970,970,,
lumped,qχʷʼ,consonant,1,0.00046,0.0,0.0,970,970,,
lumped,qχʷˤ,consonant,1,0.00046,0.0,0.0,970,970,,
lumped,qχʷˤʼ,consonant,1,0.00046,0.0,0.0,970,970,,
lumped,qχˤ,consonant,1,0.00046,0.0,0.0,970,970,,qχˤː
lumped,qχˤʼ,consonant,1,0.00046,0.0,0.0,970,970,,
lumped,tɬʷ|tɬʷ,consonant,1,0.00046,0.0,0.0,970,970,,t̪ɬ̪ʷʰ|tɬʷʰ
lumped,tɬʷʼ|tɬʷʼ,consonant,1,0.00046,0.0,0.0,970,970,,t̪ɬ̪ʷʼ|tɬʷʼ
lumped,zʷ|zʷ,consonant,1,0.00046,0.0,0.0,970,970,,z̪ʷ|zʷ
lumped,ɬʷ|ɬʷ,consonant,1,0.00046,0.0,0.0,970,970,,ɬ̪ʷ|ɬʷ ɬ̪ʷː|ɬʷː
lumped,eɛ,vowel,1,0.00046,0.0,0.0,938,938,,
lumped,oɔ,vowel,1,0.00046,0.0,0.0,938,938,,
lumped,hˀ,consonant,1,0.00046,0.0,0.0,720,720,,
lumped,ɺ̰,consonant,1,0.00046,0.0,0.0,720,720,,ɺ̠̰
lumped,ˀj̥,consonant,1,0.00046,0.0,0.0,610,610,,
lumped,ˀkʷ,consonant,1,0.00046,0.0,0.0,610,610,,
lumped,ˀl̥,consonant,1,0.00046,0.0,0.0,610,610,,ˀl̪̥
lumped,ˀm̥,consonant,1,0.00046,0.0,0.0,610,610,,
lumped,ˀn̥,consonant,1,0.00046,0.0,0.0,610,610,,ˀn̪̥
lumped,ˀq,consonant,1,0.00046,0.0,0.0,610,610,,
lumped,ˀts,consonant,1,0.00046,0.0,0.0,610,610,,ˀt̪s
lumped,ˀtɬ,consonant,1,0.00046,0.0,0.0,610,610,,ˀt̪ɬ
lumped,ˀw̥,consonant,1,0.00046,0.0,0.0,610,610,,
lumped,dzʲ|dzʲ,consonant,1,0.00046,0.0,0.0,600,297,,d̪z̪ʲ|dzʲ
lumped,rʲ|rʲ,consonant,1,0.00046,0.0,0.0,600,297,,r̪ʲ|rʲ ɾ̪ʲ|ɾʲ
lumped,tsʲ|tsʲ,consonant,1,0.00046,0.0,0.0,600,297,,t̪s̪ʲ|tsʲ
lumped,l̥ʲ,consonant,3,0.00138,0.0,0.0,584,584,,l̥ʲː
lumped,ʈˀ,consonant,1,0.00046,0.0,0.0,550,550,,
lumped,d̥z̥ʲ,consonant,1,0.00046,0.0,0.0,500,500,,
lumped,n̥ʲ,consonant,1,0.00046,0.0,0.0,500,500,,n̥ʲː
lumped,tsˀ,consonant,1,0.00046,0.0,0.0,500,500,,
lumped,xʷʼ,consonant,1,0.00046,0.0,0.0,500,500,,
lumped,ɬʼ|ɬʼ,consonant,1,0.00046,0.0,0.0,500,500,,ɬ̪ʼ|ɬʼ
lumped,χʷʼ,consonant,1,0.00046,0.0,0.0,500,500,,
lumped,cˀ,consonant,1,0.00046,0.0,0.0,400,400,,
lumped,Rʲ,consonant,1,0.00046,0.0,0.0,150,150,,
lumped,ɔ̃ĩ,vowel,2,0.00092,0.0,0.0,145,145,,ɔ̃ĩ
lumped,oʲ,vowel,1,0.00046,0.0,0.0,125,125,,
lumped,ãʲ,vowel,1,0.00046,0.0,0.0,125,125,,ãʲ
lumped,õʲ,vowel,1,0.00046,0.0,0.0,125,125,,õʲ
lumped,ɨ̃ĩ,vowel,1,0.00046,0.0,0.0,125,125,,ɨ̃ĩ
lumped,ɵ̰,vowel,1,0.00046,0.0,0.0,103,103,,ɵ̞̰
lumped,ɨ̰,vowel,2,0.00092,0.0,0.0,94,94,,ɨ̞̰
lumped,o̜,vowel,2,0.00092,0.0,0.0,93,93,,o̞̜ o̞̜ː
lumped,ãɛ̃,vowel,1,0.00046,0.0,0.0,93,93,,ãɛ̃
lumped,ħ̃ʲ,consonant,1,0.00046,0.0,0.0,93,93,,
lumped,œ̃ɛ̃,vowel,1,0.00046,0.0,0.0,93,93,,
lumped,ɔ̜̃,vowel,1,0.00046,0.0,0.0,93,93,,ɔ̜̃ː ɔ̟̜̃ː
lumped,ɔ̜̰,vowel,1,0.00046,0.0,0.0,93,93,,ɔ̟̜̰
lumped,ɛ̃i,vowel,1,0.00046,0.0,0.0,93,93,,ɛ̃ːi̯
lumped,ɞ̜,vowel,1,0.00046,0.0,0.0,93,93,,ɞ̜ː
lumped,ɞ̜̃,vowel,1,0.00046,0.0,0.0,93,93,,ɞ̜̃ː
lumped,ɞ̜̰,vowel,1,0.00046,0.0,0.0,93,93,,
lumped,ɟ̥ʝ̥,consonant,1,0.00046,0.0,0.0,93,93,,
lumped,ʉ̰,vowel,1,0.00046,0.0,0.0,93,93,,
lumped,øə,vowel,1,0.00046,0.0,0.0,70,70,,
lumped,ɔʏ,vowel,1,0.00046,0.0,0.0,70,70,,
lumped,uœ,vowel,1,0.00046,0.0,0.0,50,50,,
lumped,tɬ̰,consonant,1,0.00046,0.0,0.0,40,40,,
lumped,ʔr,consonant,1,0.00046,0.0,0.0,30,30,,ʔɾ
lumped,t̰s̰,consonant,1,0.00046,0.0,0.0,20,20,,
lumped,sθ,consonant,1,0.00046,0.0,0.0,12,12,θ(1),s̻θ
lumped,ʡˤ,consonant,1,0.00046,0.0,0.0,11,11,,
lumped,tʙ,consonant,1,0.00046,0.0,0.0,5,5,,t̪ʙ
lumped,r̰ˤ,consonant,1,0.00046,0.0,0.0,4,4,ɹ̰ˤ(1),ɹ̰ˤ
lumped,wʼ,consonant,1,0.00046,0.0,0.0,4,4,,
lumped,yʼ,vowel,1,0.00046,0.0,0.0,4,4,,
lumped,ʕʷʼ,consonant,1,0.00046,0.0,0.0,4,4,,
lumped,ʕʼ,consonant,1,0.00046,0.0,0.0,4,4,,
lumped,ɫ̥,consonant,1,0.00046,0.0,0.0,2,2,,
lumped,d̙ˤ,consonant,1,0.00046,0.0,0.03663,0,378792526,,
lumped,s̙ˤ,consonant,1,0.00046,0.0,0.03663,0,378792526,,
lumped,t̙ˤ,consonant,1,0.00046,0.0,0.03663,0,378792526,,t̪̙ˤ
lumped,xʀ̥,consonant,1,0.00046,0.0,0.03663,0,378792526,,
lumped,ð̙ˤ,consonant,1,0.00046,0.0,0.03663,0,378792526,,ð̪̙ˤ
lumped,ʊ̜,vowel,1,0.00046,0.0,0.0,0,0,,ʊ̜̈
lumped,ʕ̙,consonant,1,0.00046,0.0,0.03663,0,378792526,,
class,R-class (r ɾ ɹ ɻ ɽ ʀ ʁ),consonant,1737,0.79789,0.92047,0.94231,5665060715,9744796330,,r ʀ ʁ
class,L-class (l ɭ ʎ),consonant,1730,0.79467,0.91483,0.93839,5630342126,9704222754,,l ɭ ʎ
class,H-class (h x χ ħ),consonant,1436,0.65962,0.83511,0.84464,5139722866,8734690971,,h x ħ χ
class,W-class (w ʋ),consonant,1898,0.87184,0.81911,0.86998,5041222288,8996719320,,w ʋ
class,F-class (f ɸ),consonant,1045,0.48002,0.80486,0.87013,4953507001,8998317433,,f ɸ
class,CH-class (tʃ tʂ tɕ c),consonant,1225,0.5627,0.64843,0.69424,3990798135,7179423021,,c tɕ tʂ tʃ
class,SH-class (ʃ ʂ ɕ),consonant,861,0.3955,0.62328,0.74195,3836020030,7672719580,,ɕ ʂ ʃ
