level,seg,segment_class,n_languages,pct_languages,pct_l1_weighted,pct_total_weighted,l1_with,total_with,top_allophones,merged_strict_variants,n_wold_recipients,in_wold
lumped,m,consonant,2111,0.96968,0.9989,0.99948,6147741097,10335938440,mʷ(30) m̥(27) mʲ(25) ɱ(25) ŋ(21) n(15) mb(12) ɲ(8),mʰ mʱ mː mˑ m̩ ʱm,29,True
lumped,k,consonant,2081,0.9559,0.99839,0.99911,6144628530,10332139366,kʰ(266) ɡ(109) kʲ(56) kʷ(55) ɣ(30) x(28) ʔ(27) c(19),kʰ kʰː kː kˑ k̟ k̟ʰ k̻ ʰk ʰkʰ ʰkː,30,True
lumped,i,vowel,2116,0.97198,0.99164,0.99321,6103069572,10271159347,ɪ(138) ĩ(81) i̥(41) e(32) ɨ(30) j(28) ə(9) ḭ(8),iʱ iː iˑ ĭ ï i̞ i̞ː i̠ i̩ː i̯ i̽,30,True
lumped,t,consonant,2044,0.93891,0.99065,0.99425,6096960645,10281843545,tʰ(280) d(88) tʲ(42) tʷ(19) ts(16) ɾ(15) tʃ(15) ð(10),tʰ tʰː tː tˑ t̟ t̠ t̠ʰ t̪ t̪ʰ t̪ʰː t̪ː t̪̺ t̪̻ t̺ t̺ʰ t̺ː t̻ t̻ʰ t̻ʰː t̻ː ʰt ʰtʰ ʰtː,28,True
lumped,n,consonant,2060,0.94626,0.98954,0.99386,6090179183,10277857453,ŋ(131) ɲ(64) m(36) nʲ(34) n̥(29) nʷ(18) ɳ(14) nd(12),nʰ nʱ nː nˑ n̠ n̩ n̪ n̪ʱ n̪ː n̪̩ n̪̺ n̺ n̻ n̻ː ʱn ʱn̪,28,True
lumped,a,vowel,2155,0.98989,0.98904,0.99161,6087069617,10254536544,ɑ(147) ã(82) ə(55) ɐ(55) æ(45) ʌ(39) ḁ(28) ɛ(17),aʱ aː aˑ ă ä äː a̞ a̟ a̟ː a̠ a̠ː ä̠ ä̠ː ɐ ɐː ɐ̆ ɐ̟ ɑ ɑː ɑˑ ɑ̆ ɑ̈ ɑ̈ː ɑ̝ ɑ̝ː ɑ̟ː ɑ̟ˑ ɑ̟̝,30,True
lumped,s,consonant,1601,0.73542,0.98481,0.99105,6061032929,10248758726,ʃ(98) z(42) sʲ(26) sʷ(18) ts(11) h(7) ç(5) sʰ(5),sʰ sː sˑ s̟ s̠ s̩ s̪ s̪ː s̪̻ s̺ s̺ː s̺̠ s̻ s̻ː s̻̠ ʰsʰ,27,True
lumped,p,consonant,1958,0.8994,0.96825,0.94464,5959115921,9768817397,pʰ(247) b(87) ɸ(31) pʷ(28) pʲ(28) f(22) β(18) ʰp(11),pʰ pʰː pː pˑ p̻ ʰp ʰpʰ ʰpː,28,True
lumped,u,vowel,2025,0.93018,0.96384,0.9734,5931983178,10066276132,ʊ(88) ũ(72) u̥(32) o(31) w(25) ʉ(16) y(13) ɯ(11),uʱ uː uˑ ŭ ü üː u̞ u̞ː u̞ˑ u̟ u̠ u̯,28,True
lumped,l,consonant,1716,0.78824,0.91458,0.9382,5628788913,9702286052,r(37) lʲ(30) l̥(27) ɾ(24) d(24) n(22) ʎ(16) ɭ(13),lʰ lʱ lː lˑ l̟ l̠ l̩ l̪ l̪ʱ l̪ː l̪̩ l̺ l̻ l̻ː ʱl,24,True
lumped,j,consonant,1984,0.91135,0.89777,0.93486,5525380912,9667725916,j̃(26) j̥(24) ʝ(18) ɲ(14) i(8) ʒ(7) dʒ(7) jʷ(7),jʱ jː j̟ j̪ j̻ ʱj,26,True
lumped,r,consonant,1713,0.78686,0.89373,0.89469,5500495435,9252287181,ɾ(319) ɽ(59) ɹ(55) r̥(36) ɻ(29) l(19) d(18) rʲ(11),rʰ rʱ rː rˑ r̝ r̟ r̠ r̩ r̪ r̪ː r̺ ɹ ɹ̝ ɹ̩ ɹ̪̩ ɹ̺ ɻ ɻː ɻ̟ ɻ̩ ɻ̺ ɽ ɽʰ ɽʱ ɽ̩ ɾ ɾʱ ɾː ɾ̞ ɾ̠ ɾ̪ ɾ̺ ɾ̻ ʱɾ ʱɾ̪,22,True
lumped,f,consonant,954,0.43822,0.79426,0.86334,4888292268,8928145017,v(24) fʷ(23) fʲ(21) ɸ(19) p(6) fˠ(4) β(3) f̃(2),fʰ fː fˑ f̩,15,True
lumped,b,consonant,1369,0.62885,0.75724,0.79989,4660433431,8271982135,β(59) p(52) bʷ(38) mb(36) bʲ(31) bʱ(20) v(12) b̥(12),bʰ bʱ bʱː bː b̩ b̪ b̻ ʱb,20,True
lumped,d,consonant,1305,0.59945,0.75104,0.79828,4622297140,8255262881,nd(35) t(31) r(28) dʲ(26) ɾ(26) ð(24) dʱ(20) dʷ(18),dʰ dʱ dː d̞ d̟ d̠ d̩ d̪ d̪ʰ d̪ʱ d̪ʱː d̪ː d̪̚ d̪̺ d̪̻ d̺ d̺ʱ d̺ː d̻ d̻ː ʱd,18,True
lumped,w,consonant,1874,0.86082,0.74797,0.80052,4603401768,8278498950,w̃(28) β(27) ɥ(23) v(19) ʍ(15) ʋ(9) u(8) o(6),wʰ wʱ wː ẅ w̞ ʱw,24,True
lumped,ɡ,consonant,1240,0.56959,0.73731,0.74726,4537807260,7727693556,ɣ(71) ɡʷ(37) ɡʲ(34) ŋɡ(31) k(28) ɡʱ(20) ŋ(10) ɟ(10),ɡʰ ɡʱ ɡː ɡ̟ ɡ̩ ʱɡ,16,True
lumped,e,vowel,1646,0.75609,0.73374,0.74976,4515804858,7753565742,ɛ(115) ẽ(68) ɪ(22) ə(19) e̥(17) i(17) ei(8) ḛ(8),eʱ eː eˑ ĕ ë ëː e̝ e̞ e̞ː ĕ̞ ë̞ e̠ e̠̞ e̯,22,True
lumped,o,vowel,1620,0.74414,0.708,0.61161,4357411978,6324910209,ɔ(93) õ(76) u(29) ʊ(20) o̥(18) o̰(9) ə(8) ɤ(8),oː oˑ ŏ ö o̝ o̞ o̞ː ŏ̞ ö̞ o̟ o̟ˑ o̟̞ o̠ o̯,21,True
lumped,ʃ,consonant,763,0.35048,0.59082,0.72083,3636220152,7454313325,ʒ(14) ʃʲ(11) s(8) tʃ(5) ʃʷ(5) ʂ(4) ɕ(3) hʲ(1),ʃʰ ʃː ʃˑ ʃ̞ ʃ̺ ʰʃ,17,True
lumped,ŋ,consonant,1413,0.64906,0.5878,0.65306,3617631566,6753502848,ŋʷ(23) ɲ(19) ŋʲ(14) m(13) n(13) ŋ̥(11) ŋɡ(9) ŋm(7),ŋʰ ŋʱ ŋː ŋˑ ŋ̞ ŋ̟ ŋ̩ ʱŋ,14,True
lumped,tʃ,consonant,920,0.4226,0.5612,0.63355,3453916451,6551804010,tʃʰ(101) dʒ(28) ts(11) tʃʷ(9) ʰtʃ(7) c(6) ʃ(6) tʃʲ(5),t̟ʃ̟ t̠ʃ t̠ʃʰ t̠ʃʰː t̠ʃː t̠ʃ̺ t̠ʃ̺ʰ t̠ːʃ t̺ʃ̺ t̻ʃ̻ ʰt̠ʃ ʰt̠ʃʰ ʰt̠ʃː,17,True
lumped,h,consonant,1242,0.57051,0.54964,0.62341,3382786945,6446932432,x(32) ɦ(27) hʷ(10) h̃(8) ç(7) hʲ(6) ɸ(5) χ(4),hː,22,True
lumped,ɛ,vowel,860,0.39504,0.49719,0.59406,3059982176,6143387077,ɛ̃(48) e(42) æ(20) ɛ̥(12) ə(9) ɪ(3) œ(3) ɜ(3),ɛː ɛˑ ɛ̆ ɛ̝ ɛ̝ː ɛ̞ ɛ̠ ɛ̠ː ɛ̯,12,True
lumped,z,consonant,713,0.32751,0.49173,0.6256,3026360678,6469538935,ʒ(38) dz(14) zʲ(11) dʒ(10) s(10) z̥(8) zʷ(7) s͉(5),zː z̞̩ z̟ z̠ z̩ z̪ z̪ː z̪̻ z̺ z̻ z̻ː ʱz,14,True
lumped,ɔ,vowel,820,0.37667,0.49055,0.56702,3019116410,5863779206,ɔ̃(50) o(20) ɔ̥(9) ɒ(4) ø(3) ɤ(2) ʊ(2) ɔ̤(2),ɔː ɔˑ ɔ̆ ɔ̝ ɔ̝ː ɔ̞ ɔ̞ː ɔ̯ ɔ̽,14,True
lumped,ə,vowel,523,0.24024,0.48524,0.58739,2986425540,6074409608,ə̃(17) a(12) ɐ(8) ɨ(8) ə̥(6) i(6) e(6) ɪ(5),əː əˑ ə̆ ə̞̆ ə̟ ə̟̆ ə̯,8,True
lumped,x,consonant,395,0.18144,0.39258,0.36365,2416160979,3760616553,h(16) xʷ(11) ɣ(11) xʲ(10) ç(9) χ(8) ɦ(2) ɡ(2),xʰ xː x̠,13,True
lumped,ts,consonant,575,0.26412,0.34885,0.28033,2146992202,2899039311,tsʰ(70) tʃ(44) dz(16) tsʲ(7) s(7) z(6) tsʷ(5) ʰts(5),tsʰ tsʰː tsː ts̪ ts̺ ts̻ tːs t̟s̟ t̪s t̪s̪ t̪s̪ʰ t̪s̪ː t̪̻s̪̻ t̺s̺ t̺s̺ʰ t̺s̺ː t̻s̪̻ t̻s̻ t̻s̻ʰ t̻s̻ː ʰts ʰtsʰ ʰtsː,11,True
lumped,v,consonant,603,0.27699,0.34608,0.43749,2129978403,4524249638,w(16) vʲ(13) vʷ(10) β(10) f(9) ʋ(9) v̥(7) ɸ(3),vʱ vː v̩,8,True
lumped,æ,vowel,161,0.07395,0.3328,0.40021,2048231610,4138711835,ɛ(8) æ̃(5) a(3) e(1) æə(1) ə(1) ɒ(1) ɑ(1),æː æˑ,6,True
lumped,ɲ,consonant,962,0.44189,0.32636,0.28565,2008597255,2954050324,ŋ(16) n(11) m(8) ɲ̥(7) j̃(6) ɲʷ(6) ɲʲ(5) j(3),ɲʱ ɲː ɲ̟ ɲ̠ ɲ̩ ɲ̻ ɲ̻̟ ʱɲ,10,True
lumped,dʒ,consonant,612,0.28112,0.31854,0.45678,1960438256,4723765923,ʒ(14) ndʒ(13) tʃ(10) dʒʷ(9) dʒʲ(6) dʒʱ(4) dz(3) tʃ͉(3),d̟ʒ̟ d̠ʒ d̠ʒʰ d̠ʒʱ d̠ʒː d̠ːʒ d̪ʒ d̺ʒ̺ d̻ʒ̻,7,True
lumped,ɪ,vowel,330,0.15158,0.27356,0.38842,1683607411,4016753991,i(20) ɪ̃(15) ɪ̥(7) e(6) ɛ(4) ɨ(3) ə(3) ɯ(2),ɪː ɪ̆ ɪ̈ ɪ̈ː ɪ̝ ɪ̝ː ɪ̞ ɪ̞̈ ɪ̠ ɪ̯,4,True
lumped,ʊ,vowel,306,0.14056,0.27219,0.39006,1675225805,4033752888,ʊ̃(14) o(12) u(10) ʊ̥(8) ɔ(5) ʊ˞(2) ʊ̰(2) ʊ̤(2),ʊː ʊ̆ ʊ̈ ʊ̈ː ʊ̞ ʊ̞̈ ʊ̟ ʊ̯ ʊ̽,4,True
lumped,õ,vowel,320,0.14699,0.2614,0.24071,1608787054,2489310295,ɔ̃(5) ũ(2) ʌ̃(1) ɤ̃(1) õ̰(1) ə(1) ʌ(1) o(1),õ õː ŏ̃ õ̞ õ̞ː,1,True
lumped,ɖ,consonant,166,0.07625,0.25664,0.22916,1579472521,2369810114,ɽ(8) ɖʱ(6) ɖʲ(2) dˀ(1) ɖˀ(1) ɖⁿ(1) ɖˡ(1) ɖʷˠ(1),ɖʰ ɖʱ ɖː ʱɖ,0,False
lumped,ʈ,consonant,358,0.16445,0.25646,0.22887,1578380998,2366846799,ʈʰ(32) ɖ(11) ʈʲʰ(2) ɽ(2) ʈˀ(1) ʈⁿ(1) ʈˡ(1) ʈʷˠ(1),ʈʰ ʈʰː ʈː ʈ̟ ʈ̺ ʰʈ,2,True
lumped,y,vowel,128,0.0588,0.25523,0.24617,1570805348,2545716653,yə(2) ʏ(2) y̥(1) ɔ(1) ø(1) œ(1) j(1) ʒ(1),yː yˑ y̆ y̞ y̠,4,True
lumped,ẽ,vowel,295,0.13551,0.23366,0.20159,1438093661,2084760852,ɛ̃(4) e(1) ẽi(1),ẽ ẽː ẽ̞ ẽ̞ː,1,True
lumped,ʂ,consonant,132,0.06063,0.2273,0.20463,1398895115,2116197915,ʂɻ(1) ʐ(1) s(1) ʃ(1),ʂʰ ʂː ʂ̻,3,True
lumped,ʒ,consonant,314,0.14424,0.22314,0.31097,1373329648,3215802009,dʒ(11) ʃ(6) ʃ͉(5) ʒ̥(5) j(3) ʒʲ(3) ʑ(3) ʐ(2),ʒː ʒ̩ ʒ̺,7,True
lumped,ç,consonant,99,0.04548,0.21887,0.20162,1347064129,2084992668,x(2) çʰ(1) s(1) ch(1) h(1) ʲh(1) j̥(1),çʰ çː ç̟,3,True
lumped,cç,consonant,96,0.0441,0.21687,0.19659,1334720626,2033036024,cçʰ(5) c(4) ɟʝ(3) ʃ(3) ç(1) ɟ̥ʝ(1),cçʰ cçː,1,True
lumped,ai,vowel,105,0.04823,0.21326,0.22473,1312527079,2324027025,ɑi(5) ɐi(3) aɪ(1) ʌi(1) ãĩ(1) ɛi(1) ae(1) ɐ(1),ai̯ ai̯ː aːi aːĭ aːi̯ äi äi̯ a̟i ɐi ɐi̯ ɑi ɑi̯ ɑːi̯,2,True
lumped,ĩ,vowel,431,0.19798,0.21192,0.19101,1304247564,1975334417,ɪ̃(7) ḭ̃(1) ĩˤ(1) i(1) ỹ(1) ĩi(1) ŋ(1) ɴ(1),ĩ ĩː ĩ̞ ĩ̯,3,True
lumped,au,vowel,84,0.03859,0.2091,0.22039,1286935596,2279120577,ɑu(4) ɐu(2) ʌʊ(1) oʊ(1) aʊ(1) ao(1) ɔ(1) o(1),auː au̯ aːu aːŭ aːu̯ äu̯ äu̽ ɐu ɑu ɑuː ɑu̯,2,True
lumped,ʔ,consonant,823,0.37804,0.2069,0.20263,1273354403,2095494073,ʔʲ(4) ʔʰ(3) ʔʷ(2) h(2) ɦ(2) q(2) k(2) wˀ(1),ʔː,17,True
lumped,ũ,vowel,402,0.18466,0.20181,0.18484,1242047173,1911540091,ʊ̃(3) m(1) õ(1) ỹ(1) ũˤ(1) ɨ̃(1) ɔ̃(1) w̃(1),ũ ũː ŭ̃ ũ̯,3,True
lumped,χ,consonant,144,0.06615,0.19084,0.16008,1174515326,1655451116,x(3) χʲ(3) h(2) ʁ(2) q(2) ʀ̥(1) χˤ(1) ɕ(1),χː,2,True
lumped,tɕ,consonant,88,0.04042,0.18664,0.15381,1148653634,1590554546,tɕʰ(13) c(1) cʰ(1) t(1) ʔc(1) ʔcʰ(1) ʔtɕ(1) ɕ(1),tɕʰ tɕʰː tɕː t̟ɕ̟ t̟ːɕ̟ t̺ɕ̺ t̻ɕ̻ t̻ɕ̻ʰ ʰtɕ ʰtɕʰ,4,True
lumped,ɤ,vowel,69,0.03169,0.18554,0.15198,1141901618,1571727371,ɤ̥(3) ɯ(3) ə(2) ɤɰ(1) oɤ(1) e(1) ɪ(1) o(1),ɤː ɤˑ ɤ̝ ɤ̞ ɤ̞ː ɤ̞̆ ɤ̟ ɤ̯,2,True
lumped,b̤,consonant,39,0.01791,0.18445,0.1642,1135198900,1698079575,β(2) b(2) mb̤(1),b̤ʱ b̤ː,0,False
lumped,d̤,consonant,37,0.017,0.17992,0.16113,1107305300,1666275426,d(2) nd̤(1),d̪̤ d̪̤ʱ d̪̤ː d̻̤ʱ,0,False
lumped,iu,vowel,28,0.01286,0.17827,0.15025,1097144060,1553766630,,iu̯ iːŭ i̯u i̯uː,1,True
lumped,ɖ̤,consonant,26,0.01194,0.17577,0.15801,1081810000,1634039444,ɽ̤(2) ɳɖ̤(1) ɖ(1),ɖ̤ʱ ɖ̤ː,0,False
lumped,ei,vowel,47,0.02159,0.17314,0.15122,1065603340,1563867208,ɛi(1) e(1),ei̯ eːi̯ e̞i,1,True
lumped,ou,vowel,34,0.01562,0.17045,0.14762,1049029830,1526545818,ɔʊ(1),ou̯ oːu oːu̯ o̞u,1,True
lumped,ia,vowel,51,0.02343,0.17006,0.14073,1046623742,1455329977,iɑ(2),iaː ia̟ iɐ iɑ i̞ä i̯a i̯aː i̯ɑ,1,True
lumped,uə,vowel,25,0.01148,0.16902,0.14166,1040262482,1464910860,,uə̯ uːə u̯ə,2,True
lumped,θ,consonant,83,0.03813,0.16841,0.28925,1036474005,2991273039,ð(5) t(3) θ̬(2) tθ(1) nθ(1) w(1) j(1) f(1),θː θ̪ θ̻,3,True
lumped,ʐ,consonant,64,0.0294,0.16586,0.13984,1020805215,1446122005,ʐˀ(1) ʂ(1) ʐd(1) ʐʰ(1),ʐ̻ ʱʐ,2,True
lumped,ɕ,consonant,81,0.03721,0.16471,0.13848,1013683902,1432090460,s(2) ʒ(1) sʲ(1) ʃ(1),ɕʰ ɕː ɕ̟ ɕ̟ː,3,True
lumped,ie,vowel,33,0.01516,0.16264,0.13474,1000996313,1393354534,e(2) iɛ(1),ieː ie̞ iːe i̞e̞ i̯e i̯e̞,2,True
lumped,ɥ,consonant,35,0.01608,0.16256,0.16111,1000480000,1666126911,y(2) ʝʷ(1) ɥ̥(1),,1,True
lumped,ʊ̃,vowel,65,0.02986,0.16251,0.15404,1000143100,1593008052,ɯ̃(1),ʊ̃ː,0,False
lumped,ua,vowel,47,0.02159,0.16056,0.13523,988153713,1398454409,ɣua(1) ʊɛ(1) ʊa(1),uaː uä ua̟ uɐ uɑ uːa u̯a u̯aː u̯ɑ,2,True
lumped,iau,vowel,6,0.00276,0.157,0.13172,966258500,1362142837,,iäu̽ iɑu i̯au i̯au̯,1,True
lumped,ʈʂ,consonant,76,0.03491,0.15695,0.13382,965937172,1383865262,ʈʂʰ(10) ʈ(2) ɖʐ(1) ts(1),ʈʂʰ ʈʂː ʈ̻ʂ̻ ʰʈʂʰ,2,True
lumped,ɪ̃,vowel,72,0.03307,0.15543,0.14933,956584130,1544242811,,ɪ̃ː,0,False
lumped,ʎ,consonant,93,0.04272,0.15161,0.09587,933103315,991474571,l̥ʲ(2) ʎ̥(1) ʎʱ(1) l(1) j(1) ʝ(1) lʲ(1),ʎʱ ʎː ʎ̟ ʎ̻ ʎ̻̟,1,True
lumped,uo,vowel,13,0.00597,0.15117,0.12831,930350200,1326902125,,uoː uo̞ u̯o u̯oː,1,True
lumped,uai,vowel,5,0.0023,0.15084,0.1281,928328500,1324717501,,uɑi u̯ai u̯ai̯,1,True
lumped,ə˞,vowel,6,0.00276,0.14921,0.12813,918344100,1324992608,,ə˞ː,1,True
lumped,uei,vowel,3,0.00138,0.14916,0.12829,918038500,1326699211,,uei̯ u̯ei̯,1,True
lumped,a˞,vowel,5,0.0023,0.14916,0.12809,918034100,1324652759,ɐ˞(1) ɜ˞(1),a˞ː a̟˞ ɑ˞,1,True
lumped,ye,vowel,3,0.00138,0.14916,0.12809,918014100,1324632759,,,1,True
lumped,iou,vowel,1,0.00046,0.14916,0.12809,918000000,1324618659,,,1,True
lumped,ã,vowel,415,0.19063,0.14734,0.1526,906801659,1578100108,æ̃(3) ʌ̃(1) ə̃(1) ɒ̃(1) ãˤ(1) a(1),ã ãː ã̈ ã̈ː ẵ ã̟ ã̟ː,3,True
lumped,ɦ,consonant,68,0.03124,0.14728,0.14938,906426467,1544756466,h(5) x(2) ɦʲ(1) ɦˠ(1) ɦʷˠ(1) ɦ̃(1) ɦ̥(1) ∅(1),,1,True
lumped,æ̃,vowel,48,0.02205,0.13362,0.13826,822363355,1429820404,ã(1),æ̃ː æ̞̃,2,True
lumped,ɯ,vowel,150,0.0689,0.11863,0.07367,730135486,761845107,ɯ̥(6) ɤ(6) ɯ̃(4) ʊ(3) ɰ(2) u(2) ə(2) ɯɰ(1),ɯː ɯˑ ɯ̆ ɯ̝ ɯ̞ ɯ̞̆ ɯ̞̯ ɯ̟ ɯ̽ ɯ̽ː,4,True
lumped,ʋ,consonant,44,0.02021,0.11297,0.11907,695306868,1231300760,w(4) β(2) ʋ̃(1) ʋʲ(1) u(1) ʍ(1) b(1) v(1),ʋː ʋ̩,0,False
lumped,ɳ,consonant,308,0.14148,0.11078,0.08837,681793207,913883429,ɽ̃(3) ɳ̥(2) ɳʲ(1) ɳʱ(1) ʲɳ(1) ɳʷ(1),ɳʱ ɳ̟ ɳ̺,1,True
lumped,ɔ̃,vowel,193,0.08865,0.10971,0.117,675184330,1209905446,ʊ̃(1) ɔ̃i(1),ɔ̃ː ɔ̞̃ ɔ̞̃ː,1,True
lumped,c,consonant,330,0.15158,0.10442,0.07798,642651707,806403818,cʰ(39) ɟ(20) tʃ(10) j(5) ç(5) ʃ(5) s(4) cç(3),cʰ cʰː cː c̟ c̠ c̻ c̻̟ ʰc,3,True
lumped,ɒ,vowel,41,0.01883,0.0956,0.21858,588347192,2260359888,ɑ(3) ɔ(2) ɒ̃(2) a(1) ə(1) ɒə(1) ʔɒ(1),ɒː ɒ̆ ɒ̝,1,True
lumped,ɡ̤,consonant,11,0.00505,0.09491,0.10892,584134500,1126399240,ɡ(2) ŋɡ̤(1) ɣ(1),ɡ̤ʱ ɡ̤ː,0,False
lumped,ɣ,consonant,309,0.14194,0.09481,0.15049,583480297,1556257525,ɡ(12) ɣʷ(8) x(6) ɰ(6) ɣʲ(5) j(4) ʝ(3) ʁ(3),ɣː ɣ̩,3,True
lumped,ð,consonant,127,0.05834,0.09254,0.24108,569515801,2493107403,d(7) dð(1) ðʲ(1) θ͉(1) ʐ(1) θ(1) v(1) ð̥(1),ðː ð̞ ð̪ ð̪̺ ð̺̞,2,True
lumped,r̤,consonant,14,0.00643,0.08918,0.10071,548859467,1041517534,ɽ̤(2) ɾ̤(1),ɽ̤ ɽ̤ʱ ɾ̤,0,False
lumped,ʁ,consonant,96,0.0441,0.08788,0.07985,540841629,825743605,ʁ̥(6) ɢ(3) ɣ(3) χ(3) ʀ(2) ʁʲ(2) q(2) ɐ(2),ʁː ʁ̞,1,True
lumped,ã,vowel,42,0.01929,0.08421,0.10191,518293170,1053849953,ɑ̃(19) ɐ̃(4) ɔ̃(1) ə(1) ʌ(1) æ̃(1) ə̃(1) ɑ̃i(1),ɐ̃ ɑ̃ ɑ̃ː,1,True
lumped,ɭ,consonant,284,0.13045,0.08013,0.06638,493140510,686446628,ɭ̥(2) ɭʲ(1) ʲɭ(1) ɭʷ(1),ɭː ɭ̟ ɭ̩ ɭ̺,2,True
lumped,ɟ,consonant,283,0.13,0.07672,0.07652,472189165,791314012,c(7) dʒ(5) ɲɟ(3) ɲ(3) ɟʱ(2) ɟʝ(2) ɟ̥(2) j(2),ɟʰ ɟʱ ɟː ɟ̟ ʱɟ,3,True
lumped,dz,consonant,261,0.11989,0.07384,0.05682,454457611,587617180,dʒ(28) ndz(10) z(6) dzʲ(4) dzʱ(3) ʒ(2) dzʷ(2) t͉s(1),dzʰ dzʱ dzː dz̪ dz̺ dz̻ d̟z̟ d̪z d̪z̪ d̪z̪ː d̺z̺ d̺z̺ː d̻z̻ d̻z̻ː ʱdz,2,True
lumped,œ,vowel,61,0.02802,0.07026,0.08117,432414510,839445352,ʏ(2) ø(1) y(1) œ̃(1) œə(1) ɶ(1) <œ>(1),œː œ̞ œ̞ː œ̠ œ̠ː,2,True
lumped,aʊ,vowel,6,0.00276,0.06785,0.17239,417569340,1782764280,ɑʊ(2) ɐʊ(1),aʊ̯ ɐʊ ɑʊ ɑʊ̯,1,True
lumped,ɟʝ,consonant,81,0.03721,0.06744,0.06834,415036482,706749307,ʝ(2) ɟ(2) cç(2) ɲɟʝ(1) ɟ̊ʝ̊(1),ɟʝː ɟʝ̞,0,False
lumped,aɪ,vowel,8,0.00367,0.06733,0.17142,414387560,1772755404,a(2) ɛ(1) i(1) ɑɪ(1) ɐɪ(1) ɛɪ(1),aɪ̯ aːɪ ɐɪ ɑɪ,1,True
lumped,ɔɪ,vowel,4,0.00184,0.06192,0.16779,381086290,1735123986,,ɔɪ̯,1,True
lumped,ɨ,vowel,398,0.18282,0.05926,0.04274,364690556,442010104,ɨ̃(16) ɪ(9) i(6) u(5) ɨ̥(5) ə(5) ʉ(3) ɯ(3),ɨː ɨˑ ɨ̆ ɨ̞ ɨ̞ː ɨ̠,9,True
lumped,ɟ̤ʝ,consonant,19,0.00873,0.05797,0.06253,356750000,646688108,,,0,False
lumped,ø,vowel,87,0.03996,0.05687,0.07031,350003259,727138266,øə(2) ø̥(2) ø̃(1) ɛ̃(1) ɛ(1) ə(1) œ(1) ʏ(1),øː øˑ ø̆ ø̞ ø̞ː ø̠ ø̠̞,1,True
lumped,q,consonant,187,0.0859,0.05152,0.09327,317105110,964488464,qʰ(31) χ(7) ʁ(6) ɢ(5) qχ(4) x(3) ʰq(2) qʲ(2),qʰ qː q̺ ʰq ʰqʰ,4,True
lumped,ɛ̃,vowel,205,0.09417,0.05105,0.08457,314215209,874583597,ẽ(4) ãʲ(1) ɛ̃i(1),ɛ̃ː ɛ̆̃,0,False
lumped,kʷ,consonant,300,0.1378,0.05093,0.03863,313444096,399461782,kʷʰ(23) ɡʷ(6) k(3) ɣʷ(2) kxʷ(1) ʰkʷ(1) ŋkʷ(1) qʷ(1),kʷʰ kʷʰː kʷː ʰkʷ,6,True
lumped,ə̃,vowel,72,0.03307,0.04973,0.06524,306036673,674630278,ə̥̃(1) ə̃i(1) ŋ(1) ɴ(1),ə̃ː ə̠̃,0,False
lumped,ʌ,vowel,102,0.04685,0.04972,0.03469,305998945,358723188,ɑ(3) ɔ(3) ə(3) ɜ(2) a(2) e(2) ɵ(1) ɘ(1),ʌː ʌ̯,2,True
lumped,ɓ,consonant,241,0.1107,0.04635,0.05275,285243496,545512085,ɓʷ(6) b(5) p(3) ɓ̥(3) ɓʲ(3) bʷ(2) m(2) ɡb(1),ɓː,5,True
lumped,ɗ,consonant,208,0.09554,0.04047,0.04822,249047806,498611261,d(4) ɗʲ(2) ɗʱ(2) t(2) l(2) nɗ(1) ɗʷ(1) ʔʲ(1),ɗʱ ɗː ɗ̠ ɗ̪,5,True
lumped,kʲ,consonant,79,0.03629,0.03791,0.02785,233308361,287989365,kʲʰ(5) kxʲ(2) tʃʲ(1) ŋɡʲ(1) k(1) c(1) tʲ(1),kʲʰ kʲː k̟ʲʰ ʰkʲ,4,True
lumped,ui,vowel,51,0.02343,0.03778,0.02867,232536972,296500291,ʊɨ(1),ui̯ uːĭ u̯i u̽i,0,False
lumped,ħ,consonant,58,0.02664,0.03555,0.05795,218791523,599261484,ħʷ(1) ħ̃(1) x(1),ħː,2,True
lumped,ʕ,consonant,44,0.02021,0.03394,0.02049,208867396,211929680,ɥ(1) ʕˀ(1) ʕ̥(1) ʜ(1),ʕː ʕ̝,2,True
lumped,lʲ,consonant,56,0.02572,0.03332,0.02512,205076845,259759124,l̥ʲ(4) ɮ(1) lʷʲ(1),lʲː lʲˑ l̠ʲ l̪ʲ,1,True
lumped,tʲ,consonant,73,0.03353,0.03241,0.02476,199477666,256092849,tʲʰ(3) tʃʲ(1) cç(1) c(1) tˡʲ(1) tⁿʲ(1) tʷʲ(1) dʲ(1),tʲʰ tʲː tʲˑ t̠ʲ t̪ʲ t̪ʲʰ t̻ʲ ʰtʲ,1,True
lumped,nʲ,consonant,50,0.02297,0.03208,0.02444,197430292,252739037,n̥ʲ(3) n(1),nʲː nʲˑ n̠ʲ n̪ʲ n̻ʲ,1,True
lumped,pʲ,consonant,51,0.02343,0.03208,0.02454,197427480,253742786,pʲʰ(5) pɸʲ(1),pʲʰ pʲː ʰpʲ,2,True
lumped,sʲ,consonant,33,0.01516,0.03207,0.02415,197347360,249743010,ʃʲ(1) zʲ(1) ʃ(1) tʃ(1),sʲʰ sʲː sʲˑ s̪ʲ,1,True
lumped,dʲ,consonant,49,0.02251,0.03204,0.02441,197203664,252427497,ɟ(1) dⁿʲ(1) dˡʲ(1) tʲ(1) tʲʰ(1) lʲ(1),d̠ʲ d̪ʲ d̻ʲ,1,True
lumped,bʲ,consonant,39,0.01791,0.03193,0.02452,196523218,253530417,pʲ(1) b̥ʲ(1),bʲː,2,True
lumped,rʲ,consonant,51,0.02343,0.03179,0.02396,195626095,247784348,ɾʲ(7) ɻʲ(4) ɾ̃ʲ(1) r̥ʲ(1) ʝ(1) ɹ(1),rʲː r̠ʲ r̪ʲ r̺ʲ ɻʲ ɾʲ ɾ̪ʲ,2,True
lumped,zʲ,consonant,22,0.01011,0.03163,0.02375,194641525,245630952,,zʲː z̪ʲ,1,True
lumped,β,consonant,271,0.12448,0.03099,0.02375,190754993,245585259,b(14) w(11) v(7) ɸ(5) βʲ(3) ʍ(1) ɯ(1) vʲ(1),βː β̞ β̞ː,2,True
lumped,ɡʷ,consonant,151,0.06936,0.03,0.01934,184647628,200015575,ɡ̥ʷ(2) kʷ(2) ɡ(2) kʷʰ(1) ɡʲ(1),ɡʷː ɡ̩ʷ,4,True
lumped,oi,vowel,50,0.02297,0.02851,0.03065,175489614,316940974,ɔɛ(1) ʊi(1) øi(1) œi(1),oi̯ o̞i o̞i̯,1,True
lumped,lˠ,consonant,6,0.00276,0.02771,0.02208,170521630,228325337,l̥ˠ(5) l(2),l̪ˠ,0,False
lumped,mʲ,consonant,50,0.02297,0.02758,0.0217,169733870,224407563,m̥ʲ(1),mʲː,2,True
lumped,fʲ,consonant,26,0.01194,0.02737,0.02151,168474493,222457012,,fʲː,2,True
lumped,vʲ,consonant,18,0.00827,0.02732,0.02144,168144430,221738203,βʲ(1),,1,True
lumped,ʀ,consonant,11,0.00505,0.027,0.04722,166162324,488357893,r(2) ʁ(2) χ(2) ʌ(1) ʀ̥(1) ə(1) ɐ(1),,0,False
lumped,n|n,consonant,120,0.05512,0.0263,0.01822,161840549,188373483,,n̪|n n̪ː|nː,3,True
lumped,t|t,consonant,120,0.05512,0.02625,0.01563,161579353,161602433,,t̪|t t̪ʰ|tʰ t̪ː|tː,1,True
lumped,s|s,consonant,99,0.04548,0.0259,0.01796,159419745,185760168,,s̪|s s̪ʰ|sʰ s̪ː|sː ʰs̪|ʰs,2,True
lumped,sˤ,consonant,11,0.00505,0.02524,0.01575,155320000,162885665,,sˤː s̪ˤ s̪ˤː,0,False
lumped,ʃˠ,consonant,1,0.00046,0.02502,0.02013,154000000,208192519,ʃʲ(1),,0,False
lumped,ʒˠ,consonant,1,0.00046,0.02502,0.02013,154000000,208192519,,,0,False
lumped,ɵ,vowel,38,0.01746,0.02431,0.02438,149624850,252099809,ɵ̃(1) ə(1) ø(1) ɵ̥(1),ɵː ɵ̆ ɵ̞ ɵ̞ː ɵ̞̆ ɵ̟,2,True
lumped,ts|ts,consonant,39,0.01791,0.02423,0.01432,149132164,148090242,,t̪s̪|ts t̪s̪ʰ|tsʰ t̪s̪ː|tsː,1,True
lumped,tˤ,consonant,12,0.00551,0.02413,0.01544,148505800,159673243,,tˤː t̪ˤ t̪ˤʰ t̪ˤː,0,False
lumped,ɴ,consonant,5,0.0023,0.02281,0.01256,140375207,129883027,,ɴː,1,True
lumped,kʼ,consonant,167,0.07671,0.02219,0.01711,136595052,176897019,kʲʼ(2) kʷʼ(2) cʼ(1) ɟ̰(1) ɡ̰(1) ɡˀ(1) qʼ(1) ʔ(1),kʼː,6,True
lumped,dˤ,consonant,9,0.00413,0.02175,0.01404,133885800,145199562,tˤ(1) d̥ˤ(1),dˤː d̪ˤ d̪ˤː,0,False
lumped,zˤ,consonant,9,0.00413,0.02175,0.01404,133885800,145199562,z̥ˤ(1) sˤ(1),zˤː z̪ˤ z̪ˤː,0,False
lumped,ʏ,vowel,17,0.00781,0.02167,0.02354,133376404,243435587,y(1) ʏ̥(1),ʏː,1,True
lumped,d̤ʒ̤,consonant,4,0.00184,0.02164,0.03768,133187300,389631161,,d̠̤ʒ̤ d̤ʒ̤ʱ d̤ʒ̤ː,0,False
lumped,ɔi,vowel,18,0.00827,0.02118,0.02076,130371207,214703346,,ɔi̯ ɔːĭ ɔ̽i,0,False
lumped,m̤,consonant,18,0.00827,0.02018,0.01426,124225967,147421830,β̤̃(1) m̤ʱ(1),m̤ʱ,0,False
lumped,l|l,consonant,102,0.04685,0.02013,0.01442,123888214,149157979,,l̪|l,3,True
lumped,ʝ,consonant,46,0.02113,0.01978,0.04155,121749029,429656081,j(2) dʒ(1) ɣ(1) ɟ(1),ʝː ʝ̟,2,True
lumped,eu,vowel,22,0.01011,0.01917,0.00802,118010330,82900663,,eu̯ e̞u e̞u̯,0,False
lumped,mb,consonant,266,0.12219,0.01881,0.03412,115787102,352889961,mbʲ(4) mbʷ(3) b(3) m(2) p(2) mpʰ(1) β̃(1) bm(1),mbː,2,True
lumped,ŋɡ,consonant,245,0.11254,0.01859,0.03378,114422852,349355740,ŋɡʷ(10) ŋ(6) ŋɡʲ(6) ɲɟ(2) k(2) ŋk(2) ɡ(1) ŋkʰ(1),ŋɡː ŋɡ̟,2,True
lumped,pf,consonant,34,0.01562,0.018,0.01693,110794007,175122343,pfʰ(3) f(1) pfʷ(1) pf̃(1) bf(1) bv(1) bvf(1),pfʰ,0,False
lumped,l̤,consonant,13,0.00597,0.0177,0.01241,108930467,128371786,,l̠̤,0,False
lumped,iə,vowel,18,0.00827,0.01683,0.01193,103608382,123409019,,iə̯ iːə,1,True
lumped,ɸ,consonant,119,0.05466,0.01679,0.01205,103308279,124664490,f(6) p(5) v(1) β(1) ɸʲ(1) ɸʷ(1) pʰ(1) h(1),ɸʰ ɸː ɸ̞,5,True
lumped,n̤,consonant,14,0.00643,0.01641,0.01146,100998767,118494380,n̤ʱ(1),n̠̤ n̤ʱ n̪̤,0,False
lumped,tʼ,consonant,148,0.06798,0.01607,0.01361,98914366,140710782,ɗ(3) d̰(1) dˀ(1) ʈʼ(1) t̰ʲ(1) d(1) tʷʼ(1) tʰʼ(1),tʰʼ tʼː t̪ʼ t̪ʼː t̺ʼ t̻ʼ,4,True
lumped,ʌ̃,vowel,17,0.00781,0.01568,0.00832,96523345,86034262,,ʌ̃ː,0,False
lumped,tˀ,consonant,3,0.00138,0.01532,0.00802,94310000,82952702,tʲˀ(1),t̪ˀ,0,False
lumped,sˀ,consonant,5,0.0023,0.01532,0.00802,94301270,82943972,tsʼ(1),s̪ˀ,0,False
lumped,pʼ,consonant,116,0.05328,0.01504,0.01273,92547884,131655842,ɓ(2) b̰(1) bˀ(1) p̰ʲ(1) pʲʼ(1) p(1),pʼː,5,True
lumped,z|z,consonant,29,0.01332,0.01423,0.01156,87596766,119591691,,z̪|z,2,True
lumped,tʃʼ,consonant,123,0.0565,0.01402,0.01251,86264705,129420002,tsʼ(2) dʒ̰(1) dʒˀ(1) tʃ̰ʲ(1) tʂʼ(1) tʃʲʼ(1) t̥(1),t̠ʃʼ t̠ʃʼː,4,True
lumped,w̤,consonant,5,0.0023,0.01362,0.00974,83852000,100702005,,,0,False
lumped,d̤z,consonant,3,0.00138,0.01351,0.01048,83120000,108372097,,,0,False
lumped,ɳ̤,consonant,1,0.00046,0.0135,0.00954,83100000,98639100,,,0,False
lumped,kʷʼ,consonant,51,0.02343,0.01336,0.00942,82226610,97404043,ɡʷ(1),kʷʼː,3,True
lumped,b̤̥,consonant,1,0.00046,0.01323,0.00822,81400000,84962400,b(1),,0,False
lumped,d̤̥,consonant,1,0.00046,0.01323,0.00822,81400000,84962400,d(1),d̪̤̥,0,False
lumped,kɦ,consonant,1,0.00046,0.01323,0.00822,81400000,84962400,,,0,False
lumped,pɦ,consonant,1,0.00046,0.01323,0.00822,81400000,84962400,,,0,False
lumped,tsɦ|tsɦ,consonant,1,0.00046,0.01323,0.00822,81400000,84962400,,t̪s̪ɦ|tsɦ,0,False
lumped,tz̤̥,consonant,1,0.00046,0.01323,0.00822,81400000,84962400,dz(1),,0,False
lumped,tɦ|tɦ,consonant,1,0.00046,0.01323,0.00822,81400000,84962400,,t̪ɦ|tɦ,0,False
lumped,ɡ̤̥,consonant,1,0.00046,0.01323,0.00822,81400000,84962400,ɡ(1) c̤(1) ɟ(1),,0,False
lumped,əi,vowel,16,0.00735,0.01313,0.00629,80801232,65012478,əj(1) ɔj(1),əi̯,0,False
lumped,ɡʲ,consonant,59,0.0271,0.01302,0.00758,80149192,78350252,ɡ(2) dʒʲ(1) ɡ̥ʲ(1) k(1) kʲʰ(1) ɟ(1) dʲ(1),ɡʲː ɡ̟ʲ,3,True
lumped,ɯə,vowel,5,0.0023,0.01292,0.00932,79521532,96334149,,,1,True
lumped,ɯi,vowel,4,0.00184,0.01259,0.00768,77468720,79417502,,ɯi̯,0,False
lumped,tʃˀ,consonant,4,0.00184,0.01256,0.00767,77330000,79316019,,t̠ʃˀ,0,False
lumped,kˀ,consonant,7,0.00322,0.01256,0.00767,77321480,79307499,,,0,False
lumped,pˀ,consonant,5,0.0023,0.01256,0.00767,77321050,79307069,,,0,False
lumped,ɒ̃,vowel,5,0.0023,0.01256,0.03221,77320370,333076721,,ɒ̃ː,0,False
lumped,œ̃,vowel,4,0.00184,0.01256,0.03221,77312000,333068351,,œ̃ː,0,False
lumped,əu,vowel,15,0.00689,0.01256,0.00591,77301200,61070610,,əu̯,0,False
lumped,ɢ,consonant,34,0.01562,0.01254,0.0112,77159697,115827572,ʁ(4) q(2) ɢʁ(1) ɢʲ(1) ʔ(1) ʕ(1) ʀ(1) ɢ̥(1),ɢʱ ɢː,0,False
lumped,kp,consonant,308,0.14148,0.01209,0.01506,74390590,155733209,kpʰ(7) kpʷ(6) ɡb(4) kpʲ(3) tp(1) kpⁿ(1) p(1) k(1),kpʰ kpː,0,False
lumped,hʷ,consonant,53,0.02435,0.01207,0.009,74297952,93039332,h̃ʷ(2) xʷ(2),,0,False
lumped,ɵy,vowel,1,0.00046,0.01188,0.01502,73100000,155292898,,,0,False
lumped,ɡb,consonant,303,0.13918,0.01173,0.01559,72199590,161226594,ŋmɡb(10) ɡbʲ(4) ɡbʷ(4) db(1) ŋm(1) ɡbⁿ(1) ŋɡb(1) ɠɓ(1),ɡbː ɡb̩,0,False
lumped,ʉ,vowel,64,0.0294,0.01143,0.01061,70316277,109744479,ʉ̃(4) y(2) u(1) ɯ(1),ʉː ʉ̆ ʉ̞ ʉ̟ ʉ̟ː,0,False
lumped,nd,consonant,260,0.11943,0.01121,0.03095,69009852,320088355,ndʲ(4) nt(3) ndʷ(3) n(2) d(2) t(2) ntʰ(1) dn(1),ndː nd̪ n̠d̠ n̪d̪,2,True
lumped,ɘ,vowel,39,0.01791,0.01112,0.01035,68444502,107039687,ɪ(1) ɤ(1) ɯ(1),ɘː ɘ̆ ɘ̟ ɘ̠,1,True
lumped,dʑ,consonant,56,0.02572,0.01111,0.00815,68356102,84275403,dʑʱ(1) ɟ(1) ʑ(1),dʑʰ dʑʱ dʑʱː dʑː d̟ʑ̟ d̟ːʑ̟ d̻ʑ̻ d̻ʑ̻ʱ ʱdʑ,2,True
lumped,ðˤ,consonant,2,0.00092,0.0105,0.00699,64610000,72294412,,,0,False
lumped,ʔʲ,consonant,17,0.00781,0.01048,0.0078,64509400,80669386,,ʔʲː,1,True
lumped,ʑ,consonant,55,0.02526,0.01047,0.00602,64433972,62257964,ʑʰ(1),ʑː ʑ̟,2,True
lumped,qʷ,consonant,38,0.01746,0.01027,0.00497,63208980,51419748,qʷʰ(7) q(1),qʷʰ qʷː,2,True
lumped,d|d,consonant,66,0.03032,0.01007,0.00659,62004245,68116872,,d̪|d,1,True
lumped,ʄ,consonant,39,0.01791,0.01003,0.02621,61733360,271082220,dʒ(1) ʒ(1),,1,True
lumped,ɠ,consonant,18,0.00827,0.00992,0.02613,61038690,270230333,ɡ(1) ɠ̥(1),ɠː,1,True
lumped,r̃,consonant,14,0.00643,0.00964,0.01314,59320000,135890370,ɽ̃(1) n(1),ɽ̃ ɾ̃,0,False
lumped,i̤,vowel,23,0.01056,0.00944,0.00655,58109712,67765282,i̤i(1),i̤ː i̤ˑ,0,False
lumped,o̤,vowel,23,0.01056,0.00944,0.00655,58109712,67685027,o̤i(1),o̤ː o̤ˑ,0,False
lumped,a̤,vowel,22,0.01011,0.00944,0.00654,58099712,67675027,ɑ̤(4) ɑ̤i(1),a̤ː a̤ˑ ä̤ ɑ̤ ɑ̤ː,0,False
lumped,e̤,vowel,22,0.01011,0.00944,0.00654,58099712,67675027,e̤i(1),e̤ː e̤ˑ,0,False
lumped,ṳ,vowel,22,0.01011,0.00944,0.00651,58099712,67363382,ṳi(1),ṳ ṳː ṳˑ,0,False
lumped,ɔ̤,vowel,17,0.00781,0.00943,0.00649,58031500,67149345,ɔ̤i(1),ɔ̤ː ɔ̤ˑ,0,False
lumped,ɛ̤,vowel,16,0.00735,0.00943,0.00649,58021500,67139345,ɛ̤i(1),ɛ̤ː ɛ̤ˑ,0,False
lumped,ɺ,consonant,38,0.01746,0.00928,0.00644,57109571,66551375,ɺ̥(1),ɺː ɺ̠ ɺ̺̠,0,False
lumped,ə̤,vowel,4,0.00184,0.00926,0.00641,57020000,66246183,ə(1) ɤ(1) ʌ(1) ə̤i(1),,0,False
lumped,ã̤,vowel,2,0.00092,0.00926,0.0064,57000000,66226183,,ã̤ ã̤̈ː,0,False
lumped,ĩ̤,vowel,1,0.00046,0.00916,0.00635,56400000,65626183,,ĩ̤ː,0,False
lumped,ɔ̤̃,vowel,1,0.00046,0.00916,0.00635,56400000,65626183,,ɔ̤̃ː,0,False
lumped,ə̤̃,vowel,1,0.00046,0.00916,0.00635,56400000,65626183,,ə̤̃ː,0,False
lumped,ɛ̤̃,vowel,1,0.00046,0.00916,0.00635,56400000,65626183,,ɛ̤̃ː,0,False
lumped,ṳ̃,vowel,1,0.00046,0.00916,0.00635,56400000,65626183,,ṳ̃ː,0,False
lumped,iɔ,vowel,9,0.00413,0.00915,0.00519,56306504,53678701,,iɔ̽ i̯ɔ,0,False
lumped,ɫ,consonant,26,0.01194,0.00912,0.00578,56110221,59816521,,ɫː ɫ̪ ɫ̺ ɫ̻,0,False
lumped,dz|dz,consonant,15,0.00689,0.00903,0.00578,55557480,59762860,,d̪z̪|dz,0,False
lumped,kʲʼ,consonant,18,0.00827,0.00864,0.00518,53162230,53596115,tʃʲʼ(1) kʼ(1),k̟ʲʼ,2,True
lumped,ãũ,vowel,2,0.00092,0.00849,0.00336,52260130,34714321,,ãũ ãũ̯,0,False
lumped,ãĩ,vowel,3,0.00138,0.00848,0.00335,52200145,34639161,,ãĩ ã̟ĩ,0,False
lumped,ea,vowel,9,0.00413,0.00847,0.00566,52132900,58512128,a(1),e̞a e̯ä,1,True
lumped,tsʼ,consonant,98,0.04502,0.00834,0.00585,51346983,60526041,sʼ(3) tʃʼ(2) dz̰(1) dzˀ(1) ts̰ʲ(1),tsʼː t̪s̪ʼ t̺s̺ʼ t̻s̻ʼ,5,True
lumped,lˤ,consonant,7,0.00322,0.00816,0.04159,50220000,430144857,,lˤː l̪ˤ l̪ˤː,0,False
lumped,ɬ,consonant,124,0.05696,0.00775,0.00666,47698810,68837814,tɬ(6) ɬʲ(3) h(2) sɬ(1) tɬʼ(1) tɮ(1) ʎʲ(1) l(1),ɬː ɬ̪ ɬ̪ː ɬ̪̺ ɬ̻,2,True
lumped,ŋʷ,consonant,105,0.04823,0.00769,0.0054,47349541,55870704,ŋɡʷ(2) w(1) w̃(1),ŋʷː ŋ̩ʷ,2,True
lumped,m̥,consonant,49,0.02251,0.00743,0.00637,45707840,65893996,m̥ˠ(1) hm(1) m̥ʰ(1) ʱm̥(1) m̥b(1),m̥ʰ m̥ː,2,True
lumped,ɖʐ,consonant,31,0.01424,0.0074,0.00523,45562017,54101082,ʐ(2),ɖ̻ʐ̻,0,False
lumped,ndʒ,consonant,118,0.0542,0.00738,0.02467,45439070,255145454,ndʒʲ(2) ntʃ(1) nʒ(1),n̠d̠ʒ n̠̩d̠ʒ,1,True
lumped,n̥,consonant,46,0.02113,0.00679,0.00531,41786300,54951502,n̥ʲ(1) n̥ʷ(1) ɲ̥j(1) hn(1) ʱn̥(1) n̥d(1),n̠̥ n̥ː n̪̥,2,True
lumped,ᶑ,consonant,8,0.00367,0.0067,0.00605,41213900,62535646,ʈʼ(1) ʈ(1) ɽ(1) ʔᶑ(1) ʔl̰(1) ʔn̰(1),ᶑː,0,False
lumped,tsʲ,consonant,17,0.00781,0.00666,0.00358,40993142,37051465,dzʲ(1) tsʲʰ(1),tsʲʰ tsʲː t̠s̠ʲʰ t̪s̪ʲ t̪s̪ʲʰ ʰtsʲ,1,True
lumped,bʷ,consonant,45,0.02067,0.00655,0.00413,40286125,42703755,bʷˤ(1) bʲ(1) bɰ(1),bʷː,0,False
lumped,mʷ,consonant,58,0.02664,0.00651,0.00424,40054210,43884955,mʷˤ(1) m(1) mɰ(1),mʷː,1,True
lumped,fʷ,consonant,37,0.017,0.00646,0.00422,39759000,43595837,fʷˤ(1) ʃʷʲ(1) fɰ(1),fʷː,0,False
lumped,ʃʲ,consonant,9,0.00413,0.00617,0.00322,37972500,33257923,ʒʲ(1) ʃˠ(1) ʃʷˠ(1),ʃʲː,0,False
lumped,tʃʲ,consonant,11,0.00505,0.00615,0.00347,37860500,35863899,tʃʲʰ(2) dʒʲ(1) tʃʷˠ(1) tʃʷˠʰ(1),t̠ʃʲ t̠ʃʲʰ t̠ʃʲː,0,False
lumped,χʷ,consonant,42,0.01929,0.00609,0.00391,37506090,40469195,χ(1),χʷː,1,True
lumped,l˞,consonant,1,0.00046,0.00603,0.00444,37100000,45936455,,l̠˞,0,False
lumped,ŋ̥,consonant,23,0.01056,0.00592,0.00415,36438530,42893689,ŋ̥ˠ(1) ɲ̥(1) hŋ(1),,0,False
lumped,ɲ̥,consonant,19,0.00873,0.00589,0.00406,36262490,42000187,,ɲ̟̥,0,False
lumped,rˤ,consonant,5,0.0023,0.00579,0.00379,35610004,39142658,ɾˤ(2) ɹˤ(1),rˤː r̪ˤ r̪ˤː ɹˤ ɾˤ,0,False
lumped,eɪ,vowel,5,0.0023,0.00571,0.00379,35171070,39224352,,eɪ̯,0,False
lumped,ɯa,vowel,13,0.00597,0.00563,0.0037,34674452,38254494,,ɯɑ,0,False
lumped,ʍ,consonant,28,0.01286,0.0056,0.00394,34465535,40789972,w(1) ʍʲ(1) h(1),,1,True
lumped,ae,vowel,14,0.00643,0.00555,0.00497,34146830,51349437,ɑe(2) aɛ(1),ae̞ ae̯ ɑe,0,False
lumped,aɪ̃,vowel,2,0.00092,0.00535,0.0036,32910000,37181608,,,0,False
lumped,eɪ̃,vowel,2,0.00092,0.00535,0.0036,32910000,37181608,,,0,False
lumped,oʊ,vowel,2,0.00092,0.00535,0.0036,32910000,37181608,o(1),oʊ̯,0,False
lumped,aʊ̃,vowel,1,0.00046,0.00535,0.00359,32900000,37171608,,,0,False
lumped,oʊ̃,vowel,1,0.00046,0.00535,0.00359,32900000,37171608,,,0,False
lumped,oa,vowel,11,0.00505,0.00523,0.00273,32158002,28262550,,oä o̞a o̞ä o̯ä,2,True
lumped,ʁʷ,consonant,20,0.00919,0.00511,0.00352,31449290,36402200,ʁ(1) ʁ̥ʷ(1) χʷ(1),ʁʷː ʁ̞ʷ,1,True
lumped,dzʲ,consonant,7,0.00322,0.00505,0.00273,31110922,28211301,d̥z̥ʲ(1),d̠z̠ʲ d̪z̪ʲ,1,True
lumped,ʒʲ,consonant,4,0.00184,0.00502,0.00263,30912420,27146279,,ʒʲː,0,False
lumped,ɮ,consonant,42,0.01929,0.00485,0.00386,29836280,39954719,dl(1) ʷɮ(1) ɮʲ(1) ɮʷʲ(1),ɮ̪ ɮ̺,0,False
lumped,ɱv,consonant,44,0.02021,0.00471,0.02086,28987910,215742680,ɱvʷ(1),,1,True
lumped,ɓ̥,consonant,9,0.00413,0.00465,0.00322,28638910,33289245,,ɓ̥ː,0,False
lumped,kǃ,consonant,15,0.00689,0.00463,0.00349,28492700,36135856,kǃʰ(7) qǃʰ(1),kǃʰ kǃ̠ kǃ̠ʰ kǃ̪,0,False
lumped,ɗ̥,consonant,6,0.00276,0.0046,0.00319,28326820,32977155,,,0,False
lumped,ħʷ,consonant,3,0.00138,0.00454,0.00318,27940110,32889071,,,0,False
lumped,bˤ,consonant,3,0.00138,0.00452,0.00318,27832900,32889264,,bˤː,0,False
lumped,mˤ,consonant,3,0.00138,0.00452,0.00318,27832900,32889264,,mˤː,0,False
lumped,ɡ̤ʷ,consonant,3,0.00138,0.00451,0.00317,27732000,32820015,,,0,False
lumped,ɣʷ,consonant,18,0.00827,0.00448,0.00123,27579125,12744005,w(3) ɣ̃ʷ(1) ɰʷ(1),,0,False
lumped,kx,consonant,12,0.00551,0.0044,0.00291,27054050,30049767,kxʰ(3) kʰ(2) kʔ(1) ʔk(1) ʔ(1),kxʰ kxʰː kxː,0,False
lumped,dʒ̤,consonant,4,0.00184,0.0044,0.00307,27053600,31729681,ndʒ̤(1),d̠ʒ̤ d̠ʒ̤ː,0,False
lumped,b̤ʲ,consonant,1,0.00046,0.00439,0.00298,27000000,30777110,,,0,False
lumped,nz,consonant,46,0.02113,0.00437,0.02058,26870410,212778134,ndz(2) nʒ(2) ntsʰ(1) dnz(1) nɟ(1) ndʒ(1),n̪z̪,1,True
lumped,xʷ,consonant,57,0.02618,0.00425,0.00122,26129405,12568978,x(1) w(1) χʷ(1) hʷ(1),xʷː,3,True
lumped,ɪa,vowel,2,0.00092,0.00423,0.00359,26009000,37093400,,ɪ̯a ɪ̯ä,0,False
lumped,βˠ,consonant,1,0.00046,0.00408,0.00379,25100000,39170367,,β̞ˠ,0,False
lumped,ʊi,vowel,6,0.00276,0.00393,0.00374,24204510,38710458,,ʊ̈i,0,False
lumped,ɔu,vowel,6,0.00276,0.00392,0.00346,24107380,35826367,,ɔuː ɔu̯,1,True
lumped,ɛi,vowel,9,0.00413,0.00391,0.00346,24079232,35794384,,ɛiː ɛi̯,1,True
lumped,ʌi,vowel,2,0.00092,0.00382,0.00331,23509032,34225548,,ʌi̯,0,False
lumped,k͉,consonant,71,0.03261,0.00378,0.00238,23240956,24607743,ɡ(4) ɡ͉(1) ɣ(1) j(1),,0,False
lumped,œy,vowel,1,0.00046,0.00375,0.00318,23100000,32854898,,œyː,1,True
lumped,kˤ,consonant,2,0.00092,0.00367,0.00181,22600000,18705119,kʷˤ(1),,0,False
lumped,qʼ,consonant,59,0.0271,0.00362,0.00393,22279080,40665854,ʛ(2) q̰(1) ʁ̰(1) qʷʼ(1) qxʼ(1) ʛ̥(1) χʼ(1) qʼχ(1),qʼː,1,True
lumped,kǀ,consonant,12,0.00551,0.00361,0.00279,22218300,28845089,kǀʰ(7) qǀʰ(1),kǀʰ kǀ̪,0,False
lumped,kǁ,consonant,8,0.00367,0.0036,0.00274,22164300,28301462,kǁʰ(5) qǁʰ(1),kǁʰ,0,False
lumped,cʼ,consonant,20,0.00919,0.00358,0.00243,22051166,25102607,tʃʼ(1),cʼː,0,False
lumped,r|r,consonant,47,0.02159,0.00349,0.00499,21481887,51603175,,r̪|r ɹ̪|ɹ ɾ̪|ɾ,1,True
lumped,ə̃ĩ,vowel,1,0.00046,0.00336,0.00164,20700000,16909560,,ə̃ĩ,0,False
lumped,ə̃ũ,vowel,1,0.00046,0.00336,0.00164,20700000,16909560,,ə̃ũ,0,False
lumped,æi,vowel,6,0.00276,0.00328,0.00251,20211700,25992064,,æi̯ æːi,0,False
lumped,ʊa,vowel,3,0.00138,0.00325,0.00293,20019050,30293824,,,0,False
lumped,iã,vowel,2,0.00092,0.00325,0.00293,20019000,30293680,,iã i̯ãː,0,False
lumped,uẽ,vowel,1,0.00046,0.00325,0.00293,20009000,30283680,,uẽ,0,False
lumped,æe,vowel,1,0.00046,0.00325,0.00293,20009000,30283680,æe̤(1) æ(1) ɜe(1),æe̯,0,False
lumped,ɪã,vowel,1,0.00046,0.00325,0.00293,20009000,30283680,,ɪã,0,False
lumped,ɪʌ,vowel,1,0.00046,0.00325,0.00293,20009000,30283680,,,0,False
lumped,ʊe,vowel,1,0.00046,0.00325,0.00293,20009000,30283680,,,0,False
lumped,æu,vowel,3,0.00138,0.00324,0.00193,19941880,20007400,,æu̯,0,False
lumped,ɨ̃,vowel,98,0.04502,0.003,0.00153,18473860,15800622,ã(1) ɨ(1),ɨ̃ː ɨ̞̃ ɨ̞̃ː,1,True
lumped,hʲ,consonant,28,0.01286,0.003,0.00177,18443889,18301463,xʲ(2) h̃ʲ(1),,0,False
lumped,rˀ,consonant,3,0.00138,0.00292,0.00044,18000000,4533973,ɾˀ(2),ɾˀ,0,False
lumped,ɛu,vowel,5,0.0023,0.00281,0.00231,17312460,23879307,,ɛu̯,0,False
lumped,lˀ,consonant,3,0.00138,0.00277,0.00036,17020000,3683985,,,0,False
lumped,dˀ,consonant,1,0.00046,0.00276,0.00035,17000000,3663985,jˀ(1) tˀ(1),,0,False
lumped,zˀ,consonant,1,0.00046,0.00276,0.00035,17000000,3663985,,,0,False
lumped,ɣˀ,consonant,1,0.00046,0.00276,0.00035,17000000,3663985,,,0,False
lumped,ʃˀ,consonant,1,0.00046,0.00276,0.00035,17000000,3663985,,,0,False
lumped,ʒˀ,consonant,1,0.00046,0.00276,0.00035,17000000,3663985,,,0,False
lumped,ʢ,consonant,4,0.00184,0.00272,0.0014,16766400,14430648,,,0,False
lumped,ɖ̰,consonant,1,0.00046,0.00263,0.0018,16200000,18630626,,,0,False
lumped,d̥,consonant,8,0.00367,0.00255,0.00162,15721973,16715404,,d̥ː d̪̥ d̺̥,1,True
lumped,b̥,consonant,7,0.00322,0.00255,0.00162,15711973,16705404,b̥ʰ(1),b̥ʰ b̥ː,1,True
lumped,ɡ̊,consonant,7,0.00322,0.00255,0.00162,15711973,16705404,ɡ̊ʰ(1),ɡ̊ʰ ɡ̊ː,1,True
lumped,ɲɟ,consonant,38,0.01746,0.00253,0.00202,15574000,20857252,ɟɲ(1) ɲ(1) ndʒ(1),,0,False
lumped,io,vowel,13,0.00597,0.00251,0.00233,15426104,24100243,,ioː io̞ i̯o i̯oː,0,False
lumped,tʃˤ,consonant,3,0.00138,0.00243,0.00121,14932900,12561729,,t̠ʃˤ t̠ʃˤʰ,0,False
lumped,jˀ,consonant,8,0.00367,0.00237,0.00244,14570000,25187575,,,1,True
lumped,øy,vowel,3,0.00138,0.00234,0.00108,14400000,11175209,,øy̯ øːy̯,0,False
lumped,ɲ̤,consonant,6,0.00276,0.00224,0.00164,13816767,16980390,ɲ̤ʱ(1),ɲ̤ʱ,0,False
lumped,œi,vowel,4,0.00184,0.00222,0.00174,13676480,17988122,,œi̯,0,False
lumped,œu,vowel,2,0.00092,0.00208,0.00166,12821380,17213909,,œu̯,0,False
lumped,kǁ͓,consonant,4,0.00184,0.00201,0.00148,12390800,15318294,,kǁ͓ʰ,0,False
lumped,iɛ,vowel,19,0.00873,0.002,0.00223,12334462,23069177,ɛ(1) iæ(1) ia(1) iɘ(1) ɘ(1),iɛː iɛ̠ iːɛ i̯ɛ,0,False
lumped,kǃ͓,consonant,1,0.00046,0.00197,0.00145,12100000,14969091,,,0,False
lumped,kʟ̥ʼ,consonant,1,0.00046,0.00197,0.00145,12100000,14969091,,,0,False
lumped,kʟ͓̥ʼ,consonant,1,0.00046,0.00197,0.00145,12100000,14969091,kxʼ(1),,0,False
lumped,sʷ,consonant,36,0.01654,0.00183,0.00197,11285195,20400744,,s̪ʷ,0,False
lumped,p͉,consonant,71,0.03261,0.00181,0.00093,11150956,9648652,b(5) b͉(1) p(1) β(1),,0,False
lumped,t͉,consonant,70,0.03215,0.00181,0.00093,11150898,9648594,d(5) ð(2) d͉(1) t(1) p(1),t̪͉ t̺͉,0,False
lumped,tʃʷ,consonant,27,0.0124,0.00178,0.00169,10963383,17460266,tʃʷʰ(3) tʃɥ(1),t̠ʃʷ t̠ʃʷʰ t̠ʃʷː t̺ʃ̺ʷ,1,True
lumped,dʒʲ,consonant,6,0.00276,0.00178,0.00094,10930420,9686250,dʒʷˠ(1),d̠ʒʲ,0,False
lumped,yə,vowel,3,0.00138,0.00176,0.00089,10855100,9213369,,yə̯ yːə,0,False
lumped,oe,vowel,7,0.00322,0.00175,0.00116,10783600,11960005,oə(1),oe̞ o̞e̞,0,False
lumped,yo,vowel,1,0.00046,0.00167,1e-05,10300000,54256,,,0,False
lumped,ŋǃ,consonant,9,0.00413,0.00164,0.00129,10098700,13366771,ŋǃʱ(1),ŋǃʱ ŋǃ̠,0,False
lumped,s͉,consonant,3,0.00138,0.00164,0.00083,10095000,8534156,z(2) s(1) ɕ(1),,0,False
lumped,ʃ͉,consonant,3,0.00138,0.00164,0.00083,10095000,8534156,ʃ(1),,0,False
lumped,z̥,consonant,4,0.00184,0.00164,0.00082,10080093,8519249,,,0,False
lumped,ʒ̊,consonant,2,0.00092,0.00162,0.00082,10000093,8439249,,,0,False
lumped,f͉,consonant,1,0.00046,0.00162,0.00082,10000000,8439156,v(1) f(1),,0,False
lumped,v̥,consonant,1,0.00046,0.00162,0.00082,10000000,8439156,,,0,False
lumped,x͉,consonant,1,0.00046,0.00162,0.00082,10000000,8439156,x(1) ʁ̥(1),,0,False
lumped,ɣ̊,consonant,1,0.00046,0.00162,0.00082,10000000,8439156,,,0,False
lumped,zʷ,consonant,16,0.00735,0.00162,0.00156,9950110,16148001,,z̪ʷ,0,False
lumped,dʒʷ,consonant,18,0.00827,0.00162,0.00167,9942400,17287087,,d̠ʒʷ d̺ʒ̺ʷ,0,False
lumped,ŋǀ,consonant,5,0.0023,0.00159,0.00126,9804300,13013969,ŋǀʱ(1),ŋǀʱ,0,False
lumped,ŋǁ,consonant,5,0.0023,0.00159,0.00126,9804300,13013969,,,0,False
lumped,ntsʼ,consonant,2,0.00092,0.00158,0.00125,9750100,12959769,,,0,False
lumped,ntʃʼ,consonant,2,0.00092,0.00158,0.00125,9750100,12959769,,n̠t̠ʃʼ,0,False
lumped,b̰,consonant,19,0.00873,0.00157,0.00112,9659450,11589679,b(1) p(1) mb(1) m(1) p̰(1),,2,True
lumped,ɧ,consonant,1,0.00046,0.0015,0.00129,9244250,13338377,,,0,False
lumped,kxʼ,consonant,5,0.0023,0.00146,0.00112,8964000,11597862,,kxʼː,0,False
lumped,v̤,consonant,4,0.00184,0.00145,0.00117,8919300,12055655,,,0,False
lumped,ɟ̤,consonant,2,0.00092,0.00141,0.0011,8655300,11379721,,,0,False
lumped,l̥,consonant,57,0.02618,0.00139,0.00146,8562827,15082871,l̥ʲ(1) l̥ʷ(1) hl(1) ʎ̥(1) ʱl̥(1),l̥ː l̪̥ ʰl̥,1,True
lumped,æɪ,vowel,4,0.00184,0.00137,0.00171,8451200,17735204,,æɪ̯ æːɪ,0,False
lumped,kǀʼ,consonant,3,0.00138,0.00134,0.00106,8227300,10951721,kǀʰʼ(1),kǀʰʼ,0,False
lumped,ɡ̤ǃ,consonant,3,0.00138,0.00134,0.00106,8220900,10945321,,,0,False
lumped,ŋ̤ǃ,consonant,2,0.00092,0.00133,0.00106,8210900,10935321,,,0,False
lumped,m̤b̤,consonant,2,0.00092,0.00133,0.00106,8187300,10911721,,,0,False
lumped,n̤d̤,consonant,2,0.00092,0.00133,0.00106,8187300,10911721,,,0,False
lumped,n̤d̤ɮ̤,consonant,2,0.00092,0.00133,0.00106,8187300,10911721,,,0,False
lumped,z̤,consonant,2,0.00092,0.00133,0.00106,8187300,10911721,,,0,False
lumped,ɦ̤,consonant,2,0.00092,0.00133,0.00106,8187300,10911721,,,0,False
lumped,mpfʼ,consonant,1,0.00046,0.00133,0.00105,8177300,10901721,,,0,False
lumped,mpʼ,consonant,1,0.00046,0.00133,0.00105,8177300,10901721,,,0,False
lumped,m̤b̤v̤,consonant,1,0.00046,0.00133,0.00105,8177300,10901721,,,0,False
lumped,ntlʼ,consonant,1,0.00046,0.00133,0.00105,8177300,10901721,,,0,False
lumped,ntʼ,consonant,1,0.00046,0.00133,0.00105,8177300,10901721,,,0,False
lumped,n̤d̤z̤,consonant,1,0.00046,0.00133,0.00105,8177300,10901721,,,0,False
lumped,n̤d̤ʒ,consonant,1,0.00046,0.00133,0.00105,8177300,10901721,,n̠̤d̠̤ʒ,0,False
lumped,ŋkʼ,consonant,1,0.00046,0.00133,0.00105,8177300,10901721,,,0,False
lumped,ŋǁʼ,consonant,1,0.00046,0.00133,0.00105,8177300,10901721,,,0,False
lumped,ŋǃʼ,consonant,1,0.00046,0.00133,0.00105,8177300,10901721,,,0,False
lumped,ŋ̤ǀ,consonant,1,0.00046,0.00133,0.00105,8177300,10901721,,,0,False
lumped,ŋ̤ǁ,consonant,1,0.00046,0.00133,0.00105,8177300,10901721,,,0,False
lumped,ŋ̤ɡ̤,consonant,1,0.00046,0.00133,0.00105,8177300,10901721,,,0,False
lumped,ɡ̤ǀ,consonant,1,0.00046,0.00133,0.00105,8177300,10901721,,,0,False
lumped,ɡ̤ǁ,consonant,1,0.00046,0.00133,0.00105,8177300,10901721,,,0,False
lumped,ɣ̤,consonant,1,0.00046,0.00133,0.00105,8177300,10901721,,,0,False
lumped,ɮ̤,consonant,1,0.00046,0.00133,0.00105,8177300,10901721,,,0,False
lumped,ɲcʼ,consonant,1,0.00046,0.00133,0.00105,8177300,10901721,,,0,False
lumped,ɲ̤ɟ̤,consonant,1,0.00046,0.00133,0.00105,8177300,10901721,,,0,False
lumped,ŋm,consonant,75,0.03445,0.00131,0.00092,8092000,9504892,ŋmʲ(2) nm(1) ŋmʷ(1) mʷ(1) m(1),,0,False
lumped,ɰ,consonant,53,0.02435,0.0013,0.00095,8014808,9801008,ɣ(2) ɡ(2) ʔ(1) ʁ(1) f(1) ɸ(1) v(1) β(1),,1,True
lumped,t̰,consonant,14,0.00643,0.00128,0.00087,7865695,8993376,θ(1) c(1),t̪̰,0,False
lumped,sʼ,consonant,15,0.00689,0.00127,0.00113,7839629,11702291,tsʼ(1),sʼː s̪ʼ,0,False
lumped,j̃,consonant,10,0.00459,0.00125,0.00129,7698093,13352456,,,1,True
lumped,tɬ,consonant,25,0.01148,0.00124,0.00082,7618212,8488634,tɬʰ(9) ɬ(1) dɮ(1),tɬʰ tɬʰː tɬː t̪ɬ t̪ɬ̪ t̪ɬ̪ʰ,0,False
lumped,tɬʼ,consonant,25,0.01148,0.00123,0.00082,7578180,8439998,kɬʼ(1),tɬʼː t̪ɬʼ t̪ɬ̪ʼ,1,True
lumped,ao,vowel,10,0.00459,0.00119,0.00076,7344600,7894815,ɑɔ(1) ɑo(1) aɔ(1),ao̞ ɑo,0,False
lumped,ɔe,vowel,2,0.00092,0.00119,0.00091,7299200,9461692,,,0,False
lumped,eo,vowel,6,0.00276,0.00118,0.00075,7250000,7800215,,e̞o̞,0,False
lumped,p̰,consonant,12,0.00551,0.00118,0.00075,7247395,7799054,,,1,True
lumped,k̰,consonant,10,0.00459,0.00118,0.00075,7245590,7793821,k̰ʲ(1),,0,False
lumped,ɛo,vowel,2,0.00092,0.00117,0.00075,7210000,7760215,,ɛo̞,0,False
lumped,eɘ,vowel,1,0.00046,0.00117,0.00096,7200000,9966165,,,0,False
lumped,oɘ,vowel,1,0.00046,0.00117,0.00096,7200000,9966165,,,0,False
lumped,øɘ,vowel,1,0.00046,0.00117,0.00096,7200000,9966165,,,0,False
lumped,ɘi,vowel,1,0.00046,0.00117,0.00096,7200000,9966165,,,0,False
lumped,ndz,consonant,63,0.02894,0.00115,0.00429,7108200,44343721,ndʒ(9) nts(1) nz(1) nʒ(1),n̪d̪z̪,1,True
lumped,h̃,consonant,6,0.00276,0.0011,0.00121,6795000,12495322,,,0,False
lumped,nʃ,consonant,5,0.0023,0.00109,0.00079,6730000,8187104,,n̠ʃ,0,False
lumped,ɪu,vowel,2,0.00092,0.00109,0.00075,6724000,7730704,,ɪ̯u̞,0,False
lumped,ʐ͇,consonant,3,0.00138,0.00109,0.00053,6711880,5455385,ʂ͇(2) ɻ(1) r(1),,0,False
lumped,R|R,consonant,33,0.01516,0.00109,0.00083,6689055,8618207,,R̪|R,1,True
lumped,rˠ,consonant,4,0.00184,0.00106,0.00137,6521630,14146095,ɾˠ(2) ɾ̃ˠ(1) r(1) ɹ(1) ɹˠ(1),ɹ̪̩ˠ ɾˠ ɾ̪ˠ,0,False
lumped,ɜ,vowel,24,0.01102,0.00102,0.00095,6260473,9773601,ɞ(2) a(2) ɔ(1) ɑ(1) ɛ(1) ə(1) æ̤(1) ɜ̃(1),ɜː,1,True
lumped,yu,vowel,3,0.00138,0.00101,0.00084,6214790,8715345,,yu̯,0,False
lumped,ɪɛ,vowel,3,0.00138,0.001,0.00067,6142000,6951720,,ɪɛː ɪ̯ɛ,0,False
lumped,ʊɔ,vowel,2,0.00092,0.001,0.00067,6140000,6949720,,ʊ̯ɔ,0,False
lumped,w̃,consonant,14,0.00643,0.001,0.00106,6130000,10918609,ɥ̃(1),,0,False
lumped,l̃,consonant,6,0.00276,0.00098,0.00105,6050000,10838609,,,0,False
lumped,bz,consonant,3,0.00138,0.00098,0.00076,6020000,7876936,,,0,False
lumped,fʃ,consonant,1,0.00046,0.00097,0.00067,6000000,6957964,,,0,False
lumped,pʃ,consonant,1,0.00046,0.00097,0.00067,6000000,6957964,pʃʰ(1),pʃʰ,0,False
lumped,pʃʼ,consonant,1,0.00046,0.00097,0.00067,6000000,6957964,,,0,False
lumped,ɪɔ,vowel,1,0.00046,0.00097,0.00066,6000000,6809720,,ɪ̯ɔ,0,False
lumped,ṽ,consonant,1,0.00046,0.00097,0.00104,6000000,10788609,,ṽ,0,False
lumped,uʌ,vowel,4,0.00184,0.00097,0.00084,5964280,8708559,,uʌ̯ uːʌ,0,False
lumped,øu,vowel,3,0.00138,0.00095,0.00074,5868460,7676299,,øu̯,0,False
lumped,ᶑʼ,consonant,3,0.00138,0.00095,0.00021,5850000,2153900,,ᶑʼː,0,False
lumped,d̥z̥,consonant,5,0.0023,0.00093,0.0008,5711880,8266156,,d̺̥z̺̥,1,True
lumped,iæ,vowel,2,0.00092,0.00092,0.0007,5656980,7261826,,i̯æ,0,False
lumped,iø,vowel,2,0.00092,0.00091,0.0007,5631380,7257744,,i̯ø,0,False
lumped,eʌ,vowel,1,0.00046,0.00091,0.0007,5621380,7247744,,eʌ̯,0,False
lumped,iy,vowel,1,0.00046,0.00091,0.0007,5621380,7247744,,i̯y,0,False
lumped,iœ,vowel,1,0.00046,0.00091,0.0007,5621380,7247744,,i̯œ i̯œ̞,0,False
lumped,iɒ,vowel,1,0.00046,0.00091,0.0007,5621380,7247744,,i̯ɒ,0,False
lumped,iʌ,vowel,1,0.00046,0.00091,0.0007,5621380,7247744,,iʌ̯ i̯ʌ,0,False
lumped,oʌ,vowel,1,0.00046,0.00091,0.0007,5621380,7247744,,oʌ̯,0,False
lumped,yʌ,vowel,1,0.00046,0.00091,0.0007,5621380,7247744,,yʌ̯,0,False
lumped,æʌ,vowel,1,0.00046,0.00091,0.0007,5621380,7247744,,æʌ̯,0,False
lumped,øʌ,vowel,1,0.00046,0.00091,0.0007,5621380,7247744,,øʌ̯,0,False
lumped,œʌ,vowel,1,0.00046,0.00091,0.0007,5621380,7247744,,œ̞ʌ̯,0,False
lumped,ɒu,vowel,1,0.00046,0.00091,0.0007,5621380,7247744,,ɒu̯,0,False
lumped,ŋ̤,consonant,3,0.00138,0.00091,0.00059,5619467,6058670,ŋ̤ʱ(1),ŋ̤ʱ,0,False
lumped,m̤p,consonant,1,0.00046,0.00088,0.00057,5430000,5869203,m̤pʰ(1),m̤pʰ,0,False
lumped,n̤s,consonant,1,0.00046,0.00088,0.00057,5430000,5869203,,,0,False
lumped,n̤t,consonant,1,0.00046,0.00088,0.00057,5430000,5869203,n̤tʰ(1),n̤tʰ,0,False
lumped,ŋ̤k,consonant,1,0.00046,0.00088,0.00057,5430000,5869203,ŋ̤kʰ(1),ŋ̤kʰ,0,False
lumped,ɱ̤f,consonant,1,0.00046,0.00088,0.00057,5430000,5869203,,,0,False
lumped,ɲ̤c,consonant,1,0.00046,0.00088,0.00057,5430000,5869203,ɲ̤cʰ(1),ɲ̤cʰ,0,False
lumped,pʷ,consonant,46,0.02113,0.00085,0.00071,5220125,7326179,pʷʰ(2) bʷ(2) p(1) b̥ʷ(1),pʷʰ,1,True
lumped,iɪ,vowel,2,0.00092,0.00085,0.00033,5206670,3386686,,iɪ̯,1,True
lumped,ɯɪ,vowel,1,0.00046,0.00084,0.00033,5200000,3379704,,ɯɪ̯,0,False
lumped,xʲ,consonant,9,0.00413,0.00084,0.00031,5169197,3196921,,xʲː x̟ʲ,1,True
lumped,ɗ|ɗ,consonant,13,0.00597,0.0008,0.00052,4943220,5359042,,ɗ̪|ɗ,0,False
lumped,tʼ|tʼ,consonant,20,0.00919,0.00079,0.00052,4891066,5403890,,t̪ʼ|tʼ,1,True
lumped,ɲ̊,consonant,8,0.00367,0.00077,0.00108,4710000,11206240,ʱɲ̊(1) ɲ̊dʑ(1),,0,False
lumped,dˠ,consonant,4,0.00184,0.00073,0.00054,4505100,5618150,d̥ˠ(1),d̪ˠ,0,False
lumped,tˠ,consonant,4,0.00184,0.00073,0.00054,4505100,5618150,tˠʰ(1),t̪ˠ t̪ˠʰ,0,False
lumped,qχ,consonant,6,0.00276,0.00073,0.00134,4473700,13886345,q(1) qʰ(1) qχʰ(1),qχʰ qχʰː qχː,1,True
lumped,sˠ,consonant,3,0.00138,0.00073,0.00054,4471500,5584550,,,0,False
lumped,mˠ,consonant,2,0.00092,0.00072,0.00054,4461500,5574550,ɱˠ(1) m̥ˠ(1),,0,False
lumped,ŋmɡb,consonant,82,0.03767,0.00071,0.00117,4383000,12093649,,,0,False
lumped,ns,consonant,20,0.00919,0.00071,0.0011,4372800,11358968,,nsʰ,0,False
lumped,uɔ,vowel,10,0.00459,0.00071,0.00047,4350470,4892486,ɔ(1) ua(1),uɔː u̯ɔ u̯ɔː,0,False
lumped,zˠ,consonant,2,0.00092,0.0007,0.00042,4330500,4330500,,z̞̩ˠ,0,False
lumped,ʊu,vowel,2,0.00092,0.0007,0.00042,4330500,4330500,,,0,False
lumped,ðˠ,consonant,1,0.00046,0.0007,0.00042,4320500,4320500,,,0,False
lumped,ɪi,vowel,1,0.00046,0.0007,0.00042,4320500,4320500,,,0,False
lumped,ndʑ,consonant,15,0.00689,0.00069,0.00104,4217000,10761223,,,0,False
lumped,ɣʲ,consonant,3,0.00138,0.00066,0.00028,4070130,2883163,,ɣ̟ʲ,0,False
lumped,z͇,consonant,2,0.00092,0.00065,0.00039,4010000,4010000,ɾ(1) r(1) z͇̥(1),,0,False
lumped,ɔy,vowel,2,0.00092,0.00065,0.00107,4002000,11022953,,ɔy̯ː,0,False
lumped,æʉ,vowel,1,0.00046,0.00065,0.00107,4000000,11020953,,,0,False
lumped,ŋk,consonant,44,0.02021,0.00064,0.00351,3935920,36333523,ŋkʰ(2) ŋkʲ(1) ŋkp(1) ŋɡ(1),ŋkʰ,1,True
lumped,nt,consonant,44,0.02021,0.00064,0.00352,3926720,36430313,ntʰ(3) nd(1),ntʰ n̠t̠ n̪t̪ n̪t̪ʰ,1,True
lumped,ɯ̃,vowel,29,0.01332,0.00062,0.00042,3841462,4365888,ɯ̥̃(1) ŋ(1) nʲ(1) m(1) mʲ(1) ŋʲ(1) n(1) ɯ̃i(1),ɯ̃ː,0,False
lumped,mp,consonant,40,0.01837,0.00058,0.00344,3584720,35569732,mpʰ(4) mb(1) mʙ̥(1),mpʰ,1,True
lumped,l̥|l̥,consonant,8,0.00367,0.00058,0.00074,3567655,7603028,,l̪̥|l̥,0,False
lumped,ɛə,vowel,2,0.00092,0.00057,0.00038,3510032,3951962,,,0,False
lumped,ãi,vowel,1,0.00046,0.00057,0.00038,3500032,3941868,,ãi ãi̯,0,False
lumped,ĩə,vowel,1,0.00046,0.00057,0.00038,3500032,3941868,,ĩə,0,False
lumped,ũə,vowel,1,0.00046,0.00057,0.00038,3500032,3941868,,ũə,0,False
lumped,ɔə,vowel,1,0.00046,0.00057,0.00038,3500032,3941868,,ɔːə,0,False
lumped,ɛ̃ə,vowel,1,0.00046,0.00057,0.00038,3500032,3941868,,,0,False
lumped,ɯ̃ə,vowel,1,0.00046,0.00057,0.00038,3500032,3941868,,,0,False
lumped,ʌə,vowel,1,0.00046,0.00057,0.00038,3500032,3941868,,,0,False
lumped,qʷʼ,consonant,19,0.00873,0.00057,0.00024,3483575,2431815,,qʷʼː,0,False
lumped,ɳɖʐ,consonant,11,0.00505,0.00052,0.00094,3190250,9716340,ɳʈʂ(1),,0,False
lumped,r̥,consonant,30,0.01378,0.0005,0.00056,3071975,5832677,ɾ̥(3) r(1) r̥ʲ(1) ɾ̥ʷ(1) hr(1),r̥ː r̺̥ ɹ̥ ɾ̥,1,True
lumped,ɔʊ,vowel,2,0.00092,0.0005,0.00051,3060000,5236208,,ɔʊ̯,0,False
lumped,æ̃ɪ̃,vowel,1,0.00046,0.0005,0.00029,3050000,3050000,,æ̃ɪ̯̃,0,False
lumped,ɔ̃ʊ̃,vowel,1,0.00046,0.0005,0.00029,3050000,3050000,,ɔ̃ʊ̯̃,0,False
lumped,tθ,consonant,4,0.00184,0.00049,0.0006,3031325,6164087,tθʰ(3) θ(1) tθˀ(1),t̪θ t̪θʰ t̪θ̪,0,False
lumped,ʃʷ,consonant,29,0.01332,0.00049,0.00045,3029485,4666659,,ʃʷː,1,True
lumped,dð,consonant,2,0.00092,0.00049,0.00059,3010000,6141673,tθ͉(1) ð(1),d̪ð d̪ð̪,0,False
lumped,ɱf,consonant,11,0.00505,0.00048,0.00061,2932800,6352685,,,0,False
lumped,tʷ,consonant,47,0.02159,0.00048,0.00055,2932780,5684296,tʷʰ(3) tɥ(1),tʷʰ t̪ʷ t̪ʷʰ,0,False
lumped,ŋ̊,consonant,8,0.00367,0.00044,0.00026,2713900,2713900,ʱŋ̊(1) ŋ̊ɡ(1),,0,False
lumped,ȵ,consonant,323,0.14837,0.00044,0.00026,2713167,2713132,nʷʲ(1),,1,True
lumped,ʜ,consonant,6,0.00276,0.00041,0.00025,2505187,2598911,,ʜː,0,False
lumped,ȶ,consonant,262,0.12035,0.00037,0.00022,2260325,2260290,,,1,True
lumped,ɬʼ,consonant,5,0.0023,0.00036,0.00017,2205900,1710383,tɬʼ(1),,0,False
lumped,tʷʼ,consonant,4,0.00184,0.00035,0.00016,2166120,1637395,,t̪ʷʼ,0,False
lumped,ʔʷ,consonant,15,0.00689,0.00034,0.00016,2106000,1632512,,,0,False
lumped,aˤ,vowel,8,0.00367,0.00034,0.0002,2073148,2073148,ɑˤ(1) ɛɒˤ(1),aˤː ɐˤ ɑˤː,1,True
lumped,oˤ,vowel,6,0.00276,0.00033,0.0002,2053148,2053148,oɒˤ(1),oˤː o̞ˤ o̞ˤː,1,True
lumped,ɞ,vowel,4,0.00184,0.00033,0.0002,2030000,2030000,,ɞː ɞ̠ ɞ̠ː,0,False
lumped,e̥,vowel,2,0.00092,0.00033,0.00019,2010000,2010000,,e̞̥ e̥ː,0,False
lumped,r̹,consonant,2,0.00092,0.00033,0.00082,2010000,8506240,,ɹ̪̹̩ ɻ̹̩,0,False
lumped,ɔˤ,vowel,2,0.00092,0.00033,0.00019,2010000,2010000,ɔɒˤ(1),ɔˤː,0,False
lumped,ʊˤ,vowel,2,0.00092,0.00033,0.00019,2010000,2010000,ʊɒˤ(1),ʊˤː,0,False
lumped,aɵ,vowel,1,0.00046,0.00032,0.00019,2000000,2000000,,aɵ̯,0,False
lumped,ɞʏ,vowel,1,0.00046,0.00032,0.00019,2000000,2000000,,ɞʏ̯,0,False
lumped,ʌˤ,vowel,1,0.00046,0.00032,0.00019,2000000,2000000,ɪɒ(1),ʌˤː,0,False
lumped,ɬ|ɬ,consonant,20,0.00919,0.00032,0.00018,1993489,1904542,,ɬ̪|ɬ ɬ̪ː|ɬː,1,True
lumped,ɳɖ,consonant,9,0.00413,0.00032,0.00019,1960512,2005320,,,0,False
lumped,fʼ,consonant,2,0.00092,0.00029,0.00012,1790110,1238370,,,0,False
lumped,ntʃ,consonant,22,0.01011,0.00029,0.00049,1773120,5075900,ntʃʰ(1),n̠t̠ʃ n̠t̠ʃʰ,0,False
lumped,ɡǃ,consonant,6,0.00276,0.00027,0.00021,1684600,2169848,ɡǃʱ(1),ɡǃʱ ɡǃ̠,0,False
lumped,ɡǀ,consonant,6,0.00276,0.00027,0.00021,1661000,2146248,ɡǀʱ(1),ɡǀʱ,0,False
lumped,ʃʼ,consonant,7,0.00322,0.00027,0.00011,1648000,1180719,,ʃʼː ʃ̞ʼ,0,False
lumped,ɡǁ,consonant,4,0.00184,0.00026,0.0002,1627000,2112248,,,0,False
lumped,a̙,vowel,2,0.00092,0.00026,0.00024,1583410,2457601,,a̙ː a̟̙ː ɑ̙,0,False
lumped,nɬ,consonant,1,0.00046,0.00026,0.0002,1572800,2058048,,,0,False
lumped,nɮ,consonant,1,0.00046,0.00026,0.0002,1572800,2058048,,,0,False
lumped,ŋkx,consonant,1,0.00046,0.00026,0.0002,1572800,2058048,,,0,False
lumped,ȴ,consonant,181,0.08314,0.00025,0.00015,1558459,1558424,,,1,True
lumped,tsʷ,consonant,12,0.00551,0.00025,0.00026,1514110,2678594,tsʷʰ(4) tʃʷ(1),tsʷʰ t̪s̪ʷ t̪s̪ʷʰ,0,False
lumped,ɬʷ,consonant,2,0.00092,0.00024,0.00018,1488500,1809875,,,0,False
lumped,a̰,vowel,21,0.00965,0.00023,0.00016,1437187,1607145,,a̰ː a̰ˑ ɑ̰ː,0,False
lumped,uõ,vowel,3,0.00138,0.00023,0.00015,1418900,1574031,,u̯õ u̯õː,0,False
lumped,iẽ,vowel,3,0.00138,0.00023,0.00015,1417900,1573031,,iẽ iẽː i̯ẽ,0,False
lumped,ḭ,vowel,18,0.00827,0.00023,0.00015,1417084,1587042,,ḭ ḭː ḭˑ,0,False
lumped,ṵ,vowel,17,0.00781,0.00023,0.00015,1410084,1580042,,ṵ ṵː,0,False
lumped,j̥,consonant,17,0.00781,0.00023,0.00018,1409080,1849632,ç(1),,1,True
lumped,tsʷʼ,consonant,2,0.00092,0.00023,9e-05,1400110,971665,,t̪s̪ʷʼ,0,False
lumped,xk,consonant,1,0.00046,0.00023,0.00015,1393900,1549031,,,0,False
lumped,qχʼ,consonant,6,0.00276,0.00022,0.00012,1372420,1246564,,qχʼː,1,True
lumped,ɛ̰,vowel,8,0.00367,0.00022,0.00015,1353093,1523051,,ɛ̰ː ɛ̰ˑ,0,False
lumped,ɔ̰,vowel,6,0.00276,0.00022,0.00015,1346000,1515958,,ɔ̰ː ɔ̰ˑ,0,False
lumped,ʄ̥,consonant,3,0.00138,0.00022,0.00021,1326000,2199225,,,0,False
lumped,nʷ,consonant,29,0.01332,0.00021,0.00037,1314000,3846359,nɥ(1),n̪ʷ,0,False
lumped,bv,consonant,19,0.00873,0.0002,0.00021,1243267,2153344,v(1),,0,False
lumped,ɴq,consonant,4,0.00184,0.0002,0.00028,1230000,2908353,ɴqʰ(1),ɴqʰ,0,False
lumped,ndʲ,consonant,5,0.0023,0.0002,0.00017,1217000,1730050,ntʲʰ(1) ɲɟʝ(1),,0,False
lumped,tʲʼ,consonant,3,0.00138,0.00019,8e-05,1160610,822724,,t̪ʲʼ,0,False
lumped,d̰|d̰,consonant,3,0.00138,0.00019,0.00011,1160000,1160000,,d̪̰|d̰,0,False
lumped,ʒʷ,consonant,11,0.00505,0.00019,0.0001,1157580,988770,jʷ(1),,1,True
lumped,ɨa,vowel,4,0.00184,0.00019,0.00011,1150000,1131306,,ɨä̠,0,False
lumped,ɱ,consonant,16,0.00735,0.00018,0.00013,1124800,1297800,,,0,False
lumped,tsʼ|tsʼ,consonant,15,0.00689,0.00017,0.00013,1055796,1392455,,t̪s̪ʼ|tsʼ t̪s̪ʼː|tsʼː,1,True
lumped,mˀ,consonant,7,0.00322,0.00017,0.00012,1051930,1221579,,,1,True
lumped,nˀ,consonant,7,0.00322,0.00017,0.00012,1051930,1221579,,,1,True
lumped,j̰,consonant,25,0.01148,0.00017,0.00014,1041237,1457374,ˀj̥(1) dj(1) jʔ(1),,1,True
lumped,w̰,consonant,26,0.01194,0.00017,0.00014,1036367,1453948,ˀw̥(1) wʔ(1) w̃(1),,1,True
lumped,aˠ,vowel,1,0.00046,0.00016,0.0001,1000000,1000000,,,0,False
lumped,a̙ˠ,vowel,1,0.00046,0.00016,0.0001,1000000,1000000,,,0,False
lumped,eˠ,vowel,1,0.00046,0.00016,0.0001,1000000,1000000,,,0,False
lumped,iˠ,vowel,1,0.00046,0.00016,0.0001,1000000,1000000,,,0,False
lumped,ŋˀ,consonant,1,0.00046,0.00016,8e-05,1000000,869988,,,0,False
lumped,ɔ̙,vowel,1,0.00046,0.00016,0.0001,1000000,1000000,,ɔ̙ː,0,False
lumped,ɛˠ,vowel,1,0.00046,0.00016,0.0001,1000000,1000000,,,0,False
lumped,ɛ̙,vowel,1,0.00046,0.00016,0.0001,1000000,1000000,,ɛ̙ː,0,False
lumped,ɛ̙ˠ,vowel,1,0.00046,0.00016,0.0001,1000000,1000000,,,0,False
lumped,ɪˠ,vowel,1,0.00046,0.00016,0.0001,1000000,1000000,,,0,False
lumped,ɪ̙,vowel,1,0.00046,0.00016,0.0001,1000000,1000000,e̙(1),ɪ̙ː,0,False
lumped,ɪ̙ˠ,vowel,1,0.00046,0.00016,0.0001,1000000,1000000,,,0,False
lumped,ʊ̙,vowel,1,0.00046,0.00016,0.0001,1000000,1000000,,ʊ̙ː,0,False
lumped,tɬʼ|tɬʼ,consonant,11,0.00505,0.00016,9e-05,989064,901207,,t̪ɬ̪ʼ|tɬʼ t̪ɬ̪ʼː|tɬʼː,1,True
lumped,lʷ,consonant,28,0.01286,0.00016,0.00017,982000,1786493,lɥ(1),l̪ʷ,0,False
lumped,n̥tʃ,consonant,1,0.00046,0.00016,0.00022,980000,2226249,,n̠̥t̠ʃ,0,False
lumped,n̥ʃ,consonant,1,0.00046,0.00016,0.00022,980000,2226249,,,0,False
lumped,ɱ̥f,consonant,1,0.00046,0.00016,0.00022,980000,2226249,,,0,False
lumped,tʃʷʼ,consonant,5,0.0023,0.00016,8e-05,969698,815852,,t̠ʃʷʼ,1,True
lumped,tɬ|tɬ,consonant,8,0.00367,0.00016,8e-05,959064,871207,,t̪ɬ̪|tɬ t̪ɬ̪ʰ|tɬʰ t̪ɬ̪ː|tɬː,1,True
lumped,ɤ̃,vowel,9,0.00413,0.00015,0.0001,948170,1081609,ɯ̃(1),ɤ̃ː ɤ̞̃ ɤ̟̞̃,0,False
lumped,ʊ̤,vowel,3,0.00138,0.00015,7e-05,920000,731407,,ʊ̤ː,0,False
lumped,ɵ̤,vowel,2,0.00092,0.00015,7e-05,910000,721407,,ɵ̤ː,0,False
lumped,d̤|d̤,consonant,2,0.00092,0.00015,0.0001,903600,1037039,,d̪̤|d̤,0,False
lumped,l̤|l̤,consonant,2,0.00092,0.00015,0.0001,903600,1037039,,l̪̤|l̤,0,False
lumped,n̤|n̤,consonant,2,0.00092,0.00015,0.0001,903600,1037039,,n̪̤|n̤,0,False
lumped,lʼ,consonant,3,0.00138,0.00015,9e-05,900004,900004,,lʼː,0,False
lumped,aɯ,vowel,6,0.00276,0.00015,0.00016,900000,1705128,,ɑɯ,0,False
lumped,æ̤,vowel,1,0.00046,0.00015,7e-05,900000,711407,,æ̤ː,0,False
lumped,dr,consonant,8,0.00367,0.00015,9e-05,895768,895768,dɾ(2),dɾ,0,False
lumped,dz̤|dz̤,consonant,1,0.00046,0.00015,0.0001,893600,1027039,,d̪z̪̤|dz̤,0,False
lumped,rʼ,consonant,1,0.00046,0.00014,9e-05,890000,890000,,rʼː,0,False
lumped,ɲʷ,consonant,16,0.00735,0.00014,0.00036,886000,3745970,,,0,False
lumped,ỹ,vowel,9,0.00413,0.00014,0.00025,872005,2609547,,ỹ ỹː,0,False
lumped,ɪə,vowel,2,0.00092,0.00014,7e-05,845170,764283,,,0,False
lumped,oə,vowel,1,0.00046,0.00014,7e-05,845100,764213,,oːə,0,False
lumped,ɵə,vowel,1,0.00046,0.00014,7e-05,845100,764213,,,0,False
lumped,χʲ,consonant,3,0.00138,0.00014,4e-05,833720,417583,,,0,False
lumped,qʲʼ,consonant,2,0.00092,0.00013,4e-05,823720,407583,,,0,False
lumped,ŋɡʷ,consonant,52,0.02389,0.00013,0.00019,802660,1999422,,,0,False
lumped,tɬʷ,consonant,1,0.00046,0.00012,7e-05,766500,675941,,tɬʷʰ,0,False
lumped,tɬʷʼ,consonant,1,0.00046,0.00012,7e-05,766500,675941,,,0,False
lumped,ʜʷ,consonant,1,0.00046,0.00012,7e-05,766500,675941,,,0,False
lumped,ʢʷ,consonant,1,0.00046,0.00012,7e-05,766500,675941,,,0,False
lumped,dʓʷ,consonant,2,0.00092,0.00012,6e-05,766010,665730,,d̠ʓʷ,0,False
lumped,tʆʷ,consonant,2,0.00092,0.00012,6e-05,766010,665730,,t̠ʆʷ t̠ʆʷʰ,0,False
lumped,ʆ,consonant,2,0.00092,0.00012,6e-05,766010,665730,,,0,False
lumped,ʆʷ,consonant,2,0.00092,0.00012,6e-05,766010,665730,,,0,False
lumped,ʓ,consonant,2,0.00092,0.00012,6e-05,766010,665730,,,0,False
lumped,ʓʷ,consonant,2,0.00092,0.00012,6e-05,766010,665730,,,0,False
lumped,ɡǂ,consonant,3,0.00138,0.00012,0.00011,759800,1171734,,,0,False
lumped,ḛ,vowel,19,0.00873,0.00012,7e-05,731094,731094,,e̞̰ ḛ ḛː ḛˑ,0,False
lumped,o̰,vowel,18,0.00827,0.00012,7e-05,730991,730991,,o̞̰ o̰ː o̰ˑ,0,False
lumped,ɢʷ,consonant,7,0.00322,0.00012,6e-05,723220,660248,,,0,False
lumped,bzʷ,consonant,1,0.00046,0.00012,0.00011,722000,1133934,,,0,False
lumped,dlʷ,consonant,1,0.00046,0.00012,0.00011,722000,1133934,,,0,False
lumped,n̤ʷ,consonant,1,0.00046,0.00012,0.00011,722000,1133934,,,0,False
lumped,psʷ,consonant,1,0.00046,0.00012,0.00011,722000,1133934,psʷʰ(1),psʷʰ,0,False
lumped,ɖʐʷ,consonant,1,0.00046,0.00012,0.00011,722000,1133934,,,0,False
lumped,ʈʂʷ,consonant,1,0.00046,0.00012,0.00011,722000,1133934,,,0,False
lumped,ʐʷ,consonant,1,0.00046,0.00012,0.00011,722000,1133934,,,0,False
lumped,ɯ̤,vowel,8,0.00367,0.00011,7e-05,679500,679500,ɯ̤i(1),ɯ̤ː,0,False
lumped,əʊ,vowel,2,0.00092,0.00011,5e-05,652200,492414,,,0,False
lumped,ɯ̰,vowel,4,0.00184,0.00011,6e-05,648000,648000,,ɯ̰̽ː,0,False
lumped,ii,vowel,4,0.00184,0.0001,0.03678,643960,380326051,ɨ(1),ii̯,0,False
lumped,sʷʲ,consonant,2,0.00092,0.0001,3e-05,643610,305724,,s̪ʷʲ,0,False
lumped,uu,vowel,3,0.00138,0.0001,0.03678,643540,380325432,ɣ(1),uu̯ u̠u,0,False
lumped,kʷʲ,consonant,1,0.00046,0.0001,3e-05,633610,295724,,kʷʲʰ,0,False
lumped,kʷʲʼ,consonant,1,0.00046,0.0001,3e-05,633610,295724,,,0,False
lumped,pʲʼ,consonant,1,0.00046,0.0001,3e-05,633610,295724,,,0,False
lumped,qʲ,consonant,1,0.00046,0.0001,3e-05,633610,295724,,qʲʰ,0,False
lumped,qʷʲ,consonant,1,0.00046,0.0001,3e-05,633610,295724,,qʷʲʰ,0,False
lumped,qʷʲʼ,consonant,1,0.00046,0.0001,3e-05,633610,295724,,,0,False
lumped,tsʲʼ,consonant,1,0.00046,0.0001,3e-05,633610,295724,,t̪s̪ʲʼ,0,False
lumped,tsʷʲ,consonant,1,0.00046,0.0001,3e-05,633610,295724,,t̪s̪ʷʲ t̪s̪ʷʲʰ,0,False
lumped,tsʷʲʼ,consonant,1,0.00046,0.0001,3e-05,633610,295724,,t̪s̪ʷʲʼ,0,False
lumped,tʷʲ,consonant,1,0.00046,0.0001,3e-05,633610,295724,,t̪ʷʲ t̪ʷʲʰ,0,False
lumped,tʷʲʼ,consonant,1,0.00046,0.0001,3e-05,633610,295724,,t̪ʷʲʼ,0,False
lumped,χʷʲ,consonant,1,0.00046,0.0001,3e-05,633610,295724,,,0,False
lumped,ə̰,vowel,3,0.00138,0.0001,6e-05,617000,617000,,,0,False
lumped,ʈʂʼ,consonant,9,0.00413,0.0001,0.00013,612358,1387437,,,0,False
lumped,nd|nd,consonant,14,0.00643,0.0001,6e-05,612000,603805,,n̪d̪|nd,0,False
lumped,y̤,vowel,2,0.00092,0.0001,6e-05,610000,610000,,,0,False
lumped,cçʼ,consonant,5,0.0023,0.0001,6e-05,602810,602810,,,0,False
lumped,y̰,vowel,1,0.00046,0.0001,6e-05,600000,600000,,y̰ː,0,False
lumped,ø̤,vowel,1,0.00046,0.0001,6e-05,600000,600000,,,0,False
lumped,ø̰,vowel,1,0.00046,0.0001,6e-05,600000,600000,,,0,False
lumped,i̘,vowel,2,0.00092,0.0001,0.00014,593410,1467601,ĩ̘(1),,0,False
lumped,o̙,vowel,2,0.00092,0.0001,0.00014,593410,1467601,õ̙(1),o̞̙,0,False
lumped,u̙,vowel,2,0.00092,0.0001,0.00014,593410,1467601,ũ̙(1),,0,False
lumped,tɕʼ,consonant,3,0.00138,0.0001,5e-05,585982,563953,,t̺ɕ̺ʼ,0,False
lumped,ɯ̙,vowel,1,0.00046,9e-05,0.00014,583410,1457601,,,0,False
lumped,ɯ̙i,vowel,1,0.00046,9e-05,0.00014,583410,1457601,,ɯ̙i̯,0,False
lumped,i͓,vowel,1,0.00046,9e-05,9e-05,578000,959949,,,0,False
lumped,u͓,vowel,1,0.00046,9e-05,9e-05,578000,959949,,,0,False
lumped,pʷʼ,consonant,1,0.00046,9e-05,5e-05,575900,553871,,,0,False
lumped,ʆʷʼ,consonant,1,0.00046,9e-05,5e-05,575900,553871,,,0,False
lumped,ʆʼ,consonant,1,0.00046,9e-05,5e-05,575900,553871,,,0,False
lumped,ʔʷʼ,consonant,1,0.00046,9e-05,5e-05,575900,553871,,,0,False
lumped,ʔʼ,consonant,1,0.00046,9e-05,5e-05,575900,553871,,,0,False
lumped,r̊,consonant,3,0.00138,8e-05,5e-05,521900,521900,,ɻ̊ ɽ̊ ɾ̪̊ ɾ̪̊ʰ,0,False
lumped,R,consonant,9,0.00413,8e-05,5e-05,520550,563362,,R̪,1,True
lumped,dʷ,consonant,20,0.00919,8e-05,0.00018,514110,1862930,lʷ(1),,0,False
lumped,k͈,consonant,67,0.03078,8e-05,5e-05,494756,494756,k͈ʷ(2) k͈ʲ(1),k͈ː,0,False
lumped,p͈,consonant,67,0.03078,8e-05,5e-05,494756,494756,,p͈ː,0,False
lumped,t͈,consonant,67,0.03078,8e-05,5e-05,494756,494756,,t̪͈ t̺͈ t͈ː,0,False
lumped,c̤,consonant,2,0.00092,8e-05,0.00026,488000,2732608,,,0,False
lumped,yø,vowel,3,0.00138,8e-05,4e-05,485670,408451,,yø̞ y̯ø,1,True
lumped,m̰,consonant,21,0.00965,7e-05,9e-05,454547,890821,ˀm̥(1),,0,False
lumped,ȶ͈,consonant,61,0.02802,7e-05,4e-05,452842,452842,,,0,False
lumped,ȶ͉,consonant,59,0.0271,7e-05,4e-05,432842,432842,,,0,False
lumped,ø̜,vowel,1,0.00046,7e-05,1e-05,431800,112657,,ø̞̜ ø̞̜ː,0,False
lumped,nts,consonant,13,0.00597,7e-05,0.00275,423120,28440688,ntʃ(1) ntsʰ(1),ntsʰ n̪t̪s̪ n̪t̪s̪ʰ,1,True
lumped,nˤ,consonant,2,0.00092,7e-05,4e-05,422900,452052,,nˤː n̪ˤ,0,False
lumped,ɜi,vowel,2,0.00092,7e-05,4e-05,401200,459740,,ɜi̯,0,False
lumped,ɔa,vowel,2,0.00092,6e-05,4e-05,392050,425037,,ɔaː,0,False
lumped,æʊ,vowel,1,0.00046,6e-05,4e-05,391200,449740,,æːʊ,0,False
lumped,ɜɪ,vowel,1,0.00046,6e-05,4e-05,391200,449740,əɪ(1),ɜɪ̯,0,False
lumped,sʼ|sʼ,consonant,6,0.00276,6e-05,8e-05,389500,830223,,s̪ʼ|sʼ,0,False
lumped,ʔˤ,consonant,4,0.00184,6e-05,4e-05,380430,409582,,,0,False
lumped,rʷ,consonant,25,0.01148,6e-05,0.00017,374000,1793207,ɾʷ(4) ɻʷ(3),ɻʷ ɾʷ,0,False
lumped,ŋɡʲ,consonant,8,0.00367,6e-05,4e-05,370000,370000,,,0,False
lumped,øɪ,vowel,1,0.00046,6e-05,4e-05,358000,364036,,øɪ̯,0,False
lumped,ʏi,vowel,1,0.00046,6e-05,4e-05,358000,364036,,ʏi̯,0,False
lumped,jʷ,consonant,23,0.01056,6e-05,0.00014,354000,1439498,jɥ(1),,0,False
lumped,nr,consonant,2,0.00092,6e-05,4e-05,351270,381128,nɾ(1),nɾ,0,False
lumped,pˤ,consonant,3,0.00138,6e-05,4e-05,342900,372052,,pˤʰ,0,False
lumped,n̥|n̥,consonant,8,0.00367,6e-05,8e-05,342500,777016,,n̪̥|n̥,0,False
lumped,n̰|n̰,consonant,6,0.00276,6e-05,3e-05,340720,340720,,n̪̰|n̰,0,False
lumped,ʡ,consonant,3,0.00138,6e-05,4e-05,338787,367940,,,0,False
lumped,ndr,consonant,7,0.00322,5e-05,4e-05,335000,366048,ndɾ(2),ndɾ,0,False
lumped,nɗ,consonant,3,0.00138,5e-05,3e-05,332000,353052,,,0,False
lumped,ŋ̰,consonant,5,0.0023,5e-05,3e-05,325235,326679,,,0,False
lumped,kǀ͓,consonant,5,0.0023,5e-05,4e-05,324800,383203,,kǀ͓ʰ,0,False
lumped,ŋǀ͓,consonant,5,0.0023,5e-05,4e-05,324800,383203,,,0,False
lumped,tsˤ,consonant,1,0.00046,5e-05,3e-05,322900,352052,,tsˤʰ,0,False
lumped,tʃˤʼ,consonant,1,0.00046,5e-05,3e-05,322900,352052,,t̠ʃˤʼ,0,False
lumped,tˤʼ,consonant,1,0.00046,5e-05,3e-05,322900,352052,,t̪ˤʼ,0,False
lumped,vˤ,consonant,1,0.00046,5e-05,3e-05,322900,352052,,,0,False
lumped,ɛæ,vowel,1,0.00046,5e-05,3e-05,322900,352052,,ɛ̯æː,0,False
lumped,ʒˤ,consonant,1,0.00046,5e-05,3e-05,322900,352052,ʒ̥ˤ(1) ʃˤ(1),ʒˤː,0,False
lumped,mɓ,consonant,2,0.00092,5e-05,3e-05,322000,343052,,,0,False
lumped,ɲ̰,consonant,4,0.00184,5e-05,7e-05,320142,754658,,,0,False
lumped,ɯ͓,vowel,2,0.00092,5e-05,3e-05,320000,349850,,,0,False
lumped,ʼm,consonant,2,0.00092,5e-05,3e-05,310000,310000,,,0,False
lumped,ʼn,consonant,2,0.00092,5e-05,3e-05,310000,310000,,,0,False
lumped,ŋ̥ʷ,consonant,2,0.00092,5e-05,3e-05,301800,301800,,,0,False
lumped,ɣ̰,consonant,1,0.00046,5e-05,3e-05,300000,300000,,,0,False
lumped,ʼb,consonant,1,0.00046,5e-05,3e-05,300000,300000,,,0,False
lumped,ʼd,consonant,1,0.00046,5e-05,3e-05,300000,300000,,,0,False
lumped,ʼj,consonant,1,0.00046,5e-05,3e-05,300000,300000,,,0,False
lumped,ʼw,consonant,1,0.00046,5e-05,3e-05,300000,300000,,,0,False
lumped,ʼŋ,consonant,1,0.00046,5e-05,3e-05,300000,300000,,,0,False
lumped,ʼɡ,consonant,1,0.00046,5e-05,3e-05,300000,300000,,,0,False
lumped,ʼɣ,consonant,1,0.00046,5e-05,3e-05,300000,300000,,,0,False
lumped,ʼɲ,consonant,1,0.00046,5e-05,3e-05,300000,300000,,,0,False
lumped,kǂ,consonant,4,0.00184,5e-05,3e-05,297800,356203,kǂʰ(1) qǂʰ(1),kǂʰ,0,False
lumped,kǃx,consonant,4,0.00184,5e-05,3e-05,297800,356203,,kǃxʰ kǃ̠xʰ,0,False
lumped,ⱱ,consonant,28,0.01286,5e-05,6e-05,293000,592661,w(1),ⱱ̟,0,False
lumped,i̥,vowel,4,0.00184,5e-05,3e-05,292055,292055,ɪ̥(1),,0,False
lumped,u̥,vowel,4,0.00184,5e-05,3e-05,292055,292055,ʊ̥(1),,0,False
lumped,ŋǁ͓,consonant,3,0.00138,5e-05,3e-05,290800,349203,,,0,False
lumped,ʈ͉,consonant,43,0.01975,5e-05,3e-05,287842,287842,ɖ(1),,0,False
lumped,ŋ̥ǀ͓ˀ,consonant,3,0.00138,5e-05,3e-05,284400,342803,,,0,False
lumped,ŋ̥ǃˀ,consonant,3,0.00138,5e-05,3e-05,284400,342803,,ŋ̥ǃ̠ˀ,0,False
lumped,ŋ̥ǀ͓,consonant,2,0.00092,5e-05,3e-05,283600,342003,,ŋ̥ǀ͓ʰ,0,False
lumped,ŋ̥ǃ,consonant,2,0.00092,5e-05,3e-05,283600,342003,,ŋ̥ǃ̠ʰ,0,False
lumped,ɨ̹,vowel,2,0.00092,5e-05,3e-05,281900,279460,,ɨ̹ː,0,False
lumped,wʲ,consonant,8,0.00367,4e-05,3e-05,273300,273459,,,0,False
lumped,ʈ͈,consonant,41,0.01883,4e-05,3e-05,272827,272827,,,0,False
lumped,eɔ,vowel,2,0.00092,4e-05,1e-05,271000,52674,,,0,False
lumped,uɪ,vowel,2,0.00092,4e-05,1e-05,271000,52674,,uɪ̯,0,False
lumped,ya,vowel,2,0.00092,4e-05,0.0,265100,46774,,,0,False
lumped,aʊɪ,vowel,1,0.00046,4e-05,0.0,261000,42674,,,0,False
lumped,eəɪ,vowel,1,0.00046,4e-05,0.0,261000,42674,,,0,False
lumped,iəɪ,vowel,1,0.00046,4e-05,0.0,261000,42674,,,0,False
lumped,oəɪ,vowel,1,0.00046,4e-05,0.0,261000,42674,,,0,False
lumped,əɪ,vowel,1,0.00046,4e-05,0.0,261000,42674,,,0,False
lumped,əɪa,vowel,1,0.00046,4e-05,0.0,261000,42674,,,0,False
lumped,əʊɪ,vowel,1,0.00046,4e-05,0.0,261000,42674,,,0,False
lumped,ɭ͓,consonant,1,0.00046,4e-05,3e-05,261000,324100,,,0,False
lumped,ʕʷ,consonant,3,0.00138,4e-05,3e-05,260004,260004,,,0,False
lumped,ɗʲ,consonant,2,0.00092,4e-05,3e-05,260000,260000,,,0,False
lumped,ˀm,consonant,10,0.00459,4e-05,7e-05,259769,723462,,ˀmː,0,False
lumped,ŋ̥ǁ͓ˀ,consonant,2,0.00092,4e-05,3e-05,250800,309203,,,0,False
lumped,kǀ͓ˠ,consonant,1,0.00046,4e-05,3e-05,250000,308403,,kǀ͓ˠʰ,0,False
lumped,kǁ͓x,consonant,1,0.00046,4e-05,3e-05,250000,308403,,kǁ͓xʰ,0,False
lumped,ŋ̥ǁ͓,consonant,1,0.00046,4e-05,3e-05,250000,308403,,ŋ̥ǁ͓ʰ,0,False
lumped,ɲj,consonant,2,0.00092,4e-05,2e-05,250000,250000,,,0,False
lumped,ue,vowel,13,0.00597,4e-05,0.00022,242656,2270141,ɣue(1),ue̞ uːe u̯e,1,True
lumped,ˀn,consonant,8,0.00367,4e-05,3e-05,239769,268946,,ˀnː,0,False
lumped,χʷˤ,consonant,3,0.00138,4e-05,2e-05,238480,160229,,χʷˤː,1,True
lumped,χˤ,consonant,3,0.00138,4e-05,2e-05,238480,160229,,χˤː,1,True
lumped,tʲ|tʲ,consonant,5,0.0023,4e-05,2e-05,232200,231897,,t̪ʲ|tʲ t̪ʲʰ|tʲʰ,0,False
lumped,ˀj,consonant,8,0.00367,4e-05,6e-05,229869,666312,,,0,False
lumped,lʲ|lʲ,consonant,4,0.00184,4e-05,2e-05,222200,221897,,l̪ʲ|lʲ,0,False
lumped,œɛ,vowel,1,0.00046,4e-05,2e-05,219000,219000,,œ̞ɛ̞,0,False
lumped,nˠ,consonant,2,0.00092,3e-05,0.00013,201130,1329355,n̥ˠ(1),n̪ˠ,0,False
lumped,tʃ͉,consonant,3,0.00138,3e-05,2e-05,200000,200000,tʃ(1) dʒ͉(1) dʒ(1),t̠ʃ͉,0,False
lumped,dʓ,consonant,1,0.00046,3e-05,1e-05,190110,111859,,d̠ʓ,0,False
lumped,tʆ,consonant,1,0.00046,3e-05,1e-05,190110,111859,,t̠ʆ t̠ʆʰ,0,False
lumped,tʆʷʼ,consonant,1,0.00046,3e-05,1e-05,190110,111859,,t̠ʆʷʼ,0,False
lumped,ɥˤ,consonant,1,0.00046,3e-05,1e-05,190110,111859,,,0,False
lumped,ʁʲ,consonant,1,0.00046,3e-05,1e-05,190110,111859,,,0,False
lumped,ɨ˞,vowel,2,0.00092,3e-05,2e-05,185000,185000,ɨ̥˞(1),,0,False
lumped,dɮ|dɮ,consonant,5,0.0023,3e-05,2e-05,180269,181882,,d̪ɮ̪|dɮ,0,False
lumped,t͉s,consonant,1,0.00046,3e-05,2e-05,175000,175000,d͉z(1),,0,False
lumped,eˤ,vowel,5,0.0023,3e-05,1e-05,174368,111082,,e̞ˤ,1,True
lumped,mbʲ,consonant,4,0.00184,3e-05,1e-05,155000,155000,,,0,False
lumped,æˤ,vowel,1,0.00046,3e-05,1e-05,154820,91534,,,0,False
lumped,øˤ,vowel,1,0.00046,3e-05,1e-05,154820,91534,,ø̞ˤ,0,False
lumped,bˠ,consonant,2,0.00092,2e-05,0.00012,151000,1264050,b̥ˠ(1),,0,False
lumped,nʒ,consonant,2,0.00092,2e-05,1e-05,150000,150000,ndʒ(1) ntʃʰ(1),n̠ʒ,0,False
lumped,ɖr,consonant,6,0.00276,2e-05,0.00258,150000,26647430,ɖrʷ(1) ɖrʲ(1) ɖɽ(1),ɖr̠ ɖɽ,1,True
lumped,ɸʲ,consonant,2,0.00092,2e-05,1e-05,150000,150000,ɸ(1),,0,False
lumped,ɯɤ,vowel,1,0.00046,2e-05,1e-05,148720,118784,,ɯ̯ɤ̞,0,False
lumped,fˠ,consonant,1,0.00046,2e-05,0.00012,141000,1254050,,,0,False
lumped,pˠ,consonant,1,0.00046,2e-05,0.00012,141000,1254050,pˠʰ(1),pˠʰ,0,False
lumped,mbʷ,consonant,14,0.00643,2e-05,1e-05,140000,138980,,,0,False
lumped,ɓʷ,consonant,2,0.00092,2e-05,1e-05,140000,140000,,,0,False
lumped,ɗʷ,consonant,2,0.00092,2e-05,1e-05,140000,140000,,,0,False
lumped,ɺʲ,consonant,1,0.00046,2e-05,1e-05,140000,140000,ɺ̥ʲ(1),,0,False
lumped,ʈr,consonant,5,0.0023,2e-05,1e-05,140000,140000,ʈɽ(1),ʈɽ ʈɽʰ,0,False
lumped,d̰,consonant,8,0.00367,2e-05,1e-05,132350,132350,nd(1) d(1) n(1) t(1),d̠̰ d̪̰,1,True
lumped,uɛ,vowel,6,0.00276,2e-05,0.00021,130130,2171271,,u̯ɛ,0,False
lumped,ɳɖr,consonant,4,0.00184,2e-05,0.00257,130000,26627430,ɳɖɽ(1),ɳɖr̠ ɳɖɽ,1,True
lumped,sʲ|sʲ,consonant,2,0.00092,2e-05,1e-05,125600,125297,,s̪ʲ|sʲ,0,False
lumped,ndʲ|ndʲ,consonant,1,0.00046,2e-05,1e-05,125000,125000,,n̪d̪ʲ|ndʲ,0,False
lumped,ɬʲ|ɬʲ,consonant,1,0.00046,2e-05,1e-05,125000,125000,,ɬ̪ʲ|ɬʲ,0,False
lumped,vʷ,consonant,9,0.00413,2e-05,0.00015,104000,1523207,,,0,False
lumped,ɒi,vowel,1,0.00046,2e-05,1e-05,100000,100000,,ɒːi̯,0,False
lumped,tr,consonant,8,0.00367,2e-05,1e-05,98700,98700,tɾ(2) r(1),tɾ,0,False
lumped,dʲ|dʲ,consonant,2,0.00092,2e-05,1e-05,96600,96297,,d̪ʲ|dʲ,0,False
lumped,ø̃,vowel,3,0.00138,1e-05,1e-05,90000,90000,,ø̃ː,0,False
lumped,ɭʷ,consonant,10,0.00459,1e-05,1e-05,90000,90000,,,0,False
lumped,ʊɪ,vowel,3,0.00138,1e-05,1e-05,89150,93079,,,0,False
lumped,t͉ʃ,consonant,1,0.00046,1e-05,1e-05,85000,85000,,t̠͉ʃ,0,False
lumped,ḭu,vowel,1,0.00046,1e-05,1e-05,85000,85000,ḭṵ(1),ḭu,0,False
lumped,cʷ,consonant,7,0.00322,1e-05,1e-05,84000,84000,cʷʰ(2),cʷʰ,0,False
lumped,ɟ̰,consonant,3,0.00138,1e-05,1e-05,82100,82100,tʃ(1) ʲd(1) ʲt(1),ɟ̰̩,1,True
lumped,ŋkʷ,consonant,8,0.00367,1e-05,0.00014,80000,1498187,ŋɡʷ(1),,0,False
lumped,ȴʷ,consonant,9,0.00413,1e-05,1e-05,80000,80000,,,0,False
lumped,ȵʷ,consonant,9,0.00413,1e-05,1e-05,80000,80000,,,0,False
lumped,ȶʷ,consonant,9,0.00413,1e-05,1e-05,80000,80000,,,0,False
lumped,ɳɡ,consonant,1,0.00046,1e-05,1e-05,80000,80000,,,0,False
lumped,ɳɡʷ,consonant,1,0.00046,1e-05,1e-05,80000,80000,,,0,False
lumped,ɳʷ,consonant,9,0.00413,1e-05,1e-05,80000,80000,,,0,False
lumped,ʈʷ,consonant,9,0.00413,1e-05,1e-05,80000,80000,,,0,False
lumped,ɛɪ,vowel,2,0.00092,1e-05,0.0001,79150,989193,,ɛɪ̯,0,False
lumped,ʋʲ,consonant,1,0.00046,1e-05,1e-05,74499,68046,,,0,False
lumped,ɡǀ͓,consonant,2,0.00092,1e-05,1e-05,73600,73600,,,0,False
lumped,ðʲ,consonant,3,0.00138,1e-05,1e-05,70550,85924,,,0,False
lumped,d̥ʑ̥,consonant,2,0.00092,1e-05,1e-05,70500,70500,,,1,True
lumped,ɤi,vowel,2,0.00092,1e-05,1e-05,70130,85305,,,0,False
lumped,ɢ̥,consonant,2,0.00092,1e-05,1e-05,70093,70093,,,0,False
lumped,d̥ʒ̊,consonant,1,0.00046,1e-05,1e-05,70000,70000,,,0,False
lumped,ndʷ,consonant,7,0.00322,1e-05,1e-05,70000,70000,,,0,False
lumped,wˀ,consonant,7,0.00322,1e-05,4e-05,70000,369661,,,1,True
lumped,ɖ̥ʐ̥,consonant,1,0.00046,1e-05,1e-05,70000,70000,,,0,False
lumped,ɛa,vowel,2,0.00092,1e-05,1e-05,69570,73603,,ɛa̟ ɛɐ,0,False
lumped,ʉu,vowel,1,0.00046,1e-05,1e-05,69150,72984,,,0,False
lumped,ˀb,consonant,4,0.00184,1e-05,1e-05,69000,69000,ˀbʷ(1) ʔ(1),,0,False
lumped,βʲ,consonant,8,0.00367,1e-05,1e-05,67500,67197,β̃ʲ(1),βʲː β̞ʲ,1,True
lumped,ˀɲ,consonant,5,0.0023,1e-05,5e-05,65700,527466,,ˀɲː,0,False
lumped,dzʷ,consonant,5,0.0023,1e-05,9e-05,64000,962971,,,0,False
lumped,n̰,consonant,13,0.00597,1e-05,1e-05,60947,62705,,n̪̰,0,False
lumped,ʁˤ,consonant,3,0.00138,1e-05,1e-05,60837,60837,,,1,True
lumped,ˀw,consonant,7,0.00322,1e-05,5e-05,60500,495331,,,0,False
lumped,ũã,vowel,1,0.00046,1e-05,1e-05,60130,75305,,ũã,0,False
lumped,ɛ̃ũ,vowel,1,0.00046,1e-05,1e-05,60130,75305,,ɛ̃ũ,0,False
lumped,ɪ̃ə̃,vowel,1,0.00046,1e-05,1e-05,60130,75305,,,0,False
lumped,ẽɪ̃,vowel,1,0.00046,1e-05,1e-05,60130,75305,,ẽɪ̃ ẽɪ̯̃,0,False
lumped,qˤ,consonant,3,0.00138,1e-05,1e-05,59878,59878,,qˤʰ,0,False
lumped,qˤʼ,consonant,2,0.00092,1e-05,1e-05,59867,59867,,,0,False
lumped,l̰,consonant,11,0.00505,1e-05,1e-05,58875,60633,ˀl̥(1),l̻̰,0,False
lumped,N,consonant,9,0.00413,1e-05,1e-05,57450,57450,,,0,False
lumped,ɟʷ,consonant,4,0.00184,1e-05,1e-05,54000,54000,,,0,False
lumped,dʼ,consonant,3,0.00138,1e-05,1e-05,53600,53600,,,0,False
lumped,l̰|l̰,consonant,6,0.00276,1e-05,1e-05,52100,52100,,l̪̰|l̰,0,False
lumped,kpʷ,consonant,5,0.0023,1e-05,0.0,50000,50000,,,0,False
lumped,kǁʼ,consonant,2,0.00092,1e-05,0.0,50000,50000,kǁʰʼ(1),kǁʰʼ,0,False
lumped,kǃʼ,consonant,2,0.00092,1e-05,0.0,50000,50000,kǃʰʼ(1),kǃʰʼ,0,False
lumped,ŋmkp,consonant,5,0.0023,1e-05,0.0,50000,50000,ŋmɡb(1),,0,False
lumped,ˀd,consonant,2,0.00092,1e-05,0.0,50000,50000,,ˀd̪,0,False
lumped,sʷ|sʷ,consonant,2,0.00092,1e-05,0.0,48370,48370,,s̪ʷ|sʷ s̪ʷː|sʷː,1,True
lumped,tsʷ|tsʷ,consonant,2,0.00092,1e-05,0.0,48370,48370,,t̪s̪ʷʰ|tsʷʰ t̪s̪ʷː|tsʷː,1,True
lumped,tsʷʼ|tsʷʼ,consonant,2,0.00092,1e-05,0.0,48370,48370,,t̪s̪ʷʼ|tsʷʼ,1,True
lumped,ʁʷˤ,consonant,2,0.00092,1e-05,0.0,48370,48370,,,1,True
lumped,ɡǃx,consonant,3,0.00138,1e-05,0.0,47800,47800,,,0,False
lumped,qʷˤ,consonant,1,0.00046,1e-05,0.0,47400,47400,,qʷˤʰ,0,False
lumped,qʷˤʼ,consonant,1,0.00046,1e-05,0.0,47400,47400,,,0,False
lumped,ɢʷˤ,consonant,1,0.00046,1e-05,0.0,47400,47400,,,0,False
lumped,ɢˤ,consonant,1,0.00046,1e-05,0.0,47400,47400,,,0,False
lumped,bβ,consonant,2,0.00092,1e-05,5e-05,44152,467677,,,0,False
lumped,yi,vowel,3,0.00138,1e-05,0.0002,44100,2070066,,yi̯,0,False
lumped,ũĩ,vowel,3,0.00138,1e-05,2e-05,43620,170559,,ũĩ,0,False
lumped,dʒʼ,consonant,2,0.00092,1e-05,0.0,43600,43600,,d̠ʒʼ,0,False
lumped,ãˤ,vowel,2,0.00092,1e-05,0.0,43600,43600,,ãˤ ãˤː,0,False
lumped,õˤ,vowel,2,0.00092,1e-05,0.0,43600,43600,,õˤ õ̞ˤ,0,False
lumped,ɡʼ,consonant,2,0.00092,1e-05,0.0,43600,43600,,,0,False
lumped,ẽĩ,vowel,2,0.00092,1e-05,0.0,43600,43600,,ẽĩ ẽ̞ĩ,0,False
lumped,tθʼ,consonant,4,0.00184,1e-05,0.0,41325,33811,θʼ(1),t̪θʼ,0,False
lumped,dɮ,consonant,3,0.00138,1e-05,0.0,40580,40895,,,0,False
lumped,ˀl,consonant,5,0.0023,1e-05,0.0,40500,40815,,,0,False
lumped,ŋʲ,consonant,7,0.00322,1e-05,0.0,40102,39799,,ŋʲː,1,True
lumped,r͈,consonant,5,0.0023,1e-05,0.0,40005,40005,,r̺͈ r͈ː,0,False
lumped,kǀ͓ˀ,consonant,1,0.00046,1e-05,0.0,40000,40000,,,0,False
lumped,kǁ͓ˀ,consonant,1,0.00046,1e-05,0.0,40000,40000,,,0,False
lumped,kǃˀ,consonant,1,0.00046,1e-05,0.0,40000,40000,,kǃ̠ˀ,0,False
lumped,ps,consonant,4,0.00184,1e-05,9e-05,40000,938971,psʰ(1),psʰ,0,False
lumped,ɠɓ,consonant,4,0.00184,1e-05,0.0,40000,40000,ɓʷ(1),,0,False
lumped,ɡǁ͓,consonant,1,0.00046,1e-05,0.0,40000,40000,,,0,False
lumped,ɥ̃,consonant,4,0.00184,1e-05,0.0,40000,40000,,,0,False
lumped,ɲʒ,consonant,4,0.00184,1e-05,0.0,40000,40000,,,0,False
lumped,ʌ̤,vowel,4,0.00184,1e-05,1e-05,40000,120255,,ʌ̤ː,0,False
lumped,βʷ,consonant,4,0.00184,1e-05,0.0,40000,38980,,,0,False
lumped,kǂx,consonant,2,0.00092,1e-05,0.0,37800,37800,,,0,False
lumped,ŋǂ,consonant,2,0.00092,1e-05,0.0,37800,37800,,,0,False
lumped,ɡǂx,consonant,2,0.00092,1e-05,0.0,37800,37800,,,0,False
lumped,ᴅ,consonant,5,0.0023,1e-05,0.0,35820,35820,,ᴅ̪,0,False
lumped,tx,consonant,5,0.0023,1e-05,0.0,35725,36814,,t̪x,0,False
lumped,yæ,vowel,1,0.00046,1e-05,0.0,35600,14082,,,0,False
lumped,õĩ,vowel,2,0.00092,1e-05,0.0,33620,33620,,õ̞ĩ,0,False
lumped,aeˤ,vowel,1,0.00046,1e-05,0.0,33600,33600,,ae̞ˤ,0,False
lumped,aoˤ,vowel,1,0.00046,1e-05,0.0,33600,33600,,ao̞ˤ,0,False
lumped,bʼ,consonant,1,0.00046,1e-05,0.0,33600,33600,,,0,False
lumped,dzʼ,consonant,1,0.00046,1e-05,0.0,33600,33600,,,0,False
lumped,dzˠ,consonant,1,0.00046,1e-05,0.0,33600,33600,,,0,False
lumped,dz̤,consonant,1,0.00046,1e-05,0.0,33600,33600,,,0,False
lumped,dʒˠ,consonant,1,0.00046,1e-05,0.0,33600,33600,,d̠ʒˠ,0,False
lumped,kǀ͓x,consonant,1,0.00046,1e-05,0.0,33600,33600,,,0,False
lumped,kǂ͓ˡ,consonant,1,0.00046,1e-05,0.0,33600,33600,,kǂ͓ˡʰ,0,False
lumped,kǂ͓ˡx,consonant,1,0.00046,1e-05,0.0,33600,33600,,,0,False
lumped,oaˤ,vowel,1,0.00046,1e-05,0.0,33600,33600,,o̞aˤ,0,False
lumped,oiˤ,vowel,1,0.00046,1e-05,0.0,33600,33600,,o̞iˤ,0,False
lumped,tsˠ,consonant,1,0.00046,1e-05,0.0,33600,33600,,,0,False
lumped,tʃˠ,consonant,1,0.00046,1e-05,0.0,33600,33600,,t̠ʃˠ,0,False
lumped,ãõˤ,vowel,1,0.00046,1e-05,0.0,33600,33600,,ãõ̞ˤ,0,False
lumped,ãẽˤ,vowel,1,0.00046,1e-05,0.0,33600,33600,,ãẽ̞ˤ,0,False
lumped,õã,vowel,1,0.00046,1e-05,0.0,33600,33600,,õã õ̞ã,0,False
lumped,õãˤ,vowel,1,0.00046,1e-05,0.0,33600,33600,,õ̞ãˤ,0,False
lumped,õĩˤ,vowel,1,0.00046,1e-05,0.0,33600,33600,,õ̞ĩˤ,0,False
lumped,ŋǂ͓ˡ,consonant,1,0.00046,1e-05,0.0,33600,33600,,,0,False
lumped,ŋˤ,consonant,1,0.00046,1e-05,0.0,33600,33600,,,0,False
lumped,ŋ̤ǀ͓,consonant,1,0.00046,1e-05,0.0,33600,33600,,,0,False
lumped,ŋ̤ǂ,consonant,1,0.00046,1e-05,0.0,33600,33600,,,0,False
lumped,ŋ̤ǂ͓ˡ,consonant,1,0.00046,1e-05,0.0,33600,33600,,,0,False
lumped,ŋ̥ǀ͓xˀ,consonant,1,0.00046,1e-05,0.0,33600,33600,,,0,False
lumped,ŋ̥ǂ,consonant,1,0.00046,1e-05,0.0,33600,33600,,ŋ̥ǂʰ,0,False
lumped,ŋ̥ǂxˀ,consonant,1,0.00046,1e-05,0.0,33600,33600,,,0,False
lumped,ŋ̥ǂˀ,consonant,1,0.00046,1e-05,0.0,33600,33600,,,0,False
lumped,ŋ̥ǂ͓ˡ,consonant,1,0.00046,1e-05,0.0,33600,33600,,ŋ̥ǂ͓ˡʰ,0,False
lumped,ŋ̥ǂ͓ˡxˀ,consonant,1,0.00046,1e-05,0.0,33600,33600,,,0,False
lumped,ŋ̥ǂ͓ˡˀ,consonant,1,0.00046,1e-05,0.0,33600,33600,,,0,False
lumped,ŋ̥ǃˠˀ,consonant,1,0.00046,1e-05,0.0,33600,33600,,,0,False
lumped,ɔ̃ˤ,vowel,1,0.00046,1e-05,0.0,33600,33600,,ɔ̃ˤː,0,False
lumped,ɡǀ͓x,consonant,1,0.00046,1e-05,0.0,33600,33600,,,0,False
lumped,ɡǂ͓ˡ,consonant,1,0.00046,1e-05,0.0,33600,33600,,,0,False
lumped,ɡǂ͓ˡx,consonant,1,0.00046,1e-05,0.0,33600,33600,,,0,False
lumped,ɡ̤ǀ͓,consonant,1,0.00046,1e-05,0.0,33600,33600,,,0,False
lumped,ɡ̤ǂ,consonant,1,0.00046,1e-05,0.0,33600,33600,,,0,False
lumped,ɡ̤ǂ͓ˡ,consonant,1,0.00046,1e-05,0.0,33600,33600,,,0,False
lumped,ɡ̰ǀ͓x,consonant,1,0.00046,1e-05,0.0,33600,33600,,,0,False
lumped,ɡ̰ǂx,consonant,1,0.00046,1e-05,0.0,33600,33600,,,0,False
lumped,ɡ̰ǂ͓ˡx,consonant,1,0.00046,1e-05,0.0,33600,33600,,,0,False
lumped,ɡ̰ǃx,consonant,1,0.00046,1e-05,0.0,33600,33600,,,0,False
lumped,ẽũ,vowel,1,0.00046,1e-05,0.0,33600,33600,,ẽ̞ũ,0,False
lumped,ɨi,vowel,7,0.00322,1e-05,0.0,33077,33077,,ɨi̯,0,False
lumped,ʛ̥,consonant,1,0.00046,1e-05,1e-05,33000,56591,,,0,False
lumped,ɬʲ,consonant,5,0.0023,1e-05,3e-05,32107,325806,,ɬ̪ʲ,0,False
lumped,ɭ̥,consonant,3,0.00138,1e-05,0.0,31900,31900,,,0,False
lumped,ɤ̤,vowel,4,0.00184,1e-05,0.0,31500,31500,,ɤ̤ː,0,False
lumped,ɳʈʂ,consonant,4,0.00184,1e-05,8e-05,31120,836248,,ɳʈʂʰ,0,False
lumped,ʉ̃,vowel,5,0.0023,0.0,0.0,30147,30147,,ʉ̃ː,0,False
lumped,q̰,consonant,5,0.0023,0.0,0.0,30145,26717,,,0,False
lumped,ts̰,consonant,5,0.0023,0.0,0.0,30145,26717,,,0,False
lumped,tʃ̰,consonant,6,0.00276,0.0,0.0,30145,26717,,t̠ʃ̰,0,False
lumped,iɛi,vowel,2,0.00092,0.0,0.0002,30002,2055968,,iɛi̯ i̯ɛi i̯ɛi̯,0,False
lumped,ay,vowel,3,0.00138,0.0,0.0,30000,30000,,ɑy,0,False
lumped,cçʷ,consonant,3,0.00138,0.0,4e-05,30000,365891,ɟʝʷ(2) cçʷʰ(1),cçʷʰ,0,False
lumped,cʲ,consonant,3,0.00138,0.0,0.0,30000,30000,,,0,False
lumped,eə,vowel,1,0.00046,0.0,0.0,30000,30000,,e̞ə,0,False
lumped,iei,vowel,1,0.00046,0.0,0.0002,30000,2055966,,i̯ei̯,0,False
lumped,kpʲ,consonant,3,0.00138,0.0,0.0,30000,30000,,,0,False
lumped,nsʷ,consonant,3,0.00138,0.0,0.00014,30000,1449207,,,0,False
lumped,ntɕ,consonant,3,0.00138,0.0,0.0,30000,30000,,ntɕʰ,0,False
lumped,ntʷ,consonant,3,0.00138,0.0,0.0,30000,30000,,,0,False
lumped,nɡ,consonant,3,0.00138,0.0,0.0,30000,30000,,,0,False
lumped,ueu,vowel,1,0.00046,0.0,0.0002,30000,2055966,,u̯eu̯,0,False
lumped,uɛi,vowel,1,0.00046,0.0,0.0002,30000,2055966,,u̯ɛi u̯ɛi̯,0,False
lumped,ŋɣ,consonant,3,0.00138,0.0,0.0,30000,30000,,,0,False
lumped,ɟʝʷ,consonant,3,0.00138,0.0,4e-05,30000,365891,,,0,False
lumped,ɟʲ,consonant,3,0.00138,0.0,0.0,30000,30000,,,0,False
lumped,ɨə,vowel,3,0.00138,0.0,0.0,30000,30000,,,0,False
lumped,ɲc,consonant,3,0.00138,0.0,8e-05,30000,835128,,ɲcʰ,0,False
lumped,ʈʼ,consonant,3,0.00138,0.0,0.0,30000,30000,,,0,False
lumped,uˤ,vowel,5,0.0023,0.0,0.0,29548,29548,,uˤː,1,True
lumped,ã̰,vowel,7,0.00322,0.0,0.0,28790,28790,,ã̰,0,False
lumped,hʼ,consonant,1,0.00046,0.0,0.0,25810,25810,,,0,False
lumped,kǀʷ,consonant,1,0.00046,0.0,0.0,24000,24000,kǀʷʰ(1),kǀʷʰ,0,False
lumped,aɛ,vowel,3,0.00138,0.0,9e-05,23000,929209,,,0,False
lumped,ʟ,consonant,1,0.00046,0.0,0.0,21000,21000,,,0,False
lumped,ɮ|ɮ,consonant,3,0.00138,0.0,0.0,20970,20970,,ɮ̪|ɮ,1,True
lumped,u̜,vowel,3,0.00138,0.0,0.0,20082,20082,,,0,False
lumped,ɮʲ,consonant,3,0.00138,0.0,0.0,20082,20082,,ɮ̪ʲ,0,False
lumped,r̰,consonant,3,0.00138,0.0,0.0,20030,20030,,ɹ̪̰̩ ɾ̰,0,False
lumped,R̰|R̰,consonant,3,0.00138,0.0,0.0,20000,20000,,R̪̰|R̰,0,False
lumped,aɨ,vowel,2,0.00092,0.0,0.0,20000,20000,,,0,False
lumped,a̹,vowel,2,0.00092,0.0,5e-05,20000,483956,,ɐ̹̆ ɑ̝̹,0,False
lumped,br,consonant,2,0.00092,0.0,0.0,20000,20000,bɾ(1),bɾ,0,False
lumped,dʷʲ,consonant,2,0.00092,0.0,0.0,20000,20000,,,0,False
lumped,d̤z̤,consonant,2,0.00092,0.0,9e-05,20000,918971,dz(1),d̤z̤ː,0,False
lumped,iɛ̃,vowel,2,0.00092,0.0,0.0,20000,20000,,i̯ɛ̃,0,False
lumped,i̜,vowel,2,0.00092,0.0,0.0,20000,20000,,,0,False
lumped,kf,consonant,2,0.00092,0.0,0.0,20000,20000,,,0,False
lumped,kpr,consonant,2,0.00092,0.0,0.0,20000,20000,kpɾ(1),kpɾ,0,False
lumped,kŋ,consonant,2,0.00092,0.0,0.0,20000,20000,kŋʷ(1),,0,False
lumped,k̙,consonant,2,0.00092,0.0,0.0,20000,20000,,,0,False
lumped,mbv,consonant,2,0.00092,0.0,0.0,20000,20000,,,0,False
lumped,ndʒʷ,consonant,2,0.00092,0.0,0.0,20000,20000,,n̠d̠ʒʷ,0,False
lumped,nh,consonant,2,0.00092,0.0,0.00016,20000,1628926,,,0,False
lumped,nt|nt,consonant,2,0.00092,0.0,0.0,20000,20000,,n̪t̪|nt,0,False
lumped,nzʷ,consonant,2,0.00092,0.0,0.0,20000,20000,,,0,False
lumped,nɟ,consonant,2,0.00092,0.0,0.0,20000,20000,,,0,False
lumped,nʷ|nʷ,consonant,2,0.00092,0.0,0.0,20000,20000,,n̪ʷ|nʷ,0,False
lumped,pm,consonant,2,0.00092,0.0,0.0,20000,20000,,,0,False
lumped,tl,consonant,2,0.00092,0.0,0.0,20000,20000,tlʱ(1),tlʱ,0,False
lumped,tn,consonant,2,0.00092,0.0,0.0,20000,20000,tʰ(1),t̠n̠ t̪n̪,0,False
lumped,uã,vowel,2,0.00092,0.0,0.0,20000,20000,,uɑ̃,0,False
lumped,uã,vowel,2,0.00092,0.0,0.0,20000,20000,,uã uãː u̯ã,0,False
lumped,z͇|z͇,consonant,2,0.00092,0.0,0.0,20000,20000,,z̪͇|z͇,0,False
lumped,çʷ,consonant,2,0.00092,0.0,0.0,20000,20000,ç̃ʷ(1),,0,False
lumped,ŋkʲ,consonant,2,0.00092,0.0,0.0,20000,20000,,,0,False
lumped,ɒ̤,vowel,2,0.00092,0.0,0.0,20000,20000,,,0,False
lumped,ɕʼ,consonant,2,0.00092,0.0,0.0,20000,20000,,,0,False
lumped,ɗʒ,consonant,2,0.00092,0.0,0.0,20000,20000,ʄ(1),,0,False
lumped,ɜ̃,vowel,2,0.00092,0.0,0.0,20000,20000,,,0,False
lumped,ɡbr,consonant,2,0.00092,0.0,0.0,20000,20000,ɡbɾ(1),ɡbɾ,0,False
lumped,ɡbʲ,consonant,2,0.00092,0.0,0.0,20000,20000,,,0,False
lumped,ɡbʷ,consonant,2,0.00092,0.0,0.0,20000,20000,,,0,False
lumped,ɡv,consonant,2,0.00092,0.0,0.0,20000,20000,,,0,False
lumped,ɡɣ,consonant,2,0.00092,0.0,0.0,20000,20000,ɡ(1),,0,False
lumped,ɡʷʲ,consonant,2,0.00092,0.0,0.0,20000,20000,,,0,False
lumped,ɡ̊ʷ,consonant,2,0.00092,0.0,9e-05,20000,947911,,,0,False
lumped,ɡᶣ,consonant,2,0.00092,0.0,4e-05,20000,383840,,,0,False
lumped,ɥ̥,consonant,2,0.00092,0.0,0.0,20000,20000,,,0,False
lumped,ɦʷ,consonant,2,0.00092,0.0,0.0,20000,20000,,,0,False
lumped,ɪ̤,vowel,2,0.00092,0.0,0.0,20000,20000,,,0,False
lumped,ɰ̰,consonant,2,0.00092,0.0,0.0,20000,20000,,,0,False
lumped,ɳʈ,consonant,2,0.00092,0.0,0.0,20000,20000,,ɳʈʰ,0,False
lumped,ɴɢ,consonant,2,0.00092,0.0,0.0,20000,20000,,,0,False
lumped,ɶ,vowel,2,0.00092,0.0,0.0,20000,20000,ɑ(1),ɶː ɶ̝,0,False
lumped,ʈɳ,consonant,2,0.00092,0.0,0.0,20000,20000,,,0,False
lumped,ʉi,vowel,2,0.00092,0.0,0.00011,20000,1187673,,ʉi̯,0,False
lumped,ʎ̥,consonant,2,0.00092,0.0,0.0,20000,20000,,ʎ̟̥,0,False
lumped,ʔ̃,consonant,1,0.00046,0.0,0.0,20000,20000,,,0,False
lumped,ʙ,consonant,2,0.00092,0.0,0.0,20000,20000,,,0,False
lumped,ˀr,consonant,2,0.00092,0.0,0.0,20000,20000,,,0,False
lumped,ˀŋ,consonant,2,0.00092,0.0,0.0,20000,20000,,,0,False
lumped,iˤ,vowel,4,0.00184,0.0,0.0,19548,19548,,iˤː,1,True
lumped,ḭ̃,vowel,6,0.00276,0.0,0.0,18790,18790,,ḭ̃,0,False
lumped,õ̰,vowel,4,0.00184,0.0,0.0,18060,18060,,õ̞̰ õ̰,0,False
lumped,j̊,consonant,3,0.00138,0.0,0.0,17900,17900,,,0,False
lumped,ʂ͇,consonant,2,0.00092,0.0,0.0,16780,16780,,,0,False
lumped,χʼ,consonant,3,0.00138,0.0,0.0,16500,16500,,χʼː,0,False
lumped,ɺ|ɺ,consonant,2,0.00092,0.0,0.0,16300,8105,,ɺ̪|ɺ,0,False
lumped,dx,consonant,2,0.00092,0.0,0.0,14200,14200,,d̪x,0,False
lumped,kǀx,consonant,2,0.00092,0.0,0.0,14200,14200,,,0,False
lumped,kǁx,consonant,2,0.00092,0.0,0.0,14200,14200,,,0,False
lumped,kʘ,consonant,2,0.00092,0.0,0.0,14200,14200,kʘʰ(1) qʘʰ(1),kʘʰ,0,False
lumped,ɡǀx,consonant,2,0.00092,0.0,0.0,14200,14200,,,0,False
lumped,ɡǁx,consonant,2,0.00092,0.0,0.0,14200,14200,,,0,False
lumped,e˞,vowel,2,0.00092,0.0,0.0,14100,14100,,,0,False
lumped,u˞,vowel,2,0.00092,0.0,0.0,14100,14100,,,0,False
lumped,ɔ̜,vowel,4,0.00184,0.0,0.0,13988,13988,,ɔ̜ː ɔ̟̜ ɔ̟̜ː,0,False
lumped,ɨ̥,vowel,1,0.00046,0.0,0.0,12055,12055,ɪ̥(1),,0,False
lumped,yœ,vowel,2,0.00092,0.0,0.0,12000,12000,,yœː,0,False
lumped,ɡ̰,consonant,3,0.00138,0.0,0.0,11950,11950,k(1) ɡ(1) ŋ(1),,1,True
lumped,ɜ̹,vowel,1,0.00046,0.0,0.0,11900,11900,,ɜ̹ː,0,False
lumped,r̥|r̥,consonant,2,0.00092,0.0,0.0,11800,11800,,r̪̥|r̥ ɹ̪̥|ɹ̥,0,False
lumped,kxʷ,consonant,1,0.00046,0.0,0.0,11325,12414,,kxʷʰ,0,False
lumped,tˠ|tˠ,consonant,1,0.00046,0.0,0.0,11325,12414,,t̪ˠʰ|tˠʰ,0,False
lumped,tʷ|tʷ,consonant,3,0.00138,0.0,0.0,11095,11095,,t̪ʷ|tʷ t̪ʷʰ|tʷʰ,1,True
lumped,ṵ̃,vowel,4,0.00184,0.0,0.0,11070,11070,,ṵ̃,0,False
lumped,nʲ|nʲ,consonant,3,0.00138,0.0,0.0,10682,10379,,n̪ʲ|nʲ,0,False
lumped,ˀp,consonant,2,0.00092,0.0,0.0,10610,10610,,,0,False
lumped,ˀt,consonant,2,0.00092,0.0,0.0,10610,10610,,ˀt̪,0,False
lumped,kʷˀ,consonant,2,0.00092,0.0,0.0,10550,10550,,,0,False
lumped,dl,consonant,3,0.00138,0.0,0.0,10520,10835,,d̪l̪,0,False
lumped,m̥ʲ,consonant,2,0.00092,0.0,0.0,10500,10500,,m̥ʲː,1,True
lumped,tˀ|tˀ,consonant,2,0.00092,0.0,0.0,10500,17802,,t̪ˀ|tˀ,0,False
lumped,c̰,consonant,2,0.00092,0.0,0.0,10400,10400,,,0,False
lumped,ɘ̃,vowel,2,0.00092,0.0,1e-05,10250,53062,,ɘ̃ː,0,False
lumped,k̰ʷ,consonant,4,0.00184,0.0,0.0,10145,10145,,,0,False
lumped,q̰ʷ,consonant,3,0.00138,0.0,0.0,10145,10145,,,0,False
lumped,s̰,consonant,2,0.00092,0.0,0.0,10105,10105,,,0,False
lumped,æ̰,vowel,2,0.00092,0.0,0.0,10103,10103,,,0,False
lumped,ɪ̰,vowel,2,0.00092,0.0,0.0,10093,10093,,,0,False
lumped,w̥,consonant,2,0.00092,0.0,0.0,10020,10020,,,0,False
lumped,mʼ,consonant,2,0.00092,0.0,0.0,10004,10004,,,0,False
lumped,nʼ,consonant,2,0.00092,0.0,0.0,10004,10004,,,0,False
lumped,aɔ,vowel,1,0.00046,0.0,0.0,10000,10000,,,0,False
lumped,aɯ̃,vowel,1,0.00046,0.0,0.0,10000,10000,,,0,False
lumped,aˀ,vowel,1,0.00046,0.0,0.0,10000,10000,,,0,False
lumped,a˞ˤ,vowel,1,0.00046,0.0,0.0,10000,10000,,,0,False
lumped,ãõ,vowel,1,0.00046,0.0,0.0,10000,10000,ɑ̃õ(1),ɑ̃õ,0,False
lumped,ãĩ,vowel,1,0.00046,0.0,0.0,10000,10000,ɑ̃ĩ(1),ɑ̃ĩ,0,False
lumped,a̤i̤,vowel,1,0.00046,0.0,0.0,10000,10000,,,0,False
lumped,a̤ɯ̤,vowel,1,0.00046,0.0,0.0,10000,10000,,,0,False
lumped,a̤ṳ,vowel,1,0.00046,0.0,0.0,10000,10000,,a̤ṳ,0,False
lumped,a̰ɪ̰,vowel,1,0.00046,0.0,0.0,10000,10000,,,0,False
lumped,a̰ɯ̰,vowel,1,0.00046,0.0,0.0,10000,10000,,,0,False
lumped,a̰ḭ,vowel,1,0.00046,0.0,0.0,10000,10000,,a̰ḭ,0,False
lumped,a̰ṵ,vowel,1,0.00046,0.0,0.0,10000,10000,,a̰ṵ,0,False
lumped,bvʷ,consonant,1,0.00046,0.0,0.0,10000,10000,,,0,False
lumped,bɡ,consonant,1,0.00046,0.0,9e-05,10000,908971,,,0,False
lumped,bˀ,consonant,1,0.00046,0.0,0.0,10000,10000,pˀ(1),,0,False
lumped,b˞,consonant,1,0.00046,0.0,0.0,10000,10000,,,0,False
lumped,b̤v̤,consonant,1,0.00046,0.0,0.0,10000,10000,,,0,False
lumped,b̤z̤,consonant,1,0.00046,0.0,0.0,10000,10000,,,0,False
lumped,b͈,consonant,1,0.00046,0.0,0.0,10000,10000,,b͈ː,0,False
lumped,b͉,consonant,1,0.00046,0.0,0.0,10000,10000,m(1),,0,False
lumped,cn,consonant,1,0.00046,0.0,0.0,10000,10000,,cn̠,0,False
lumped,cɲ,consonant,1,0.00046,0.0,0.0,10000,10000,,,0,False
lumped,dʑᶣ,consonant,1,0.00046,0.0,0.0,10000,10000,,,0,False
lumped,dʒr,consonant,1,0.00046,0.0,0.0,10000,10000,dʒɾ(1),d̠ʒɾ,0,False
lumped,dʒxʼ,consonant,1,0.00046,0.0,0.0,10000,10000,,d̠ʒxʼ,0,False
lumped,d̤ɮ̤,consonant,1,0.00046,0.0,0.0,10000,10000,,,0,False
lumped,d̥ʒ̥,consonant,1,0.00046,0.0,5e-05,10000,473956,,,0,False
lumped,d̥ʲ,consonant,1,0.00046,0.0,0.0,10000,10000,,,0,False
lumped,d͇z͇,consonant,1,0.00046,0.0,0.0,10000,10000,,,0,False
lumped,d͈,consonant,1,0.00046,0.0,0.0,10000,10000,,d͈ː,0,False
lumped,d͈ʒ,consonant,1,0.00046,0.0,0.0,10000,10000,,d̠͈ʒ,0,False
lumped,dᶣ,consonant,1,0.00046,0.0,0.0,10000,10000,,,0,False
lumped,eʊ,vowel,1,0.00046,0.0,0.0,10000,10000,,eʊ̯,0,False
lumped,eʲ,vowel,1,0.00046,0.0,0.0,10000,10000,ẽʲ(1),,0,False
lumped,eˀ,vowel,1,0.00046,0.0,0.0,10000,10000,,,0,False
lumped,e̘,vowel,1,0.00046,0.0,0.0,10000,10000,ẽ̘(1),e̘ː,0,False
lumped,e̙,vowel,1,0.00046,0.0,0.0,10000,10000,ẽ̙(1),,0,False
lumped,fr,consonant,1,0.00046,0.0,0.0,10000,10000,fɾ(1),fɾ,0,False
lumped,hʷʲ,consonant,1,0.00046,0.0,0.0,10000,10000,,,0,False
lumped,hᶣ,consonant,1,0.00046,0.0,0.0,10000,10000,,,0,False
lumped,iɨ,vowel,1,0.00046,0.0,0.0,10000,10000,,,0,False
lumped,iʊ,vowel,1,0.00046,0.0,0.0,10000,10000,,iʊ̯,0,False
lumped,iˀ,vowel,1,0.00046,0.0,0.0,10000,10000,,,0,False
lumped,i˞,vowel,1,0.00046,0.0,0.0,10000,10000,,,0,False
lumped,i˞ˤ,vowel,1,0.00046,0.0,0.0,10000,10000,,i˞ˤː,0,False
lumped,i̙,vowel,1,0.00046,0.0,0.0,10000,10000,ĩ̙(1),i̙ː,0,False
lumped,i̤a,vowel,1,0.00046,0.0,0.0,10000,10000,,,0,False
lumped,i̤a̤,vowel,1,0.00046,0.0,0.0,10000,10000,,,0,False
lumped,i̤ɛ̤,vowel,1,0.00046,0.0,0.0,10000,10000,,,0,False
lumped,i̤ṳ,vowel,1,0.00046,0.0,0.0,10000,10000,,i̤ṳ,0,False
lumped,jʔ,consonant,1,0.00046,0.0,0.0,10000,10000,,,0,False
lumped,jˤ,consonant,1,0.00046,0.0,0.0,10000,10000,,,0,False
lumped,j̤,consonant,1,0.00046,0.0,0.0,10000,10000,,,0,False
lumped,j̥ʷ,consonant,1,0.00046,0.0,0.0,10000,10000,,,0,False
lumped,kl,consonant,1,0.00046,0.0,0.0,10000,17302,,,0,False
lumped,km,consonant,1,0.00046,0.0,0.0,10000,10000,,,0,False
lumped,kpˤ,consonant,1,0.00046,0.0,0.0,10000,10000,,,0,False
lumped,kr,consonant,1,0.00046,0.0,0.0,10000,10000,kɾ(1),kɾ,0,False
lumped,kǀxʼ,consonant,1,0.00046,0.0,0.0,10000,10000,,,0,False
lumped,kǁxʼ,consonant,1,0.00046,0.0,0.0,10000,10000,,,0,False
lumped,kǃxʼ,consonant,1,0.00046,0.0,0.0,10000,10000,,,0,False
lumped,kɡ,consonant,1,0.00046,0.0,4e-05,10000,391482,,,0,False
lumped,kɬ,consonant,1,0.00046,0.0,0.0,10000,17302,,,0,False
lumped,kʷr,consonant,1,0.00046,0.0,0.0,10000,10000,kʷɾ(1),kʷɾ,0,False
lumped,k˞,consonant,1,0.00046,0.0,0.0,10000,10000,,k˞ʰ,0,False
lumped,k͉ʷ,consonant,1,0.00046,0.0,0.0,10000,10000,,,0,False
lumped,kᶣ,consonant,1,0.00046,0.0,0.0,10000,10000,,,0,False
lumped,k‼,consonant,1,0.00046,0.0,0.0,10000,10000,k‼ʰ(1),k‼ʰ,0,False
lumped,k‼x,consonant,1,0.00046,0.0,0.0,10000,10000,,,0,False
lumped,k‼xʼ,consonant,1,0.00046,0.0,0.0,10000,10000,,,0,False
lumped,k‼ʼ,consonant,1,0.00046,0.0,0.0,10000,10000,k‼ʰʼ(1),k‼ʰʼ,0,False
lumped,ld,consonant,1,0.00046,0.0,0.0,10000,10000,,,0,False
lumped,lʔ,consonant,1,0.00046,0.0,0.0,10000,10000,,,0,False
lumped,lʷʲ,consonant,1,0.00046,0.0,0.0,10000,10000,,,0,False
lumped,l̊,consonant,1,0.00046,0.0,0.0,10000,10000,,l̪̊,0,False
lumped,l͉,consonant,1,0.00046,0.0,0.0,10000,10000,,,0,False
lumped,lᶣ,consonant,1,0.00046,0.0,0.0,10000,10000,,,0,False
lumped,mbr,consonant,1,0.00046,0.0,0.0,10000,10000,mbɾ(1),mbɾ,0,False
lumped,mbz,consonant,1,0.00046,0.0,0.0,10000,10000,,,0,False
lumped,mbˠ,consonant,1,0.00046,0.0,0.0,10000,10000,,,0,False
lumped,mpf,consonant,1,0.00046,0.0,0.0,10000,10000,,,0,False
lumped,mpr,consonant,1,0.00046,0.0,0.0,10000,10000,mpɾ(1),mpɾ,0,False
lumped,mpʲ,consonant,1,0.00046,0.0,0.0,10000,10000,,,0,False
lumped,mpʷ,consonant,1,0.00046,0.0,0.0,10000,10000,,,0,False
lumped,mr,consonant,1,0.00046,0.0,0.0,10000,10000,mɾ(1),mɾ,0,False
lumped,mv,consonant,1,0.00046,0.0,0.0,10000,10000,,,0,False
lumped,mw,consonant,1,0.00046,0.0,0.0,10000,10000,,,0,False
lumped,mʷˠ,consonant,1,0.00046,0.0,0.0,10000,10000,,mʷˠː,0,False
lumped,m̥p,consonant,1,0.00046,0.0,0.0,10000,10000,,,0,False
lumped,m̥ʷ,consonant,1,0.00046,0.0,0.0,10000,10000,,,0,False
lumped,m̼,consonant,1,0.00046,0.0,0.0,10000,10000,m(1),,0,False
lumped,m͉,consonant,1,0.00046,0.0,0.0,10000,10000,,,0,False
lumped,ndl,consonant,1,0.00046,0.0,0.0,10000,10000,,,0,False
lumped,ndzʷ,consonant,1,0.00046,0.0,0.0,10000,10000,,,0,False
lumped,ndʷ|ndʷ,consonant,1,0.00046,0.0,0.0,10000,10000,,n̪d̪ʷ|ndʷ,0,False
lumped,nd͇z͇,consonant,1,0.00046,0.0,0.0,10000,10000,,,0,False
lumped,nl,consonant,1,0.00046,0.0,4e-05,10000,402559,,,0,False
lumped,nsr,consonant,1,0.00046,0.0,0.0,10000,10000,nsɾ(1),nsɾ,0,False
lumped,ns|ns,consonant,1,0.00046,0.0,0.0,10000,10000,,n̪s̪|ns,0,False
lumped,ntr,consonant,1,0.00046,0.0,0.0,10000,10000,ntɾ(1),ntɾ,0,False
lumped,nts|nts,consonant,1,0.00046,0.0,0.0,10000,10000,,n̪t̪s̪|nts,0,False
lumped,ntʃr,consonant,1,0.00046,0.0,0.0,10000,10000,ntʃɾ(1),n̠t̠ʃɾ,0,False
lumped,ntʃʷ,consonant,1,0.00046,0.0,0.0,10000,10000,,n̠t̠ʃʷ,0,False
lumped,nt͇s͇,consonant,1,0.00046,0.0,0.0,10000,10000,,nt͇s͇ʰ,0,False
lumped,nzr,consonant,1,0.00046,0.0,0.0,10000,10000,nzɾ(1),nzɾ,0,False
lumped,nz|nz,consonant,1,0.00046,0.0,0.0,10000,10000,,n̪z̪|nz,0,False
lumped,nɡr,consonant,1,0.00046,0.0,0.0,10000,10000,nɡɾ(1),nɡɾ,0,False
lumped,nʃʷ,consonant,1,0.00046,0.0,0.0,10000,10000,,n̠ʃʷ,0,False
lumped,nʷʲ,consonant,1,0.00046,0.0,0.0,10000,10000,,,0,False
lumped,n̊,consonant,1,0.00046,0.0,0.0,10000,10000,,n̪̊,0,False
lumped,n̤ɡ̤,consonant,1,0.00046,0.0,0.0,10000,10000,,,0,False
lumped,n͉,consonant,1,0.00046,0.0,0.0,10000,10000,,,0,False
lumped,nθ,consonant,1,0.00046,0.0,1e-05,10000,114970,,,0,False
lumped,oɛ,vowel,1,0.00046,0.0,0.0,10000,10000,,,0,False
lumped,oɪ,vowel,1,0.00046,0.0,0.0,10000,10000,,oɪ̯,0,False
lumped,oˀ,vowel,1,0.00046,0.0,0.0,10000,10000,,,0,False
lumped,o˞,vowel,1,0.00046,0.0,0.0,10000,10000,,,0,False
lumped,o̘,vowel,1,0.00046,0.0,0.0,10000,10000,õ̘(1),o̘ː,0,False
lumped,o̤i̤,vowel,1,0.00046,0.0,0.0,10000,10000,,,0,False
lumped,o̥,vowel,1,0.00046,0.0,0.0,10000,10000,,o̞̥,0,False
lumped,pfʼ,consonant,1,0.00046,0.0,0.0,10000,10000,,,0,False
lumped,pk,consonant,1,0.00046,0.0,9e-05,10000,908971,pkʰ(1),pkʰ,0,False
lumped,pr,consonant,1,0.00046,0.0,0.0,10000,10000,pɾ(1),pɾ,0,False
lumped,pt,consonant,1,0.00046,0.0,0.0,10000,10000,,,0,False
lumped,pɸ,consonant,1,0.00046,0.0,4e-05,10000,433525,,,0,False
lumped,pʷˠ,consonant,1,0.00046,0.0,0.0,10000,10000,pʷˠʰ(1) bʷˠ(1),pʷˠʰ pʷˠː,0,False
lumped,p˞,consonant,1,0.00046,0.0,0.0,10000,10000,,p˞ʰ,0,False
lumped,p̼,consonant,1,0.00046,0.0,0.0,10000,10000,p(1),,0,False
lumped,qm,consonant,1,0.00046,0.0,0.0,10000,10000,,,0,False
lumped,qn,consonant,1,0.00046,0.0,0.0,10000,10000,,,0,False
lumped,qʷˀ,consonant,1,0.00046,0.0,0.0,10000,10000,,,0,False
lumped,qˀ,consonant,1,0.00046,0.0,0.0,10000,10000,,,0,False
lumped,rʷʲ,consonant,1,0.00046,0.0,0.0,10000,10000,ɾʷʲ(1),ɾʷʲ,0,False
lumped,r̙,consonant,1,0.00046,0.0,0.0,10000,10000,,r̠̙,0,False
lumped,r̰|r̰,consonant,1,0.00046,0.0,0.0,10000,10000,,r̪̰|r̰,0,False
lumped,sr,consonant,1,0.00046,0.0,0.0,10000,10000,sɾ(1),sɾ,0,False
lumped,s͇,consonant,1,0.00046,0.0,0.0,10000,10000,,,0,False
lumped,s͈,consonant,1,0.00046,0.0,0.0,10000,10000,,s͈ː,0,False
lumped,sᶣ,consonant,1,0.00046,0.0,0.0,10000,10000,,,0,False
lumped,tsˀ|tsˀ,consonant,1,0.00046,0.0,0.0,10000,17302,,t̪s̪ˀ|tsˀ,0,False
lumped,tɕʷ,consonant,1,0.00046,0.0,0.0,10000,10000,,,0,False
lumped,tɕᶣ,consonant,1,0.00046,0.0,0.0,10000,10000,,,0,False
lumped,tɬˀ|tɬˀ,consonant,1,0.00046,0.0,0.0,10000,10000,,t̪ɬ̪ˀ|tɬˀ,0,False
lumped,tʃr,consonant,1,0.00046,0.0,0.0,10000,10000,tʃɾ(1),t̠ʃɾ,0,False
lumped,tʃx,consonant,1,0.00046,0.0,0.0,10000,10000,,t̠ʃx,0,False
lumped,tʃ|tʃ,consonant,1,0.00046,0.0,4e-05,10000,401900,dʒ|dʒ(1),t̪ʃ|t̠ʃ,0,False
lumped,t͇s͇,consonant,1,0.00046,0.0,0.0,10000,10000,,t͇s͇ʰ,0,False
lumped,t͈ʃ,consonant,1,0.00046,0.0,0.0,10000,10000,,t̠͈ʃ t̠͈ʃː,0,False
lumped,uy,vowel,1,0.00046,0.0,0.0,10000,10000,,,0,False
lumped,uɔ̃,vowel,1,0.00046,0.0,0.0,10000,10000,,u̯ɔ̃,0,False
lumped,uəi,vowel,1,0.00046,0.0,0.0,10000,10000,,,0,False
lumped,uə̃,vowel,1,0.00046,0.0,0.0,10000,10000,,u̯ə̃,0,False
lumped,uɛ̃,vowel,1,0.00046,0.0,0.0,10000,10000,,u̯ɛ̃,0,False
lumped,uɨ,vowel,1,0.00046,0.0,0.0,10000,10000,,,0,False
lumped,uˀ,vowel,1,0.00046,0.0,0.0,10000,10000,,,0,False
lumped,u˞ˤ,vowel,1,0.00046,0.0,0.0,10000,10000,,u˞ˤː,0,False
lumped,u̘,vowel,1,0.00046,0.0,0.0,10000,10000,ũ̘(1),,0,False
lumped,vr,consonant,1,0.00046,0.0,0.0,10000,10000,vɾ(1),vɾ,0,False
lumped,v̼,consonant,1,0.00046,0.0,0.0,10000,10000,ɸ(1) β(1) v(1) f(1),,0,False
lumped,wˤ,consonant,1,0.00046,0.0,0.0,10000,10000,,,0,False
lumped,w̜,consonant,1,0.00046,0.0,0.0,10000,10000,,,0,False
lumped,w̜ʲ,consonant,1,0.00046,0.0,0.0,10000,10000,,,0,False
lumped,x̥,consonant,1,0.00046,0.0,0.0,10000,10000,,,0,False
lumped,yɛ,vowel,1,0.00046,0.0,0.0,10000,10000,,,0,False
lumped,zr,consonant,1,0.00046,0.0,0.0,10000,10000,zɾ(1),zɾ,0,False
lumped,å,vowel,1,0.00046,0.0,0.0,10000,10000,,å,0,False
lumped,çʲ,consonant,1,0.00046,0.0,0.0,10000,1397,,,0,False
lumped,ðʼ,consonant,1,0.00046,0.0,0.0,10000,10000,,,0,False
lumped,õũ,vowel,1,0.00046,0.0,0.0,10000,10000,,õũ õ̞ũ,0,False
lumped,ĩã,vowel,1,0.00046,0.0,0.0,10000,10000,,ĩã,0,False
lumped,ĩõ,vowel,1,0.00046,0.0,0.0,10000,10000,,ĩõ,0,False
lumped,ŋb,consonant,1,0.00046,0.0,0.0,10000,10000,,,0,False
lumped,ŋh,consonant,1,0.00046,0.0,0.0,10000,10000,,,0,False
lumped,ŋhʲ,consonant,1,0.00046,0.0,0.0,10000,10000,,,0,False
lumped,ŋhʷ,consonant,1,0.00046,0.0,0.0,10000,10000,,,0,False
lumped,ŋhᶣ,consonant,1,0.00046,0.0,0.0,10000,10000,,,0,False
lumped,ŋkr,consonant,1,0.00046,0.0,0.0,10000,10000,ŋkɾ(1),ŋkɾ,0,False
lumped,ŋmkpr,consonant,1,0.00046,0.0,0.0,10000,10000,ŋmkpɾ(1),ŋmkpɾ,0,False
lumped,ŋmʲ,consonant,1,0.00046,0.0,0.0,10000,10000,,,0,False
lumped,ŋmʷ,consonant,1,0.00046,0.0,0.0,10000,10000,,,0,False
lumped,ŋmˤ,consonant,1,0.00046,0.0,0.0,10000,10000,,,0,False
lumped,ŋr,consonant,1,0.00046,0.0,0.0,10000,10000,ŋɾ(1),ŋɾ,0,False
lumped,ŋɡmb,consonant,1,0.00046,0.0,0.0,10000,10000,,,0,False
lumped,ŋɣʲ,consonant,1,0.00046,0.0,0.0,10000,10000,,,0,False
lumped,ŋɣʷ,consonant,1,0.00046,0.0,0.0,10000,10000,,,0,False
lumped,ŋɣᶣ,consonant,1,0.00046,0.0,0.0,10000,10000,,,0,False
lumped,ŋʷʲ,consonant,1,0.00046,0.0,0.0,10000,10000,,,0,False
lumped,ŋ̤ɡǃ,consonant,1,0.00046,0.0,0.0,10000,10000,,,0,False
lumped,ŋ̥m̥,consonant,1,0.00046,0.0,0.0,10000,10000,,,0,False
lumped,ŋ‼,consonant,1,0.00046,0.0,0.0,10000,10000,ŋ‼ʱ(1),ŋ‼ʱ,0,False
lumped,œ̜,vowel,1,0.00046,0.0,0.0,10000,10000,,œ̜ː,0,False
lumped,œ̤,vowel,1,0.00046,0.0,0.0,10000,10000,,,0,False
lumped,ũˤ,vowel,1,0.00046,0.0,0.0,10000,10000,,ũˤ,0,False
lumped,ɓʲ,consonant,1,0.00046,0.0,0.0,10000,10000,,,0,False
lumped,ɔɛ,vowel,1,0.00046,0.0,9e-05,10000,916209,,,0,False
lumped,ɔ̤i̤,vowel,1,0.00046,0.0,0.0,10000,10000,,,0,False
lumped,ɕᶣ,consonant,1,0.00046,0.0,0.0,10000,10000,,,0,False
lumped,ɖr͓,consonant,1,0.00046,0.0,0.00256,10000,26507430,,ɖr̠͓,1,True
lumped,əy,vowel,1,0.00046,0.0,0.0,10000,10000,,,0,False
lumped,əɯ,vowel,1,0.00046,0.0,0.0,10000,10000,,,0,False
lumped,əɯ̃,vowel,1,0.00046,0.0,0.0,10000,10000,,,0,False
lumped,əˤ,vowel,1,0.00046,0.0,0.0,10000,10000,,,0,False
lumped,ə̰ɯ̰,vowel,1,0.00046,0.0,0.0,10000,10000,,,0,False
lumped,ɛɯ,vowel,1,0.00046,0.0,0.0,10000,10000,,,0,False
lumped,ɛʊ,vowel,1,0.00046,0.0,0.0,10000,10000,,ɛʊ̯,0,False
lumped,ɞe,vowel,1,0.00046,0.0,0.0,10000,10000,,ɞe̯,0,False
lumped,ɡbˤ,consonant,1,0.00046,0.0,0.0,10000,10000,,,0,False
lumped,ɡm,consonant,1,0.00046,0.0,0.0,10000,10000,,,0,False
lumped,ɡr,consonant,1,0.00046,0.0,0.0,10000,10000,ɡɾ(1),ɡɾ,0,False
lumped,ɡǀxʼ,consonant,1,0.00046,0.0,0.0,10000,10000,,,0,False
lumped,ɡǁxʼ,consonant,1,0.00046,0.0,0.0,10000,10000,,,0,False
lumped,ɡǃxʼ,consonant,1,0.00046,0.0,0.0,10000,10000,,,0,False
lumped,ɡɓ,consonant,1,0.00046,0.0,0.0,10000,10000,,,0,False
lumped,ɡ˞,consonant,1,0.00046,0.0,0.0,10000,10000,,,0,False
lumped,ɡˡ,consonant,1,0.00046,0.0,0.0,10000,10000,,,0,False
lumped,ɡ̙,consonant,1,0.00046,0.0,5e-05,10000,504728,,,0,False
lumped,ɡ‼,consonant,1,0.00046,0.0,0.0,10000,10000,ɡ‼ʱ(1),ɡ‼ʱ,0,False
lumped,ɡ‼x,consonant,1,0.00046,0.0,0.0,10000,10000,,,0,False
lumped,ɡ‼xʼ,consonant,1,0.00046,0.0,0.0,10000,10000,,,0,False
lumped,ɢʁ,consonant,1,0.00046,0.0,0.0,10000,10000,,,0,False
lumped,ɣv,consonant,1,0.00046,0.0,0.0,10000,10000,,,0,False
lumped,ɣ̥,consonant,1,0.00046,0.0,0.0,10000,10000,,,0,False
lumped,ɤ̤i̤,vowel,1,0.00046,0.0,0.0,10000,10000,,,0,False
lumped,ɨ̘,vowel,1,0.00046,0.0,0.0,10000,10000,,,0,False
lumped,ɨ̜,vowel,1,0.00046,0.0,0.0,10000,10000,,,0,False
lumped,ɪˤ,vowel,1,0.00046,0.0,0.0,10000,10000,,,0,False
lumped,ɬʟ͓̥,consonant,1,0.00046,0.0,0.0,10000,17302,,,0,False
lumped,ɭ̤,consonant,1,0.00046,0.0,0.0,10000,10000,,,0,False
lumped,ɮʼ,consonant,1,0.00046,0.0,0.0,10000,10000,,,0,False
lumped,ɯ̤a,vowel,1,0.00046,0.0,0.0,10000,10000,,,0,False
lumped,ɯ̤i̤,vowel,1,0.00046,0.0,0.0,10000,10000,,,0,False
lumped,ɰ̃,consonant,1,0.00046,0.0,0.0,10000,10000,,,0,False
lumped,ɱfr,consonant,1,0.00046,0.0,0.0,10000,10000,ɱfɾ(1),ɱfɾ,0,False
lumped,ɱfʲ,consonant,1,0.00046,0.0,0.0,10000,10000,,,0,False
lumped,ɱfʷ,consonant,1,0.00046,0.0,0.0,10000,10000,,,0,False
lumped,ɱvr,consonant,1,0.00046,0.0,0.0,10000,10000,ɱvɾ(1),ɱvɾ,0,False
lumped,ɱvʲ,consonant,1,0.00046,0.0,0.0,10000,10000,,,0,False
lumped,ɱð,consonant,1,0.00046,0.0,0.0,10000,10000,,,0,False
lumped,ɲcʲ,consonant,1,0.00046,0.0,0.0,10000,10000,,,0,False
lumped,ɲdʑ,consonant,1,0.00046,0.0,0.0,10000,10000,,ɲ̟dʑ,0,False
lumped,ɲtɕ,consonant,1,0.00046,0.0,0.0,10000,10000,ɲtɕʰ(1),ɲ̟tɕʰ,0,False
lumped,ɲɟʑ,consonant,1,0.00046,0.0,0.0,10000,10000,,,0,False
lumped,ɲɟʝ,consonant,1,0.00046,0.0,0.0,10000,10000,,,0,False
lumped,ɲʄ,consonant,1,0.00046,0.0,0.0,10000,10000,,,0,False
lumped,ɲʼ,consonant,1,0.00046,0.0,0.0,10000,10000,,,0,False
lumped,ɲᶣ,consonant,1,0.00046,0.0,0.0,10000,10000,,,0,False
lumped,ɳʈr,consonant,1,0.00046,0.0,0.0,10000,10000,,ɳʈɽʰ,0,False
lumped,ɳʈr̥,consonant,1,0.00046,0.0,0.00256,10000,26507430,,ɳʈr̠̥,1,True
lumped,ɳ̥,consonant,1,0.00046,0.0,0.0,10000,10000,,,0,False
lumped,ɵ̃,vowel,1,0.00046,0.0,0.0,10000,10000,,,0,False
lumped,ɸʷ,consonant,1,0.00046,0.0,0.0,10000,10000,pʷ(1),,0,False
lumped,ɸʼ,consonant,1,0.00046,0.0,0.0,10000,10000,,,0,False
lumped,ɺ̥,consonant,1,0.00046,0.0,0.0,10000,10000,,,0,False
lumped,ʁ̰ʷ,consonant,1,0.00046,0.0,0.0,10000,10000,,ʁ̞̰ʷ,0,False
lumped,ʂʼ,consonant,1,0.00046,0.0,0.0,10000,10000,,,0,False
lumped,ʂ͉,consonant,1,0.00046,0.0,0.0,10000,10000,,,0,False
lumped,ʃ͈,consonant,1,0.00046,0.0,0.0,10000,10000,ʃ͈ʲ(1),ʃ͈ː,0,False
lumped,ʈr̥,consonant,1,0.00046,0.0,0.00256,10000,26507430,ʈʂ͇(1),ʈr̠̥ ʈɹ̠̥,1,True
lumped,ʊ̰,vowel,1,0.00046,0.0,0.0,10000,10000,,,0,False
lumped,ʌy,vowel,1,0.00046,0.0,0.0,10000,10000,,,0,False
lumped,ʌɯ,vowel,1,0.00046,0.0,0.0,10000,10000,,,0,False
lumped,ʍʲ,consonant,1,0.00046,0.0,0.0,10000,10000,,,0,False
lumped,ʎʼ,consonant,1,0.00046,0.0,0.0,10000,10000,,,0,False
lumped,ʑᶣ,consonant,1,0.00046,0.0,0.0,10000,10000,,,0,False
lumped,ʒ̤,consonant,1,0.00046,0.0,0.0,10000,10000,,,0,False
lumped,ʔj,consonant,1,0.00046,0.0,0.0,10000,10000,,,0,False
lumped,ʔw,consonant,1,0.00046,0.0,0.0,10000,10000,,,0,False
lumped,ʕ̰,consonant,1,0.00046,0.0,0.0,10000,10000,,,0,False
lumped,ʕ̰ʷ,consonant,1,0.00046,0.0,0.0,10000,10000,,,0,False
lumped,ʟ͓̥,consonant,1,0.00046,0.0,0.0,10000,10000,,,0,False
lumped,ʼŋǀ,consonant,1,0.00046,0.0,0.0,10000,10000,,,0,False
lumped,ʼŋǃ,consonant,1,0.00046,0.0,0.0,10000,10000,,,0,False
lumped,ˀb͉,consonant,1,0.00046,0.0,0.0,10000,10000,ʔm(1),,0,False
lumped,ˀc,consonant,1,0.00046,0.0,0.0,10000,10000,,,0,False
lumped,ˀj̰,consonant,1,0.00046,0.0,0.0,10000,10000,ʔɲ̰(1),,0,False
lumped,ˀk,consonant,1,0.00046,0.0,0.0,10000,10000,,,0,False
lumped,ˀkp,consonant,1,0.00046,0.0,0.0,10000,10000,,,0,False
lumped,ˀs,consonant,1,0.00046,0.0,0.0,10000,10000,,,0,False
lumped,ˀw̰,consonant,1,0.00046,0.0,0.0,10000,10000,ʔŋ̰ʷ(1),,0,False
lumped,ˀy,vowel,1,0.00046,0.0,0.0,10000,10000,,,0,False
lumped,ˀɡb,consonant,1,0.00046,0.0,0.0,10000,10000,,,0,False
lumped,ˀɡʷ,consonant,1,0.00046,0.0,0.0,10000,10000,,,0,False
lumped,ˀʃʷ,consonant,1,0.00046,0.0,0.0,10000,10000,,,0,False
lumped,ˀʍ,consonant,1,0.00046,0.0,0.0,10000,10000,,,0,False
lumped,ˀʍʲ,consonant,1,0.00046,0.0,0.0,10000,10000,,,0,False
lumped,β̃,consonant,1,0.00046,0.0,0.0,10000,10000,,,0,False
lumped,θʼ,consonant,1,0.00046,0.0,0.0,10000,10000,,,0,False
lumped,ᴅ̰,consonant,1,0.00046,0.0,0.0,10000,10000,,ᴅ̪̰,0,False
lumped,ḁ,vowel,1,0.00046,0.0,0.0,10000,10000,,ḁ,0,False
lumped,ḛɪ̰,vowel,1,0.00046,0.0,0.0,10000,10000,,ḛɪ̰,0,False
lumped,ṳa,vowel,1,0.00046,0.0,0.0,10000,10000,,ṳa,0,False
lumped,ṳa̤,vowel,1,0.00046,0.0,0.0,10000,10000,,ṳa̤,0,False
lumped,ṳi̤,vowel,1,0.00046,0.0,0.0,10000,10000,,ṳi̤,0,False
lumped,xh,consonant,1,0.00046,0.0,0.0,9650,9650,,,0,False
lumped,ĩẽ,vowel,1,0.00046,0.0,0.0,9000,9000,,ĩẽ ĩẽ̞,0,False
lumped,ŋ̥ʲ,consonant,1,0.00046,0.0,0.0,9000,9000,,,0,False
lumped,ḛ̃,vowel,4,0.00184,0.0,0.0,8780,8780,,ẽ̞̰ ḛ̃,0,False
lumped,iai,vowel,1,0.00046,0.0,0.0,8500,24586,,i̯ai i̯ai̯,0,False
lumped,ieu,vowel,1,0.00046,0.0,0.0,8500,24586,,i̯eu̯,0,False
lumped,ə̰̃,vowel,1,0.00046,0.0,0.0,7000,7000,,,0,False
lumped,ɛ̰̃,vowel,1,0.00046,0.0,0.0,7000,7000,,,0,False
lumped,ts͇,consonant,1,0.00046,0.0,0.0,5500,5500,,ts͇ʰ,0,False
lumped,f̰,consonant,1,0.00046,0.0,0.0,5130,6574,,,0,False
lumped,θ̰,consonant,1,0.00046,0.0,0.0,5130,6574,,,0,False
lumped,aᴱ,vowel,1,0.00046,0.0,0.0,4200,4200,,,0,False
lumped,dʼkxʼ,consonant,1,0.00046,0.0,0.0,4200,4200,,d̪ʼkxʼ,0,False
lumped,kǀh,consonant,1,0.00046,0.0,0.0,4200,4200,,,0,False
lumped,kǀkxʼ,consonant,1,0.00046,0.0,0.0,4200,4200,,,0,False
lumped,kǀʔ,consonant,1,0.00046,0.0,0.0,4200,4200,,,0,False
lumped,kǁh,consonant,1,0.00046,0.0,0.0,4200,4200,,,0,False
lumped,kǁkxʼ,consonant,1,0.00046,0.0,0.0,4200,4200,,,0,False
lumped,kǁʔ,consonant,1,0.00046,0.0,0.0,4200,4200,,,0,False
lumped,kǂh,consonant,1,0.00046,0.0,0.0,4200,4200,,,0,False
lumped,kǂkxʼ,consonant,1,0.00046,0.0,0.0,4200,4200,,,0,False
lumped,kǂʔ,consonant,1,0.00046,0.0,0.0,4200,4200,,,0,False
lumped,kǃh,consonant,1,0.00046,0.0,0.0,4200,4200,,,0,False
lumped,kǃkxʼ,consonant,1,0.00046,0.0,0.0,4200,4200,,,0,False
lumped,kǃʔ,consonant,1,0.00046,0.0,0.0,4200,4200,,,0,False
lumped,kʘh,consonant,1,0.00046,0.0,0.0,4200,4200,,,0,False
lumped,kʘkxʼ,consonant,1,0.00046,0.0,0.0,4200,4200,,,0,False
lumped,kʘx,consonant,1,0.00046,0.0,0.0,4200,4200,,,0,False
lumped,kʘʔ,consonant,1,0.00046,0.0,0.0,4200,4200,,,0,False
lumped,oᴱ,vowel,1,0.00046,0.0,0.0,4200,4200,,,0,False
lumped,pʼkxʼ,consonant,1,0.00046,0.0,0.0,4200,4200,,,0,False
lumped,qǀ,consonant,1,0.00046,0.0,0.0,4200,4200,,,0,False
lumped,qǀʼ,consonant,1,0.00046,0.0,0.0,4200,4200,,,0,False
lumped,qǁ,consonant,1,0.00046,0.0,0.0,4200,4200,,,0,False
lumped,qǁʼ,consonant,1,0.00046,0.0,0.0,4200,4200,,,0,False
lumped,qǂ,consonant,1,0.00046,0.0,0.0,4200,4200,,,0,False
lumped,qǂʼ,consonant,1,0.00046,0.0,0.0,4200,4200,,,0,False
lumped,qǃ,consonant,1,0.00046,0.0,0.0,4200,4200,,,0,False
lumped,qǃʼ,consonant,1,0.00046,0.0,0.0,4200,4200,,,0,False
lumped,qʘ,consonant,1,0.00046,0.0,0.0,4200,4200,,,0,False
lumped,qʘʼ,consonant,1,0.00046,0.0,0.0,4200,4200,,,0,False
lumped,tʼkxʼ,consonant,1,0.00046,0.0,0.0,4200,4200,,t̪ʼkxʼ,0,False
lumped,uᴱ,vowel,1,0.00046,0.0,0.0,4200,4200,,,0,False
lumped,ŋʘ,consonant,1,0.00046,0.0,0.0,4200,4200,,,0,False
lumped,ŋ̊ǀ,consonant,1,0.00046,0.0,0.0,4200,4200,,,0,False
lumped,ŋ̊ǁ,consonant,1,0.00046,0.0,0.0,4200,4200,,,0,False
lumped,ŋ̊ǂ,consonant,1,0.00046,0.0,0.0,4200,4200,,,0,False
lumped,ŋ̊ǃ,consonant,1,0.00046,0.0,0.0,4200,4200,,,0,False
lumped,ŋ̊ʘ,consonant,1,0.00046,0.0,0.0,4200,4200,,,0,False
lumped,ɡǀk,consonant,1,0.00046,0.0,0.0,4200,4200,ɡǀkʰ(1) ɡǀqʰ(1),ɡǀkʰ,0,False
lumped,ɡǀkxʼ,consonant,1,0.00046,0.0,0.0,4200,4200,,,0,False
lumped,ɡǁk,consonant,1,0.00046,0.0,0.0,4200,4200,ɡǁkʰ(1) ɡǁqʰ(1),ɡǁkʰ,0,False
lumped,ɡǁkxʼ,consonant,1,0.00046,0.0,0.0,4200,4200,,,0,False
lumped,ɡǂk,consonant,1,0.00046,0.0,0.0,4200,4200,ɡǂkʰ(1) ɡǂqʰ(1),ɡǂkʰ,0,False
lumped,ɡǂkxʼ,consonant,1,0.00046,0.0,0.0,4200,4200,,,0,False
lumped,ɡǃk,consonant,1,0.00046,0.0,0.0,4200,4200,ɡǃkʰ(1) ɡǃqʱ(1),ɡǃkʰ,0,False
lumped,ɡǃkxʼ,consonant,1,0.00046,0.0,0.0,4200,4200,,,0,False
lumped,ɡʘ,consonant,1,0.00046,0.0,0.0,4200,4200,,,0,False
lumped,ɡʘk,consonant,1,0.00046,0.0,0.0,4200,4200,ɡʘkʰ(1) ɡʘqʰ(1),ɡʘkʰ,0,False
lumped,ɡʘkxʼ,consonant,1,0.00046,0.0,0.0,4200,4200,,,0,False
lumped,ɡʘx,consonant,1,0.00046,0.0,0.0,4200,4200,,,0,False
lumped,ɡʼkxʼ,consonant,1,0.00046,0.0,0.0,4200,4200,,,0,False
lumped,ɢǀ,consonant,1,0.00046,0.0,0.0,4200,4200,ɴǀɢ(1),,0,False
lumped,ɢǀq,consonant,1,0.00046,0.0,0.0,4200,4200,ɢǀqʰ(1) ɴɢǀqʰ(1),ɢǀqʰ,0,False
lumped,ɢǁ,consonant,1,0.00046,0.0,0.0,4200,4200,ɴǁɢ(1),,0,False
lumped,ɢǁq,consonant,1,0.00046,0.0,0.0,4200,4200,ɢǁqʰ(1) ɴɢǁqʰ(1),ɢǁqʰ,0,False
lumped,ɢǂ,consonant,1,0.00046,0.0,0.0,4200,4200,ɴǂɢ(1),,0,False
lumped,ɢǃ,consonant,1,0.00046,0.0,0.0,4200,4200,ɴǃɢ(1),,0,False
lumped,ɢǃq,consonant,1,0.00046,0.0,0.0,4200,4200,ɢǃqʰ(1) ɴɢǃqʰ(1),ɢǃqʰ,0,False
lumped,ɢʘ,consonant,1,0.00046,0.0,0.0,4200,4200,ɴʘɢ(1),,0,False
lumped,ʔŋǀ,consonant,1,0.00046,0.0,0.0,4200,4200,,,0,False
lumped,ʔŋǁ,consonant,1,0.00046,0.0,0.0,4200,4200,,,0,False
lumped,ʔŋǂ,consonant,1,0.00046,0.0,0.0,4200,4200,,,0,False
lumped,ʔŋǃ,consonant,1,0.00046,0.0,0.0,4200,4200,,,0,False
lumped,ʔŋʘ,consonant,1,0.00046,0.0,0.0,4200,4200,,,0,False
lumped,ua˞,vowel,1,0.00046,0.0,0.0,4100,4100,,uɑ˞,0,False
lumped,r̥ʲ,consonant,3,0.00138,0.0,3e-05,2527,296226,ɾ̥ʲ(1),r̥ʲː ɾ̥ʲ,1,True
lumped,aʲ,vowel,2,0.00092,0.0,0.0,2525,2525,,aʲː,0,False
lumped,xʼ,consonant,2,0.00092,0.0,0.0,2500,8707,,,0,False
lumped,ɬˠ,consonant,1,0.00046,0.0,3e-05,2025,295724,,,0,False
lumped,iuo,vowel,1,0.00046,0.0,0.0,2000,2000,,i̯uo,0,False
lumped,iũo,vowel,1,0.00046,0.0,0.0,2000,2000,,i̯ũo,0,False
lumped,ãɪ,vowel,1,0.00046,0.0,0.0,2000,2000,,ãɪ̯ː,0,False
lumped,ũo,vowel,1,0.00046,0.0,0.0,2000,2000,,ũo ũoː,0,False
lumped,ɪ̃ɛ,vowel,1,0.00046,0.0,0.0,2000,2000,,ɪ̃ɛː,0,False
lumped,ʏ̃,vowel,1,0.00046,0.0,0.0,2000,2000,,ʏ̃ː,0,False
lumped,ỹœ,vowel,1,0.00046,0.0,0.0,2000,2000,,ỹœ ỹœː,0,False
lumped,r͓,consonant,1,0.00046,0.0,0.0,1800,1800,,ɾ͓,0,False
lumped,R̥|R̥,consonant,1,0.00046,0.0,0.0,1500,1500,,R̪̥|R̥,0,False
lumped,i̤ə̤,vowel,1,0.00046,0.0,0.0,1500,1500,,,0,False
lumped,ɯ̤ə̤,vowel,1,0.00046,0.0,0.0,1500,1500,,,0,False
lumped,ṳə̤,vowel,1,0.00046,0.0,0.0,1500,1500,,ṳə̤,0,False
lumped,dʷ|dʷ,consonant,1,0.00046,0.0,0.0,970,970,,d̪ʷ|dʷ,1,True
lumped,qχʷ,consonant,1,0.00046,0.0,0.0,970,970,,,1,True
lumped,qχʷʼ,consonant,1,0.00046,0.0,0.0,970,970,,,1,True
lumped,qχʷˤ,consonant,1,0.00046,0.0,0.0,970,970,,,1,True
lumped,qχʷˤʼ,consonant,1,0.00046,0.0,0.0,970,970,,,1,True
lumped,qχˤ,consonant,1,0.00046,0.0,0.0,970,970,,qχˤː,1,True
lumped,qχˤʼ,consonant,1,0.00046,0.0,0.0,970,970,,,1,True
lumped,tɬʷ|tɬʷ,consonant,1,0.00046,0.0,0.0,970,970,,t̪ɬ̪ʷʰ|tɬʷʰ,1,True
lumped,tɬʷʼ|tɬʷʼ,consonant,1,0.00046,0.0,0.0,970,970,,t̪ɬ̪ʷʼ|tɬʷʼ,1,True
lumped,zʷ|zʷ,consonant,1,0.00046,0.0,0.0,970,970,,z̪ʷ|zʷ,1,True
lumped,ɬʷ|ɬʷ,consonant,1,0.00046,0.0,0.0,970,970,,ɬ̪ʷ|ɬʷ ɬ̪ʷː|ɬʷː,1,True
lumped,eɛ,vowel,1,0.00046,0.0,0.0,938,938,,,0,False
lumped,oɔ,vowel,1,0.00046,0.0,0.0,938,938,,,0,False
lumped,hˀ,consonant,1,0.00046,0.0,0.0,720,720,,,0,False
lumped,ɺ̰,consonant,1,0.00046,0.0,0.0,720,720,,ɺ̠̰,0,False
lumped,ˀj̥,consonant,1,0.00046,0.0,0.0,610,610,,,0,False
lumped,ˀkʷ,consonant,1,0.00046,0.0,0.0,610,610,,,0,False
lumped,ˀl̥,consonant,1,0.00046,0.0,0.0,610,610,,ˀl̪̥,0,False
lumped,ˀm̥,consonant,1,0.00046,0.0,0.0,610,610,,,0,False
lumped,ˀn̥,consonant,1,0.00046,0.0,0.0,610,610,,ˀn̪̥,0,False
lumped,ˀq,consonant,1,0.00046,0.0,0.0,610,610,,,0,False
lumped,ˀts,consonant,1,0.00046,0.0,0.0,610,610,,ˀt̪s,0,False
lumped,ˀtɬ,consonant,1,0.00046,0.0,0.0,610,610,,ˀt̪ɬ,0,False
lumped,ˀw̥,consonant,1,0.00046,0.0,0.0,610,610,,,0,False
lumped,dzʲ|dzʲ,consonant,1,0.00046,0.0,0.0,600,297,,d̪z̪ʲ|dzʲ,0,False
lumped,rʲ|rʲ,consonant,1,0.00046,0.0,0.0,600,297,,r̪ʲ|rʲ ɾ̪ʲ|ɾʲ,0,False
lumped,tsʲ|tsʲ,consonant,1,0.00046,0.0,0.0,600,297,,t̪s̪ʲ|tsʲ,0,False
lumped,l̥ʲ,consonant,3,0.00138,0.0,0.0,584,584,,l̥ʲː,1,True
lumped,ʈˀ,consonant,1,0.00046,0.0,0.0,550,550,,,0,False
lumped,d̥z̥ʲ,consonant,1,0.00046,0.0,0.0,500,500,,,1,True
lumped,n̥ʲ,consonant,1,0.00046,0.0,0.0,500,500,,n̥ʲː,1,True
lumped,tsˀ,consonant,1,0.00046,0.0,0.0,500,500,,,0,False
lumped,xʷʼ,consonant,1,0.00046,0.0,0.0,500,500,,,0,False
lumped,ɬʼ|ɬʼ,consonant,1,0.00046,0.0,0.0,500,500,,ɬ̪ʼ|ɬʼ,0,False
lumped,χʷʼ,consonant,1,0.00046,0.0,0.0,500,500,,,0,False
lumped,cˀ,consonant,1,0.00046,0.0,0.0,400,400,,,0,False
lumped,Rʲ,consonant,1,0.00046,0.0,0.0,150,150,,,0,False
lumped,ɔ̃ĩ,vowel,2,0.00092,0.0,0.0,145,145,,ɔ̃ĩ,0,False
lumped,oʲ,vowel,1,0.00046,0.0,0.0,125,125,,,0,False
lumped,ãʲ,vowel,1,0.00046,0.0,0.0,125,125,,ãʲ,0,False
lumped,õʲ,vowel,1,0.00046,0.0,0.0,125,125,,õʲ,0,False
lumped,ɨ̃ĩ,vowel,1,0.00046,0.0,0.0,125,125,,ɨ̃ĩ,0,False
lumped,ɵ̰,vowel,1,0.00046,0.0,0.0,103,103,,ɵ̞̰,0,False
lumped,ɨ̰,vowel,2,0.00092,0.0,0.0,94,94,,ɨ̞̰,0,False
lumped,o̜,vowel,2,0.00092,0.0,0.0,93,93,,o̞̜ o̞̜ː,0,False
lumped,ãɛ̃,vowel,1,0.00046,0.0,0.0,93,93,,ãɛ̃,0,False
lumped,ħ̃ʲ,consonant,1,0.00046,0.0,0.0,93,93,,,0,False
lumped,œ̃ɛ̃,vowel,1,0.00046,0.0,0.0,93,93,,,0,False
lumped,ɔ̜̃,vowel,1,0.00046,0.0,0.0,93,93,,ɔ̜̃ː ɔ̟̜̃ː,0,False
lumped,ɔ̜̰,vowel,1,0.00046,0.0,0.0,93,93,,ɔ̟̜̰,0,False
lumped,ɛ̃i,vowel,1,0.00046,0.0,0.0,93,93,,ɛ̃ːi̯,0,False
lumped,ɞ̜,vowel,1,0.00046,0.0,0.0,93,93,,ɞ̜ː,0,False
lumped,ɞ̜̃,vowel,1,0.00046,0.0,0.0,93,93,,ɞ̜̃ː,0,False
lumped,ɞ̜̰,vowel,1,0.00046,0.0,0.0,93,93,,,0,False
lumped,ɟ̥ʝ̥,consonant,1,0.00046,0.0,0.0,93,93,,,0,False
lumped,ʉ̰,vowel,1,0.00046,0.0,0.0,93,93,,,0,False
lumped,øə,vowel,1,0.00046,0.0,0.0,70,70,,,0,False
lumped,ɔʏ,vowel,1,0.00046,0.0,0.0,70,70,,,0,False
lumped,uœ,vowel,1,0.00046,0.0,0.0,50,50,,,0,False
lumped,tɬ̰,consonant,1,0.00046,0.0,0.0,40,40,,,0,False
lumped,ʔr,consonant,1,0.00046,0.0,0.0,30,30,,ʔɾ,0,False
lumped,t̰s̰,consonant,1,0.00046,0.0,0.0,20,20,,,0,False
lumped,sθ,consonant,1,0.00046,0.0,0.0,12,12,θ(1),s̻θ,0,False
lumped,ʡˤ,consonant,1,0.00046,0.0,0.0,11,11,,,0,False
lumped,tʙ,consonant,1,0.00046,0.0,0.0,5,5,,t̪ʙ,0,False
lumped,r̰ˤ,consonant,1,0.00046,0.0,0.0,4,4,ɹ̰ˤ(1),ɹ̰ˤ,0,False
lumped,wʼ,consonant,1,0.00046,0.0,0.0,4,4,,,0,False
lumped,yʼ,vowel,1,0.00046,0.0,0.0,4,4,,,0,False
lumped,ʕʷʼ,consonant,1,0.00046,0.0,0.0,4,4,,,0,False
lumped,ʕʼ,consonant,1,0.00046,0.0,0.0,4,4,,,0,False
lumped,ɫ̥,consonant,1,0.00046,0.0,0.0,2,2,,,0,False
lumped,d̙ˤ,consonant,1,0.00046,0.0,0.03663,0,378792526,,,0,False
lumped,s̙ˤ,consonant,1,0.00046,0.0,0.03663,0,378792526,,,0,False
lumped,t̙ˤ,consonant,1,0.00046,0.0,0.03663,0,378792526,,t̪̙ˤ,0,False
lumped,xʀ̥,consonant,1,0.00046,0.0,0.03663,0,378792526,,,0,False
lumped,ð̙ˤ,consonant,1,0.00046,0.0,0.03663,0,378792526,,ð̪̙ˤ,0,False
lumped,ʊ̜,vowel,1,0.00046,0.0,0.0,0,0,,ʊ̜̈,0,False
lumped,ʕ̙,consonant,1,0.00046,0.0,0.03663,0,378792526,,,0,False
